Orthogroup	collinsella_aerofaciens	collinsella_intestinalis
OG0000000	WP_124786514.1	WP_226803214.1
OG0000000	WP_124786625.1	WP_152063499.1
OG0000000	WP_124786617.1	WP_152063539.1
OG0000000	WP_117773874.1	WP_152062772.1
OG0000000	WP_124785716.1	WP_152063471.1
OG0000000	WP_117773875.1	WP_152062773.1
OG0000000	WP_124786618.1	WP_193221201.1
OG0000000	WP_124786626.1	WP_193221195.1
OG0000000	WP_124786513.1	WP_152063060.1
OG0000001	WP_206428141.1	WP_152062722.1
OG0000001	WP_124786383.1	WP_152062955.1
OG0000001	WP_055252429.1	WP_152063434.1
OG0000001	WP_171021474.1	WP_193221128.1
OG0000001	WP_148315663.1	WP_152063859.1
OG0000001	WP_241154626.1, WP_164473283.1, WP_158558586.1, WP_035137759.1, WP_055250122.1, WP_089573263.1	WP_193221233.1
OG0000001	WP_117584246.1	WP_152062998.1
OG0000002	WP_124786504.1	WP_039910579.1
OG0000002	WP_089572665.1	WP_118271855.1
OG0000002	WP_206428096.1	WP_152063347.1
OG0000002	WP_124785856.1	WP_039910684.1
OG0000002	WP_055250129.1	WP_152063430.1, WP_226803317.1
OG0000002	WP_006236208.1	WP_039910408.1
OG0000003	WP_124786013.1	WP_152063020.1
OG0000005	WP_124786548.1	WP_152063280.1
OG0000005	WP_117773004.1, WP_124785713.1, WP_124785914.1	WP_152062718.1
OG0000006	WP_118066177.1, WP_117563729.1	WP_152062911.1
OG0000006	WP_124785819.1, WP_117776443.1, WP_118258625.1	WP_152062917.1
OG0000007	WP_192924133.1	WP_226803188.1
OG0000008	WP_124786342.1	WP_152062938.1
OG0000008	WP_117840353.1	WP_152062763.1
OG0000008	WP_124785974.1	WP_152062873.1, WP_152063528.1
OG0000011	WP_124786574.1	WP_152062920.1
OG0000011	WP_118345060.1	WP_152063569.1
OG0000011	WP_117563725.1	WP_152062915.1
OG0000012	WP_124785840.1, WP_089573344.1, WP_124786170.1, WP_124786079.1	WP_152063584.1
OG0000013	WP_206428106.1	WP_152063856.1
OG0000013	WP_117776691.1	WP_006722406.1
OG0000013	WP_197032117.1	WP_226803286.1
OG0000015	WP_117634363.1	WP_152062913.1
OG0000016	WP_124786075.1	WP_006722889.1
OG0000017	WP_124786414.1	WP_152063340.1
OG0000020	WP_117840011.1	WP_152063689.1
OG0000020	WP_124785761.1	WP_152062836.1
OG0000022	WP_117647594.1	WP_152062854.1
OG0000022	WP_118335365.1, WP_118335363.1	WP_226803184.1
OG0000023	WP_117756883.1	WP_152063590.1
OG0000025	WP_124785719.1	WP_226803165.1
OG0000026	WP_124785981.1	WP_152062855.1
OG0000026	WP_124785892.1	WP_152063613.1
OG0000027	WP_241154650.1, WP_233504193.1, WP_124786094.1, WP_164473292.1	WP_152063844.1
OG0000028	WP_124786583.1	WP_152063529.1
OG0000028	WP_124786325.1	WP_006722396.1
OG0000029	WP_195363938.1	WP_182281919.1
OG0000029	WP_241154610.1	WP_152062726.1
OG0000030	WP_006235830.1	WP_152063093.1, WP_006723465.1
OG0000031	WP_117803367.1, WP_055252173.1	WP_226803248.1
OG0000031	WP_117637295.1	WP_152063352.1
OG0000032	WP_124785993.1, WP_124786612.1, WP_124786436.1, WP_117645711.1	WP_182282158.1
OG0000033	WP_206428103.1	WP_152063556.1, WP_193221203.1
OG0000034	WP_124786719.1	WP_152063312.1
OG0000035	WP_117774421.1	WP_006722378.1
OG0000036	WP_164473277.1	WP_152063572.1
OG0000036	WP_124786512.1, WP_124785884.1, WP_117839924.1, WP_124786542.1, WP_118334273.1, WP_124786739.1	WP_152063597.1
OG0000037	WP_124785978.1, WP_124786532.1, WP_124785736.1, WP_164473267.1, WP_192934536.1, WP_124786551.1, WP_197032106.1, WP_124786541.1	WP_152063595.1
OG0000039	WP_124786311.1	WP_226803257.1
OG0000039	WP_124786497.1	WP_226803258.1
OG0000041	WP_158558606.1	WP_152063554.1
OG0000041	WP_124786636.1, WP_124786634.1	WP_152063393.1, WP_152063492.1
OG0000042	WP_158548925.1	WP_152062901.1
OG0000043	WP_158558637.1	WP_039910414.1
OG0000043	WP_241154599.1	WP_226803355.1
OG0000045	WP_124785789.1	WP_152063517.1
OG0000045	WP_006235156.1	WP_006723319.1
OG0000046	WP_241154625.1	WP_152063516.1
OG0000046	WP_006235157.1	WP_152063542.1
OG0000047	WP_117564161.1, WP_117800336.1, WP_158558612.1, WP_117862215.1, WP_055251192.1, WP_233543592.1	WP_226803325.1
OG0000048	WP_089571587.1	WP_152063295.1
OG0000048	WP_124786073.1	WP_006722295.1
OG0000049	WP_117772918.1, WP_089572404.1	WP_006723253.1
OG0000049	WP_117647588.1	WP_152063568.1
OG0000050	WP_124786035.1, WP_124786006.1, WP_089572633.1	WP_152062760.1
OG0000051	WP_089573604.1	WP_226803173.1
OG0000052	WP_117634305.1	WP_039910689.1
OG0000055	WP_124785857.1	WP_226803318.1, WP_226803255.1, WP_152063346.1, WP_226803359.1
OG0000056	WP_124785863.1	WP_152063798.1
OG0000056	WP_241154627.1	WP_152063799.1
OG0000057	WP_124785865.1	WP_193221204.1
OG0000058	WP_124785889.1	WP_152063747.1
OG0000059	WP_124786526.1	WP_152063574.1
OG0000059	WP_124785984.1	WP_226803351.1, WP_152063578.1
OG0000060	WP_124786004.1	WP_152062872.1
OG0000060	WP_158565399.1	WP_152062874.1
OG0000061	WP_124786119.1	WP_152063204.1, WP_152063021.1, WP_152063215.1
OG0000062	WP_124786185.1	WP_152063223.1, WP_152063220.1, WP_152063222.1
OG0000063	WP_124786345.1	WP_226803192.1
OG0000064	WP_206428088.1, WP_124786420.1	WP_152063587.1
OG0000065	WP_124786438.1	WP_118272173.1
OG0000066	WP_124786492.1	WP_226803206.1
OG0000067	WP_124786599.1	WP_152062785.1
OG0000068	WP_197032151.1	WP_152062801.1
OG0000069	WP_206428115.1	WP_226803186.1
OG0000073	WP_117773008.1	WP_006722296.1
OG0000073	WP_006234250.1	WP_152063294.1
OG0000074	WP_117839926.1, WP_124786637.1, WP_006235309.1	WP_152063802.1
OG0000075	WP_006236100.1	WP_006722708.1
OG0000076	WP_022094220.1, WP_117774312.1, WP_124786031.1, WP_117774287.1	WP_226803314.1
OG0000077	WP_241154594.1, WP_035136916.1	WP_152063681.1
OG0000078	WP_022094895.1	WP_006723121.1
OG0000079	WP_055250011.1	WP_193221165.1
OG0000080	WP_055252669.1, WP_089573098.1	WP_118272283.1
OG0000081	WP_117629024.1	WP_193221146.1
OG0000082	WP_089573612.1	WP_006723629.1
OG0000083	WP_192934535.1, WP_124786638.1, WP_117634793.1	WP_152063803.1
OG0000085	WP_117772868.1, WP_124786543.1, WP_124786540.1, WP_124786531.1	WP_152063596.1
OG0000086	WP_117773363.1	WP_152062876.1
OG0000086	WP_124786386.1, WP_124786415.1	WP_226803252.1
OG0000087	WP_117773369.1	WP_193221135.1
OG0000089	WP_117774296.1	WP_152063723.1
OG0000090	WP_117776113.1	WP_118272307.1
OG0000091	WP_117840248.1	WP_226803363.1
OG0000092	WP_124785781.1	WP_152063512.1
OG0000093	WP_124785912.1, WP_124786228.1	WP_193221156.1
OG0000094	WP_124786418.1	WP_193221225.1
OG0000094	WP_124785940.1	WP_193221211.1
OG0000095	WP_124786099.1, WP_124785986.1, WP_124786356.1	WP_152062965.1
OG0000096	WP_124786105.1, WP_124786104.1	WP_193221153.1
OG0000096	WP_124786117.1	WP_152063017.1
OG0000097	WP_124786120.1	WP_226803224.1, WP_152063022.1
OG0000098	WP_124786184.1	WP_193221168.1
OG0000098	WP_124786624.1	WP_152062700.1
OG0000099	WP_124786229.1	WP_006722714.1
OG0000100	WP_124786261.1, WP_124786706.1	WP_152063209.1
OG0000102	WP_124786473.1	WP_118271881.1
OG0000103	WP_241154656.1	WP_118272368.1
OG0000103	WP_124786506.1	WP_152063760.1
OG0000104	WP_124786639.1	WP_152063804.1
OG0000105	WP_241154648.1	WP_226803280.1
OG0000106	WP_241154653.1, WP_241154576.1	WP_226803226.1
OG0000111	WP_006234279.1	WP_039910204.1
OG0000112	WP_006234305.1, WP_124786335.1	WP_152063363.1
OG0000113	WP_006235166.1	WP_006723372.1
OG0000114	WP_006235216.1	WP_226803175.1, WP_039910702.1
OG0000115	WP_006235398.1, WP_055250894.1	WP_152062934.1
OG0000117	WP_035136926.1	WP_006723205.1
OG0000118	WP_055250138.1	WP_152063475.1, WP_152063152.1
OG0000119	WP_055250439.1	WP_006722778.1
OG0000119	WP_124786214.1	WP_152062964.1
OG0000120	WP_055251520.1, WP_164473279.1	WP_152062823.1
OG0000121	WP_099432234.1	WP_152063573.1
OG0000122	WP_114551454.1	WP_152063140.1
OG0000122	WP_117734324.1	WP_152062986.1, WP_152063335.1
OG0000123	WP_117563706.1	WP_152063814.1
OG0000124	WP_117563816.1	WP_118102418.1
OG0000125	WP_117773016.1, WP_117583755.1	WP_193221144.1, WP_182282004.1
OG0000126	WP_117634693.1	WP_006723455.1
OG0000128	WP_117640103.1, WP_124785831.1	WP_152063671.1
OG0000129	WP_124786312.1	WP_152063324.1
OG0000130	WP_117646636.1	WP_152062738.1
OG0000131	WP_117773385.1, WP_124786147.1	WP_152063264.1
OG0000132	WP_117773483.1	WP_152063690.1
OG0000133	WP_117773504.1	WP_152063158.1
OG0000134	WP_117774253.1	WP_152062710.1
OG0000135	WP_117840105.1, WP_241154660.1, WP_241154604.1, WP_117778979.1	WP_152063602.1
OG0000136	WP_117806836.1	WP_152062819.1
OG0000137	WP_124786276.1, WP_117820254.1	WP_152063244.1
OG0000138	WP_124786359.1, WP_117840168.1	WP_152063733.1
OG0000139	WP_117840247.1	WP_152063851.1
OG0000140	WP_118226807.1	WP_152063337.1, WP_152063367.1, WP_152063660.1, WP_152063321.1
OG0000141	WP_124785842.1	WP_006723721.1
OG0000141	WP_118328585.1	WP_006722307.1, WP_152063392.1
OG0000142	WP_118334449.1	WP_152063019.1
OG0000144	WP_124785763.1	WP_152062741.1
OG0000145	WP_124785766.1, WP_124786467.1	WP_152063502.1
OG0000146	WP_124785817.1	WP_152063555.1
OG0000149	WP_124786025.1, WP_124786008.1	WP_226803180.1, WP_152063682.1
OG0000150	WP_124786072.1	WP_152063551.1, WP_152063353.1
OG0000151	WP_124786164.1	WP_118271163.1
OG0000152	WP_124786215.1	WP_152062963.1
OG0000153	WP_124786235.1	WP_006722725.1
OG0000154	WP_124786307.1	WP_152063289.1
OG0000155	WP_124786334.1	WP_152063362.1
OG0000156	WP_124786391.1	WP_152062716.1
OG0000157	WP_124786464.1	WP_152063329.1
OG0000159	WP_124786525.1	WP_152063575.1
OG0000160	WP_124786533.1, WP_124786539.1	WP_152063598.1
OG0000161	WP_124786598.1	WP_152062733.1
OG0000162	WP_124786604.1	WP_152062777.1
OG0000163	WP_124786623.1	WP_152062698.1
OG0000164	WP_124786631.1	WP_152063494.1
OG0000165	WP_124786687.1	WP_152063206.1, WP_152062856.1
OG0000166	WP_124786700.1	WP_152063216.1, WP_152063018.1
OG0000167	WP_164473273.1	WP_152063806.1
OG0000168	WP_164473275.1	WP_226803310.1
OG0000169	WP_164473320.1	WP_152063327.1, WP_152062896.1
OG0000170	WP_164473324.1	WP_152063317.1
OG0000171	WP_164473349.1	WP_193221150.1
OG0000172	WP_172674638.1	WP_193221177.1
OG0000180	WP_006233982.1	WP_118103422.1
OG0000181	WP_006233983.1	WP_006722505.1
OG0000182	WP_006234038.1	WP_006722460.1
OG0000183	WP_006234042.1	WP_152063269.1
OG0000184	WP_006234242.1	WP_006722411.1
OG0000185	WP_006234269.1	WP_006722386.1
OG0000186	WP_006234311.1	WP_039910177.1
OG0000187	WP_006234422.1	WP_006723875.1
OG0000188	WP_006234690.1	WP_118102598.1
OG0000189	WP_006234774.1	WP_118102501.1
OG0000190	WP_006234957.1	WP_152063686.1
OG0000191	WP_006234960.1	WP_006723120.1
OG0000192	WP_006234984.1	WP_006723105.1
OG0000193	WP_006235012.1	WP_039910333.1
OG0000194	WP_006235013.1	WP_006723068.1
OG0000195	WP_006235032.1	WP_006723051.1
OG0000196	WP_006235033.1	WP_006723050.1
OG0000197	WP_006235035.1	WP_006723048.1
OG0000198	WP_006235036.1	WP_152062869.1
OG0000199	WP_006235037.1	WP_152062870.1
OG0000200	WP_006235039.1	WP_006723045.1
OG0000201	WP_006235040.1	WP_006723044.1
OG0000202	WP_006235041.1	WP_006720295.1
OG0000203	WP_006235043.1	WP_006723043.1
OG0000204	WP_006235069.1	WP_193221126.1
OG0000205	WP_006235124.1	WP_152063558.1
OG0000206	WP_006235152.1	WP_006723314.1
OG0000207	WP_006235174.1	WP_006723383.1
OG0000208	WP_006235180.1	WP_006723393.1
OG0000209	WP_006235262.1	WP_006723038.1
OG0000210	WP_006235263.1	WP_006723037.1
OG0000211	WP_006235264.1	WP_006723036.1
OG0000212	WP_006235266.1	WP_006723034.1
OG0000213	WP_006235267.1	WP_006723033.1
OG0000214	WP_006235270.1	WP_118102730.1
OG0000215	WP_006235274.1	WP_006723026.1
OG0000216	WP_006235275.1	WP_006723025.1
OG0000217	WP_006235276.1	WP_118271669.1
OG0000218	WP_006235277.1	WP_118102736.1
OG0000219	WP_006235280.1	WP_039910324.1
OG0000220	WP_006235303.1	WP_006723011.1
OG0000221	WP_006235414.1	WP_152063661.1
OG0000222	WP_006235561.1	WP_152063004.1
OG0000223	WP_006235606.1	WP_039910715.1
OG0000224	WP_006235712.1	WP_118272239.1
OG0000225	WP_006235713.1	WP_006723596.1
OG0000226	WP_006235716.1	WP_006723598.1
OG0000227	WP_006235717.1	WP_006723599.1
OG0000228	WP_006235731.1	WP_039910709.1
OG0000229	WP_006235810.1	WP_152062757.1
OG0000230	WP_006235829.1	WP_006723464.1
OG0000231	WP_006235831.1	WP_118102345.1
OG0000232	WP_006235976.1	WP_006722649.1
OG0000233	WP_006235982.1	WP_118103255.1
OG0000234	WP_006236061.1	WP_006722612.1
OG0000235	WP_006236075.1	WP_006722622.1
OG0000236	WP_006236098.1	WP_006721252.1
OG0000237	WP_006236109.1	WP_039910265.1
OG0000238	WP_006236112.1	WP_118103185.1
OG0000239	WP_006236123.1	WP_006722469.1
OG0000240	WP_006236130.1	WP_039910222.1
OG0000241	WP_006236191.1	WP_152063450.1
OG0000242	WP_006363204.1	WP_006363204.1
OG0000243	WP_019127408.1	WP_039910401.1
OG0000244	WP_022093781.1	WP_039910259.1
OG0000245	WP_022093797.1	WP_193221193.1
OG0000246	WP_022093800.1	WP_006723484.1
OG0000247	WP_022093802.1	WP_152063452.1
OG0000248	WP_022093892.1	WP_006723103.1
OG0000249	WP_022094017.1	WP_039910269.1
OG0000250	WP_022094123.1	WP_006720998.1
OG0000251	WP_022094183.1	WP_006723067.1
OG0000252	WP_022094184.1	WP_039910332.1
OG0000253	WP_022094262.1	WP_118272240.1
OG0000254	WP_022094263.1	WP_152062782.1
OG0000255	WP_022094275.1	WP_006723027.1
OG0000256	WP_022094280.1	WP_039910329.1
OG0000257	WP_022094351.1	WP_006723971.1
OG0000258	WP_124785821.1, WP_022094440.1, WP_226814256.1, WP_124785810.1	WP_226803190.1
OG0000259	WP_022094448.1	WP_152062852.1
OG0000260	WP_022094482.1	WP_152063308.1
OG0000261	WP_022094514.1	WP_152063544.1
OG0000262	WP_022094615.1	WP_152063785.1
OG0000263	WP_022094634.1	WP_006723148.1
OG0000264	WP_022094635.1	WP_152063670.1
OG0000265	WP_022094721.1	WP_193221188.1
OG0000266	WP_022094725.1	WP_006721280.1
OG0000267	WP_022094736.1	WP_152063078.1
OG0000268	WP_022094749.1	WP_006722631.1
OG0000269	WP_022094821.1	WP_152063003.1
OG0000270	WP_022094855.1	WP_039910428.1
OG0000271	WP_022094864.1	WP_152062799.1
OG0000272	WP_022094876.1	WP_152062807.1
OG0000273	WP_022094878.1	WP_152062809.1
OG0000274	WP_022094882.1	WP_152062813.1
OG0000275	WP_022094898.1	WP_152063683.1
OG0000276	WP_022095139.1	WP_152063379.1
OG0000277	WP_022095149.1	WP_152063604.1
OG0000278	WP_022095182.1	WP_006722436.1
OG0000279	WP_022095232.1	WP_006722287.1
OG0000280	WP_035136481.1	WP_193221129.1
OG0000281	WP_035136732.1	WP_152063505.1
OG0000282	WP_035136929.1	WP_152063622.1
OG0000283	WP_035137351.1	WP_118103763.1
OG0000284	WP_035137437.1	WP_006723016.1
OG0000285	WP_035137443.1	WP_039910571.1
OG0000286	WP_035137685.1	WP_006723981.1
OG0000287	WP_035138144.1	WP_152063068.1
OG0000288	WP_035138185.1	WP_006722499.1
OG0000289	WP_035138200.1	WP_152063242.1
OG0000290	WP_035138510.1	WP_006721138.1
OG0000291	WP_035138532.1	WP_039910223.1
OG0000292	WP_035138537.1	WP_118271280.1
OG0000293	WP_035138585.1	WP_039910251.1
OG0000294	WP_035138721.1	WP_006723843.1
OG0000295	WP_035138893.1	WP_152062806.1
OG0000296	WP_040358176.1	WP_006722724.1
OG0000297	WP_040359532.1	WP_118104086.1
OG0000298	WP_040359862.1	WP_039910258.1
OG0000299	WP_040359955.1	WP_006722701.1
OG0000300	WP_055249986.1	WP_152063185.1
OG0000301	WP_055250008.1	WP_152063173.1
OG0000302	WP_055250135.1	WP_152063154.1
OG0000303	WP_055250137.1	WP_152063153.1
OG0000304	WP_055250140.1	WP_152063151.1
OG0000305	WP_055250142.1	WP_039910262.1
OG0000306	WP_055250144.1	WP_193221163.1
OG0000307	WP_055250258.1	WP_118102682.1
OG0000308	WP_055250391.1	WP_152063039.1, WP_152063036.1
OG0000309	WP_055250542.1	WP_226803360.1
OG0000310	WP_055250876.1	WP_118271400.1
OG0000311	WP_055250934.1	WP_152063381.1
OG0000312	WP_055250947.1	WP_006722211.1
OG0000313	WP_055250987.1	WP_118271744.1
OG0000314	WP_055251013.1	WP_006723144.1
OG0000315	WP_055251253.1	WP_152063563.1
OG0000316	WP_055251674.1	WP_152063299.1
OG0000317	WP_055251691.1	WP_006722409.1
OG0000318	WP_055251725.1	WP_211203994.1
OG0000319	WP_055251823.1	WP_039910419.1
OG0000320	WP_055252065.1	WP_152063400.1
OG0000321	WP_055252067.1	WP_039910316.1
OG0000322	WP_055252068.1	WP_152062890.1
OG0000323	WP_055252160.1	WP_152062707.1
OG0000324	WP_055252194.1	WP_006723764.1
OG0000325	WP_055252236.1	WP_006723035.1
OG0000326	WP_055252447.1	WP_152063761.1
OG0000327	WP_055252487.1	WP_152062776.1
OG0000328	WP_055252564.1	WP_152063342.1
OG0000329	WP_055252569.1	WP_226803157.1
OG0000331	WP_055285343.1	WP_152063518.1
OG0000332	WP_055285525.1	WP_193221226.1
OG0000333	WP_055286388.1	WP_006722465.1
OG0000334	WP_055309418.1	WP_006723110.1
OG0000335	WP_082421874.1	WP_006723811.1
OG0000336	WP_082421942.1	WP_118272202.1
OG0000337	WP_082435590.1	WP_152063745.1
OG0000338	WP_089571579.1	WP_152063305.1
OG0000339	WP_089571585.1	WP_152063298.1
OG0000340	WP_089571912.1	WP_152063145.1
OG0000341	WP_089572163.1	WP_006722223.1
OG0000342	WP_089572175.1	WP_152063388.1
OG0000343	WP_124785814.1, WP_117647586.1, WP_089572477.1, WP_117564943.1	WP_118272399.1
OG0000344	WP_089572481.1	WP_006723052.1
OG0000345	WP_089572520.1	WP_006723109.1
OG0000346	WP_089572532.1	WP_006723124.1
OG0000347	WP_089572584.1	WP_006723463.1
OG0000348	WP_089572694.1	WP_152063857.1
OG0000349	WP_089573257.1	WP_152063508.1
OG0000350	WP_089573296.1	WP_006723876.1
OG0000351	WP_089573364.1	WP_006722668.1
OG0000352	WP_089573561.1	WP_006723032.1
OG0000353	WP_089573609.1	WP_006723619.1
OG0000354	WP_089573611.1	WP_226803172.1
OG0000355	WP_089573615.1	WP_006723630.1
OG0000356	WP_089573670.1	WP_152062734.1
OG0000357	WP_089573671.1	WP_152062735.1
OG0000358	WP_089573672.1	WP_152062736.1
OG0000359	WP_089573682.1	WP_006723561.1
OG0000360	WP_099431435.1	WP_152062811.1
OG0000361	WP_099431436.1	WP_006723640.1
OG0000362	WP_099431635.1	WP_226803238.1
OG0000363	WP_099431674.1	WP_152063246.1
OG0000364	WP_099431806.1	WP_006722476.1
OG0000365	WP_099432018.1	WP_152062881.1
OG0000366	WP_099432166.1	WP_006723743.1
OG0000367	WP_099432471.1	WP_152062708.1
OG0000368	WP_117563514.1	WP_152063734.1
OG0000369	WP_117563534.1	WP_118102479.1
OG0000370	WP_117563814.1	WP_152063527.1
OG0000371	WP_117563856.1	WP_006723739.1
OG0000372	WP_117563965.1	WP_226803201.1
OG0000373	WP_117564038.1	WP_152063477.1
OG0000374	WP_117564039.1	WP_152063478.1
OG0000375	WP_117564242.1	WP_152063187.1
OG0000376	WP_117564265.1	WP_152063137.1
OG0000377	WP_117564389.1	WP_152063364.1
OG0000378	WP_117564743.1	WP_006723977.1
OG0000379	WP_117564871.1	WP_152062812.1
OG0000380	WP_117564881.1	WP_152062798.1
OG0000381	WP_117564883.1	WP_152062795.1
OG0000382	WP_117564915.1	WP_152062841.1
OG0000383	WP_117564942.1	WP_152062921.1, WP_226803323.1, WP_226803324.1, WP_118272398.1
OG0000384	WP_117583361.1	WP_006723207.1
OG0000385	WP_117583490.1	WP_152063048.1
OG0000386	WP_117583507.1	WP_118271253.1
OG0000387	WP_117583571.1	WP_152063787.1
OG0000388	WP_117583579.1	WP_152062702.1
OG0000389	WP_117583590.1	WP_006723768.1
OG0000390	WP_117772878.1, WP_117583629.1	WP_152062701.1
OG0000391	WP_117583748.1	WP_152062984.1
OG0000392	WP_117583750.1	WP_152062982.1
OG0000393	WP_117583949.1	WP_226803185.1
OG0000394	WP_117584002.1	WP_152063370.1
OG0000395	WP_117584170.1	WP_152063543.1
OG0000396	WP_117584196.1	WP_193221196.1
OG0000397	WP_117628983.1	WP_152062713.1
OG0000398	WP_117628993.1	WP_193221229.1
OG0000399	WP_117629769.1	WP_006723622.1
OG0000400	WP_117629799.1	WP_152063482.1
OG0000401	WP_117634311.1	WP_152063818.1
OG0000402	WP_117635931.1	WP_039910423.1
OG0000403	WP_117635941.1	WP_152062800.1
OG0000404	WP_117636008.1	WP_152063301.1
OG0000405	WP_117637654.1	WP_039910734.1
OG0000406	WP_117638060.1	WP_006723000.1
OG0000407	WP_117639738.1	WP_152063614.1
OG0000408	WP_117639888.1	WP_152063233.1
OG0000409	WP_117640571.1	WP_152063838.1, WP_152063837.1, WP_193221231.1
OG0000411	WP_117646163.1	WP_152062761.1
OG0000412	WP_117646379.1	WP_152063186.1
OG0000413	WP_117647214.1	WP_152063304.1
OG0000414	WP_117647216.1	WP_152063303.1
OG0000415	WP_117647217.1	WP_152063302.1
OG0000416	WP_117647346.1	WP_226803250.1
OG0000417	WP_117647466.1	WP_226803362.1
OG0000418	WP_117647468.1	WP_226803347.1
OG0000419	WP_117654800.1	WP_152063168.1
OG0000420	WP_117654802.1	WP_152063234.1
OG0000421	WP_117655047.1	WP_039910339.1
OG0000422	WP_117655131.1	WP_152062932.1
OG0000423	WP_117655181.1	WP_152063728.1
OG0000424	WP_117655644.1	WP_152062797.1
OG0000425	WP_117655648.1	WP_152062805.1
OG0000426	WP_117735979.1	WP_152062882.1
OG0000427	WP_117736274.1	WP_006722450.1
OG0000428	WP_117736309.1	WP_152063243.1
OG0000429	WP_117742779.1	WP_006722684.1
OG0000431	WP_117745946.1	WP_152063181.1
OG0000432	WP_117756859.1	WP_152063830.1
OG0000433	WP_117757788.1	WP_152063380.1
OG0000435	WP_117758331.1	WP_152063001.1
OG0000436	WP_117758513.1	WP_152063165.1
OG0000437	WP_117758534.1	WP_152063136.1
OG0000438	WP_117758558.1	WP_152062949.1
OG0000439	WP_117759589.1	WP_006723709.1
OG0000440	WP_117759599.1	WP_152062711.1
OG0000441	WP_117766417.1	WP_152062839.1
OG0000442	WP_117766657.1	WP_152063076.1
OG0000443	WP_117769723.1	WP_152063446.1
OG0000444	WP_117770263.1	WP_152062833.1
OG0000445	WP_117770264.1	WP_039910700.1
OG0000446	WP_117772872.1	WP_006723288.1
OG0000447	WP_117772874.1	WP_152063796.1
OG0000448	WP_117772884.1	WP_152063792.1
OG0000449	WP_117772886.1	WP_152063791.1
OG0000450	WP_117772888.1	WP_152063790.1
OG0000451	WP_117772902.1	WP_006723255.1
OG0000451	WP_233543591.1	WP_118272036.1
OG0000452	WP_117772908.1	WP_152063593.1
OG0000453	WP_117772965.1	WP_152063005.1
OG0000454	WP_117773345.1	WP_152062886.1, WP_152062880.1
OG0000455	WP_117773347.1	WP_152062879.1
OG0000456	WP_117773349.1	WP_152062878.1
OG0000457	WP_117773373.1	WP_226803179.1
OG0000458	WP_117773474.1	WP_152063695.1
OG0000459	WP_117773477.1	WP_152063693.1
OG0000460	WP_117773482.1	WP_006723113.1
OG0000461	WP_117773502.1	WP_193221164.1
OG0000462	WP_117773507.1	WP_152063159.1
OG0000463	WP_117773508.1	WP_152063160.1
OG0000464	WP_117773509.1	WP_152063161.1
OG0000465	WP_117773510.1	WP_006722652.1
OG0000466	WP_117773511.1	WP_006722651.1
OG0000467	WP_117773512.1	WP_152063162.1
OG0000468	WP_117773515.1	WP_152063166.1
OG0000469	WP_117773517.1	WP_152063198.1
OG0000470	WP_117773519.1	WP_152063235.1
OG0000471	WP_117773744.1, WP_124786030.1	WP_193221197.1
OG0000472	WP_117773847.1	WP_152063253.1
OG0000473	WP_117773849.1	WP_152063255.1
OG0000474	WP_117773877.1	WP_152063473.1
OG0000476	WP_117774224.1	WP_152063447.1
OG0000477	WP_117774255.1	WP_152063524.1
OG0000478	WP_117774294.1	WP_152063724.1
OG0000479	WP_117774295.1	WP_226803345.1
OG0000480	WP_117774350.1	WP_152063713.1
OG0000481	WP_117774375.1	WP_006723122.1
OG0000482	WP_117774377.1	WP_226803342.1
OG0000483	WP_117774379.1	WP_152062732.1
OG0000484	WP_117776110.1	WP_152062814.1
OG0000485	WP_117776111.1	WP_152062815.1
OG0000486	WP_117776228.1	WP_152063240.1
OG0000487	WP_117776261.1	WP_152063150.1
OG0000488	WP_117776407.1	WP_006723794.1
OG0000489	WP_117776573.1	WP_006723600.1
OG0000490	WP_117776583.1	WP_152062759.1
OG0000491	WP_117778978.1	WP_152062935.1
OG0000492	WP_117779341.1	WP_152063355.1
OG0000494	WP_117779374.1	WP_152062699.1
OG0000495	WP_117786324.1	WP_152062945.1
OG0000496	WP_117786522.1	WP_152063008.1
OG0000497	WP_117790368.1	WP_006722492.1
OG0000498	WP_117798188.1	WP_039910217.1
OG0000499	WP_117799806.1	WP_152063843.1
OG0000500	WP_117800340.1	WP_152062793.1
OG0000501	WP_117800446.1	WP_039910310.1
OG0000502	WP_117800809.1	WP_152063504.1
OG0000503	WP_117803619.1	WP_152063812.1
OG0000504	WP_117806506.1	WP_152062941.1
OG0000505	WP_117817160.1	WP_152062887.1
OG0000506	WP_117817796.1	WP_118103710.1
OG0000507	WP_117820562.1	WP_152063172.1
OG0000508	WP_117839678.1	WP_006723013.1
OG0000509	WP_124786603.1, WP_241154585.1, WP_117839927.1	WP_118272243.1
OG0000510	WP_117839940.1	WP_152062697.1
OG0000512	WP_117839958.1	WP_006723782.1
OG0000513	WP_117840013.1	WP_152063687.1
OG0000514	WP_117840019.1	WP_152063768.1
OG0000515	WP_117840158.1	WP_152062863.1
OG0000517	WP_117840306.1	WP_152063192.1
OG0000518	WP_117840346.1	WP_152062766.1
OG0000519	WP_117840348.1	WP_152062765.1
OG0000520	WP_117840453.1	WP_152062737.1
OG0000521	WP_117843120.1	WP_152063831.1
OG0000522	WP_118079381.1	WP_006723049.1
OG0000523	WP_118081984.1	WP_152063525.1
OG0000524	WP_118094275.1	WP_152063194.1
OG0000525	WP_118225837.1	WP_152063247.1
OG0000526	WP_124786116.1, WP_118256809.1, WP_124786584.1	WP_226803320.1
OG0000527	WP_118377125.1	WP_226803276.1
OG0000528	WP_118387804.1	WP_152063065.1
OG0000529	WP_118935108.1	WP_118271424.1
OG0000530	WP_124785704.1	WP_006723493.1
OG0000531	WP_124785706.1	WP_152063444.1
OG0000532	WP_124785708.1	WP_152062749.1
OG0000534	WP_124785714.1	WP_152063468.1
OG0000535	WP_124785715.1	WP_152063469.1
OG0000536	WP_124785721.1	WP_152063479.1
OG0000537	WP_124785723.1	WP_152063481.1
OG0000538	WP_124785751.1	WP_152062696.1
OG0000539	WP_124785752.1	WP_152062695.1
OG0000540	WP_124785755.1	WP_152062694.1
OG0000541	WP_124785758.1	WP_152062834.1
OG0000542	WP_124785768.1	WP_152063503.1
OG0000543	WP_124785783.1	WP_152063514.1
OG0000544	WP_124785791.1	WP_152062731.1
OG0000545	WP_124785793.1	WP_152063540.1
OG0000546	WP_124785795.1	WP_152063541.1
OG0000547	WP_124785797.1	WP_152063545.1
OG0000548	WP_124785799.1	WP_152062950.1
OG0000549	WP_124785801.1	WP_006723310.1
OG0000550	WP_124785803.1	WP_152063549.1
OG0000551	WP_124785808.1	WP_226803326.1
OG0000552	WP_124785823.1	WP_152063577.1
OG0000553	WP_124785825.1	WP_152063579.1
OG0000554	WP_124785832.1	WP_152063582.1
OG0000555	WP_124785844.1	WP_152063810.1
OG0000556	WP_124785846.1	WP_118271848.1
OG0000557	WP_124785847.1	WP_152063809.1
OG0000558	WP_124785849.1	WP_152063808.1
OG0000559	WP_124785851.1	WP_006723866.1
OG0000560	WP_124785853.1	WP_152062721.1
OG0000561	WP_124785860.1	WP_152063800.1
OG0000562	WP_124785870.1	WP_152063607.1
OG0000563	WP_124785882.1	WP_152063609.1
OG0000564	WP_124785894.1	WP_152063489.1
OG0000565	WP_124785902.1	WP_152063615.1
OG0000566	WP_124785906.1	WP_152063616.1
OG0000567	WP_124785908.1	WP_193221213.1
OG0000568	WP_124785926.1	WP_152063667.1
OG0000569	WP_124785928.1	WP_152063668.1
OG0000571	WP_158549076.1	WP_193221198.1
OG0000571	WP_124785942.1	WP_152063672.1
OG0000572	WP_124785946.1	WP_152063674.1
OG0000573	WP_124785951.1	WP_152063675.1
OG0000574	WP_124785962.1	WP_152063652.1
OG0000575	WP_124785967.1	WP_152063621.1
OG0000576	WP_124785976.1	WP_152063691.1
OG0000577	WP_124785977.1	WP_152063692.1
OG0000578	WP_124785982.1	WP_226803337.1
OG0000579	WP_124785987.1	WP_006723075.1
OG0000582	WP_124786012.1	WP_006723031.1
OG0000583	WP_124786014.1	WP_152062877.1
OG0000584	WP_124786017.1	WP_118272059.1
OG0000585	WP_124786019.1	WP_118102768.1
OG0000586	WP_124786027.1	WP_152062905.1
OG0000587	WP_124786029.1	WP_152062907.1
OG0000588	WP_158548887.1, WP_241154617.1, WP_124786032.1	WP_152063521.1
OG0000589	WP_124786046.1	WP_152063390.1
OG0000590	WP_124786047.1	WP_152063389.1
OG0000591	WP_124786048.1	WP_226803270.1
OG0000592	WP_124786049.1	WP_152063385.1
OG0000593	WP_124786061.1	WP_152063378.1
OG0000594	WP_124786062.1	WP_152063376.1
OG0000595	WP_124786066.1	WP_152063373.1
OG0000596	WP_124786067.1	WP_152063371.1
OG0000597	WP_124786074.1	WP_152063350.1
OG0000598	WP_124786080.1	WP_152062902.1
OG0000599	WP_124786090.1	WP_152063313.1
OG0000600	WP_124786091.1, WP_241154580.1	WP_118271333.1
OG0000601	WP_124786092.1	WP_152062980.1
OG0000602	WP_124786097.1	WP_118271544.1
OG0000603	WP_124786101.1	WP_152063002.1
OG0000605	WP_124786114.1	WP_152063010.1
OG0000606	WP_124786123.1	WP_152063197.1
OG0000607	WP_124786126.1	WP_152063195.1
OG0000608	WP_124786127.1	WP_152063193.1
OG0000609	WP_124786129.1	WP_152063189.1
OG0000610	WP_124786130.1	WP_152063184.1
OG0000611	WP_124786131.1	WP_152063183.1
OG0000612	WP_124786132.1	WP_152063182.1
OG0000613	WP_124786135.1	WP_152063177.1
OG0000614	WP_124786136.1	WP_152063175.1
OG0000615	WP_124786138.1	WP_152063171.1
OG0000616	WP_124786139.1	WP_152063170.1
OG0000617	WP_124786140.1	WP_193221187.1
OG0000618	WP_124786141.1	WP_152063073.1
OG0000619	WP_124786142.1	WP_152063074.1
OG0000620	WP_124786144.1	WP_226803220.1
OG0000621	WP_124786145.1	WP_152063139.1
OG0000622	WP_124786148.1	WP_152063261.1
OG0000623	WP_124786149.1	WP_152063260.1
OG0000624	WP_124786150.1	WP_226803236.1
OG0000625	WP_124786151.1	WP_152063258.1
OG0000626	WP_124786152.1	WP_152063257.1
OG0000627	WP_124786153.1	WP_193221171.1
OG0000628	WP_124786154.1	WP_226803230.1
OG0000629	WP_124786155.1	WP_152063237.1
OG0000630	WP_124786156.1	WP_152063236.1
OG0000631	WP_124786157.1	WP_152063231.1
OG0000632	WP_124786158.1	WP_152063164.1
OG0000633	WP_124786161.1	WP_226803222.1
OG0000634	WP_124786165.1	WP_152063148.1
OG0000635	WP_124786166.1	WP_152063147.1
OG0000636	WP_124786168.1	WP_152063144.1
OG0000637	WP_124786169.1	WP_152063143.1
OG0000638	WP_124786196.1	WP_193221155.1
OG0000639	WP_124786197.1	WP_152063049.1
OG0000640	WP_124786199.1	WP_152063044.1
OG0000641	WP_124786200.1	WP_006722760.1
OG0000642	WP_124786201.1	WP_152063043.1
OG0000643	WP_124786213.1	WP_226803210.1
OG0000644	WP_124786216.1	WP_152063241.1
OG0000645	WP_124786217.1	WP_006722507.1
OG0000646	WP_124786218.1	WP_006722502.1
OG0000647	WP_124786220.1	WP_118271260.1
OG0000648	WP_124786222.1	WP_006722489.1
OG0000649	WP_124786232.1	WP_152063067.1
OG0000650	WP_124786233.1	WP_152063066.1
OG0000651	WP_124786234.1	WP_006722723.1
OG0000652	WP_124786236.1	WP_152063064.1
OG0000653	WP_124786237.1	WP_152063063.1
OG0000654	WP_124786238.1	WP_152063062.1
OG0000655	WP_124786239.1	WP_152063266.1
OG0000656	WP_124786240.1	WP_152063268.1
OG0000657	WP_124786241.1	WP_118271286.1
OG0000658	WP_124786242.1	WP_118103499.1
OG0000659	WP_124786243.1	WP_152063270.1
OG0000660	WP_124786277.1	WP_152063276.1
OG0000661	WP_124786278.1	WP_152063278.1
OG0000662	WP_124786282.1	WP_006722433.1
OG0000663	WP_124786287.1	WP_226803242.1
OG0000664	WP_124786297.1	WP_152063560.1
OG0000665	WP_124786305.1	WP_226803246.1
OG0000666	WP_124786314.1	WP_152063357.1
OG0000667	WP_124786315.1	WP_152063358.1
OG0000668	WP_124786316.1	WP_152063360.1
OG0000669	WP_124786321.1	WP_152063291.1
OG0000670	WP_124786322.1	WP_152063292.1
OG0000671	WP_124786324.1	WP_152063293.1
OG0000672	WP_124786326.1	WP_152063306.1
OG0000673	WP_124786327.1	WP_006722384.1
OG0000674	WP_124786331.1	WP_152062973.1
OG0000675	WP_124786333.1	WP_152063361.1
OG0000676	WP_124786337.1	WP_152063366.1
OG0000677	WP_124786338.1	WP_152062940.1
OG0000678	WP_124786341.1	WP_152062939.1
OG0000679	WP_124786343.1	WP_152062937.1
OG0000680	WP_124786347.1	WP_152063738.1
OG0000681	WP_124786354.1	WP_152062966.1
OG0000682	WP_124786361.1	WP_152062929.1
OG0000683	WP_124786371.1	WP_152062927.1
OG0000684	WP_124786373.1	WP_152062926.1
OG0000685	WP_124786374.1	WP_152063409.1
OG0000686	WP_124786389.1	WP_152062830.1
OG0000687	WP_124786390.1	WP_152062822.1
OG0000688	WP_124786392.1	WP_152062816.1, WP_193221132.1
OG0000689	WP_124786393.1	WP_006723632.1
OG0000691	WP_124786409.1	WP_006722661.1
OG0000692	WP_124786413.1	WP_152063341.1
OG0000693	WP_124786444.1, WP_124786424.1	WP_152062862.1
OG0000694	WP_124786427.1	WP_152063374.1
OG0000695	WP_124786429.1	WP_152063771.1
OG0000696	WP_124786437.1	WP_152063777.1
OG0000697	WP_124786453.1	WP_152062868.1
OG0000699	WP_124786477.1	WP_006723943.1
OG0000700	WP_124786478.1	WP_152063238.1
OG0000701	WP_124786487.1	WP_152063823.1
OG0000706	WP_124786546.1	WP_118104373.1
OG0000707	WP_124786549.1	WP_152063793.1
OG0000708	WP_124786553.1	WP_152063559.1
OG0000709	WP_124786554.1	WP_152062842.1
OG0000710	WP_124786558.1	WP_152063537.1
OG0000711	WP_124786559.1	WP_152063533.1
OG0000712	WP_124786560.1	WP_152063532.1
OG0000713	WP_124786600.1	WP_152062784.1
OG0000714	WP_124786601.1	WP_152062783.1
OG0000715	WP_124786607.1	WP_152062774.1
OG0000716	WP_124786614.1	WP_226803309.1
OG0000717	WP_124786620.1	WP_152063490.1
OG0000718	WP_124786622.1	WP_152062705.1
OG0000719	WP_124786629.1	WP_152063496.1
OG0000720	WP_124786643.1	WP_152062720.1
OG0000721	WP_124786645.1	WP_226803159.1
OG0000722	WP_124786646.1	WP_152062723.1
OG0000723	WP_124786655.1	WP_226803164.1
OG0000724	WP_124786656.1	WP_118272274.1
OG0000725	WP_124786657.1	WP_152062753.1
OG0000726	WP_124786658.1	WP_152062752.1
OG0000727	WP_124786666.1	WP_152063457.1
OG0000728	WP_124786667.1	WP_152063456.1
OG0000729	WP_124786668.1	WP_226803301.1
OG0000730	WP_124786669.1	WP_152063455.1
OG0000731	WP_124786671.1	WP_152063451.1
OG0000732	WP_124786679.1	WP_152063817.1
OG0000733	WP_124786697.1	WP_152062991.1
OG0000734	WP_124786701.1	WP_152063075.1
OG0000735	WP_124786703.1	WP_152063263.1
OG0000736	WP_124786720.1	WP_152063365.1
OG0000737	WP_158551940.1	WP_226803313.1
OG0000738	WP_158564553.1	WP_152062838.1
OG0000740	WP_158571639.1	WP_193221227.1
OG0000741	WP_164473271.1	WP_006723778.1
OG0000742	WP_164473302.1	WP_152063042.1
OG0000743	WP_164473304.1	WP_152063250.1
OG0000744	WP_164473312.1	WP_193221223.1
OG0000745	WP_164473316.1	WP_152062884.1
OG0000746	WP_164473333.1	WP_152063788.1
OG0000747	WP_164473351.1	WP_193221232.1
OG0000748	WP_171021534.1	WP_006722632.1
OG0000749	WP_171021546.1	WP_006723039.1
OG0000750	WP_187361832.1	WP_182281915.1
OG0000751	WP_192934494.1	WP_006723559.1
OG0000752	WP_192934514.1	WP_006722667.1
OG0000753	WP_192934533.1	WP_226803316.1
OG0000754	WP_195644174.1	WP_193221134.1
OG0000755	WP_197032141.1	WP_182282119.1
OG0000756	WP_197032236.1	WP_193221120.1
OG0000757	WP_197032771.1	WP_152063232.1
OG0000758	WP_206428082.1	WP_006722416.1
OG0000759	WP_206428097.1	WP_193221127.1
OG0000760	WP_206428098.1	WP_118272229.1
OG0000761	WP_206428099.1	WP_152063448.1
OG0000762	WP_206428100.1	WP_152063470.1
OG0000763	WP_206428110.1	WP_226803341.1
OG0000764	WP_206428119.1	WP_193221147.1
OG0000765	WP_206428120.1	WP_152063180.1
OG0000766	WP_206428129.1	WP_152063178.1
OG0000767	WP_206428131.1	WP_152063146.1
OG0000768	WP_226790441.1	WP_152063816.1
OG0000769	WP_231500751.1	WP_006722646.1
OG0000770	WP_231500808.1	WP_226803232.1
OG0000771	WP_231500813.1	WP_152063188.1
OG0000772	WP_231500818.1	WP_226803166.1
OG0000773	WP_231500839.1	WP_006723213.1
OG0000774	WP_231501535.1	WP_152062837.1
OG0000775	WP_231501558.1	WP_152063167.1
OG0000776	WP_231501564.1	WP_226803208.1
OG0000777	WP_231501569.1	WP_006722410.1
OG0000778	WP_231501570.1	WP_152063300.1
OG0000779	WP_231501590.1	WP_226803234.1
OG0000780	WP_233502825.1	WP_039910749.1
OG0000781	WP_233502990.1	WP_226803218.1
OG0000782	WP_233505669.1	WP_152063149.1
OG0000783	WP_240139041.1	WP_152063155.1
OG0000784	WP_241154575.1	WP_152063267.1
OG0000785	WP_241154577.1	WP_118103529.1
OG0000786	WP_241154578.1	WP_226803244.1
OG0000787	WP_241154583.1	WP_152062976.1
OG0000788	WP_241154587.1	WP_152062959.1
OG0000789	WP_241154592.1	WP_152062802.1
OG0000790	WP_241154597.1	WP_152063782.1
OG0000791	WP_241154601.1	WP_152063586.1
OG0000792	WP_241154602.1	WP_152063827.1
OG0000793	WP_241154605.1	WP_226803358.1
OG0000794	WP_241154607.1	WP_226803181.1
OG0000795	WP_241154611.1	WP_193221123.1
OG0000796	WP_241154612.1	WP_152063453.1
OG0000797	WP_241154613.1	WP_152063449.1
OG0000798	WP_241154614.1	WP_152063466.1
OG0000799	WP_241154616.1	WP_152063519.1
OG0000801	WP_241154628.1	WP_152063665.1
OG0000802	WP_241154639.1	WP_226803272.1
OG0000803	WP_241154643.1	WP_152062904.1
OG0000804	WP_241154647.1	WP_152063174.1
OG0000805	WP_241154649.1	WP_152063417.1
OG0000806	WP_241154654.1	WP_193221169.1
OG0000807	WP_241154655.1	WP_152062857.1
OG0000808	WP_241154657.1	WP_152063047.1
OG0000809	WP_241154658.1	WP_152062961.1
OG0000810	WP_241154664.1	WP_226803344.1
OG0000830	WP_006236139.1	WP_006723651.1
OG0000831	WP_022093893.1	WP_006723104.1
OG0000833	WP_035137477.1	WP_152063553.1
OG0000834	WP_055250497.1	WP_152063228.1
OG0000835	WP_055251579.1	WP_006722445.1
OG0000836	WP_055251626.1	WP_152063290.1
OG0000837	WP_055309519.1	WP_006722721.1
OG0000838	WP_089573311.1, WP_117855262.1	WP_152063727.1
OG0000839	WP_089573579.1, WP_117647577.1	WP_152063594.1
OG0000841	WP_117563694.1	WP_118271896.1
OG0000843	WP_117564058.1, WP_117736974.1, WP_118268027.1	WP_152062715.1
OG0000845	WP_117564750.1	WP_006723250.1, WP_193221145.1
OG0000848	WP_117565016.1	WP_152063509.1
OG0000849	WP_117583242.1	WP_152063179.1
OG0000850	WP_117583754.1	WP_152063315.1
OG0000851	WP_117584039.1	WP_152062790.1
OG0000852	WP_231500836.1, WP_117638035.1	WP_226803308.1
OG0000855	WP_117716377.1	WP_152062780.1
OG0000857	WP_117736214.1	WP_152063229.1
OG0000858	WP_117746564.1	WP_193221210.1, WP_006723008.1
OG0000859	WP_117765703.1	WP_006722720.1
OG0000860	WP_117766059.1	WP_226803174.1
OG0000861	WP_117772906.1, WP_233506705.1	WP_006723249.1
OG0000865	WP_117773500.1	WP_006722665.1
OG0000866	WP_117773501.1	WP_152063156.1
OG0000867	WP_117773876.1	WP_226803169.1
OG0000868	WP_117774095.1	WP_226803295.1
OG0000869	WP_117786521.1	WP_152063009.1
OG0000871	WP_117803620.1	WP_226803365.1
OG0000872	WP_124785918.1, WP_117803851.1	WP_152062916.1
OG0000873	WP_117806188.1	WP_006722864.1
OG0000876	WP_117839954.1	WP_152062693.1
OG0000878	WP_117848292.1	WP_226803177.1, WP_152062847.1
OG0000879	WP_117862100.1	WP_006722448.1
OG0000882	WP_118205874.1	WP_152062703.1
OG0000883	WP_118226642.1	WP_152063585.1, WP_152062967.1
OG0000884	WP_118227044.1	WP_006723789.1
OG0000885	WP_118377249.1	WP_152063748.1
OG0000886	WP_124786033.1, WP_124785732.1, WP_118450553.1	WP_152063522.1
OG0000887	WP_124785718.1	WP_152062755.1
OG0000888	WP_124785720.1	WP_152062758.1
OG0000889	WP_124785757.1	WP_118272146.1
OG0000890	WP_124785805.1	WP_226803197.1
OG0000891	WP_124785829.1	WP_226803343.1
OG0000892	WP_124785859.1	WP_152063230.1
OG0000893	WP_124785875.1, WP_158551589.1	WP_152062706.1
OG0000894	WP_124785878.1	WP_152063531.1
OG0000898	WP_124785994.1	WP_118103796.1
OG0000899	WP_124785997.1, WP_124786055.1	WP_152062859.1
OG0000900	WP_124786003.1	WP_152062946.1, WP_152062871.1
OG0000901	WP_164473265.1, WP_124786034.1	WP_039910625.1
OG0000903	WP_124786063.1	WP_193221230.1
OG0000905	WP_124786100.1, WP_124786227.1	WP_152063059.1, WP_152062987.1
OG0000909	WP_241154606.1, WP_124786193.1	WP_152063056.1
OG0000910	WP_124786269.1, WP_124786194.1	WP_152063055.1
OG0000911	WP_124786195.1, WP_124786596.1	WP_152063052.1
OG0000912	WP_124786225.1	WP_152063256.1
OG0000913	WP_124786279.1	WP_152063279.1
OG0000915	WP_124786302.1	WP_152063282.1
OG0000916	WP_124786303.1	WP_118271305.1
OG0000917	WP_124786304.1	WP_152063283.1
OG0000918	WP_124786313.1	WP_152063552.1, WP_193221190.1
OG0000919	WP_124786319.1	WP_152063288.1
OG0000920	WP_124786353.1	WP_152062969.1
OG0000921	WP_124786355.1	WP_006722860.1
OG0000922	WP_124786378.1	WP_152062923.1
OG0000923	WP_124786385.1	WP_152062944.1
OG0000924	WP_124786425.1, WP_187361856.1, WP_241154644.1	WP_118102376.1
OG0000925	WP_124786428.1	WP_152063740.1
OG0000926	WP_124786439.1	WP_152063483.1
OG0000927	WP_124786440.1	WP_193221194.1
OG0000929	WP_124786445.1	WP_152062779.1
OG0000930	WP_124786461.1	WP_152063627.1
OG0000931	WP_124786462.1	WP_152063626.1
OG0000935	WP_124786486.1	WP_006723735.1
OG0000936	WP_124786495.1	WP_152063581.1
OG0000937	WP_124786496.1	WP_152063348.1
OG0000938	WP_124786501.1, WP_206428081.1	WP_152063284.1
OG0000939	WP_124786529.1, WP_241154662.1	WP_152063603.1
OG0000940	WP_124786576.1	WP_152062925.1
OG0000942	WP_124786602.1	WP_006723591.1
OG0000943	WP_124786616.1, WP_161194713.1	WP_152063486.1
OG0000944	WP_124786635.1	WP_226803311.1
OG0000947	WP_124786652.1	WP_152063474.1
OG0000949	WP_124786661.1	WP_152063462.1
OG0000951	WP_195445898.1	WP_006723102.1, WP_118271355.1
OG0000952	WP_197032249.1	WP_152063828.1
OG0000953	WP_199407998.1	WP_152062942.1
OG0000957	WP_231500817.1	WP_152062762.1
OG0000958	WP_233514485.1	WP_182282062.1
OG0000959	WP_241154582.1	WP_152063349.1
OG0000960	WP_241154595.1	WP_152063642.1
OG0000961	WP_241154623.1	WP_152062692.1
OG0000962	WP_241154624.1	WP_226803348.1, WP_226803315.1
OG0000964	WP_241154667.1	WP_152063664.1
OG0001018	WP_006234438.1	WP_193221221.1
OG0001021	WP_006235554.1	WP_006721124.1
OG0001022	WP_006236119.1	WP_006722737.1
OG0001023	WP_022094483.1	WP_152063307.1
OG0001024	WP_022094575.1	WP_039910275.1
OG0001025	WP_022094612.1	WP_006723254.1
OG0001026	WP_022094714.1	WP_118271272.1
OG0001029	WP_035137086.1	WP_039910719.1
OG0001030	WP_050766086.1	WP_006723585.1
OG0001031	WP_055250441.1	WP_152063025.1
OG0001033	WP_055251210.1	WP_152063592.1
OG0001034	WP_055251737.1	WP_152063497.1
OG0001035	WP_055251966.1	WP_152063825.1
OG0001036	WP_055252061.1	WP_118271641.1
OG0001039	WP_055252290.1	WP_006722823.1
OG0001040	WP_055252439.1	WP_006723751.1
OG0001041	WP_055287259.1	WP_152062975.1
OG0001042	WP_055309641.1	WP_118271846.1
OG0001043	WP_055310425.1	WP_152063786.1
OG0001044	WP_070097113.1	WP_039910730.1
OG0001045	WP_082435553.1	WP_152063762.1
OG0001046	WP_089572030.1	WP_152062990.1
OG0001047	WP_089572116.1	WP_226803193.1
OG0001048	WP_089572403.1	WP_006723252.1
OG0001049	WP_089572422.1	WP_039910744.1
OG0001050	WP_089572509.1	WP_118271559.1
OG0001051	WP_089572525.1	WP_006723116.1
OG0001052	WP_089572580.1	WP_152062748.1
OG0001054	WP_089573275.1	WP_152063500.1, WP_118272035.1
OG0001055	WP_089573307.1	WP_152063726.1
OG0001056	WP_089573603.1	WP_226803171.1
OG0001057	WP_089573627.1, WP_241154609.1	WP_152062843.1
OG0001059	WP_099431890.1	WP_152062979.1
OG0001062	WP_117563508.1	WP_152063730.1
OG0001063	WP_117563509.1	WP_152063732.1
OG0001064	WP_117563516.1	WP_152063749.1
OG0001065	WP_117563734.1	WP_152063557.1
OG0001066	WP_117563868.1	WP_152062846.1
OG0001067	WP_117564079.1	WP_152063054.1
OG0001068	WP_117564109.1	WP_152062996.1
OG0001069	WP_117564424.1	WP_152062909.1
OG0001070	WP_117564474.1	WP_152063372.1
OG0001073	WP_117583713.1	WP_006723817.1
OG0001074	WP_117583756.1	WP_152063822.1
OG0001075	WP_117583829.1	WP_152063580.1
OG0001076	WP_117629294.1	WP_152063069.1
OG0001077	WP_117629310.1	WP_118103440.1
OG0001080	WP_117630036.1	WP_226803170.1
OG0001081	WP_117634813.1	WP_152062883.1
OG0001082	WP_117637022.1	WP_152063829.1
OG0001084	WP_117640236.1	WP_152063824.1
OG0001085	WP_117645937.1	WP_226803155.1
OG0001087	WP_117647773.1	WP_006723557.1
OG0001089	WP_117655043.1	WP_152062848.1
OG0001090	WP_117655044.1	WP_006723089.1
OG0001095	WP_117757471.1	WP_006722270.1
OG0001096	WP_117758359.1	WP_152063834.1
OG0001097	WP_117758387.1	WP_118271829.1
OG0001098	WP_117758557.1	WP_152062953.1
OG0001100	WP_117759752.1	WP_152062840.1
OG0001102	WP_117766202.1	WP_152062786.1
OG0001106	WP_117772910.1	WP_152063591.1
OG0001107	WP_117772961.1, WP_124786263.1	WP_226803191.1
OG0001108	WP_117772967.1	WP_152062995.1
OG0001109	WP_117772973.1	WP_226803204.1
OG0001111	WP_117773365.1	WP_152062875.1
OG0001113	WP_117773489.1	WP_152063688.1
OG0001114	WP_117773499.1	WP_006722666.1
OG0001115	WP_117773513.1	WP_152063163.1
OG0001121	WP_117773810.1	WP_152063035.1
OG0001122	WP_117773845.1	WP_193221173.1
OG0001124	WP_117774376.1	WP_006723126.1
OG0001125	WP_117774378.1	WP_118271728.1
OG0001126	WP_117776642.1	WP_118271854.1
OG0001128	WP_117790364.1	WP_152063248.1
OG0001130	WP_117797767.1	WP_152063058.1
OG0001133	WP_117800724.1	WP_006722407.1, WP_152063297.1
OG0001134	WP_117803239.1	WP_152063051.1
OG0001136	WP_117820255.1	WP_152063245.1
OG0001140	WP_117840021.1	WP_152063773.1
OG0001142	WP_117840334.1	WP_226803356.1
OG0001147	WP_118094091.1	WP_152063322.1
OG0001149	WP_118206253.1	WP_006723775.1
OG0001150	WP_118227279.1	WP_006722242.1
OG0001152	WP_118258627.1	WP_006723308.1
OG0001156	WP_118335107.1	WP_152063377.1
OG0001157	WP_118376769.1	WP_152062885.1
OG0001158	WP_118388206.1	WP_152062820.1
OG0001159	WP_118450645.1	WP_152063547.1
OG0001160	WP_124785705.1	WP_118272208.1
OG0001161	WP_124785717.1	WP_226803305.1
OG0001169	WP_124785759.1	WP_152063649.1
OG0001170	WP_124785785.1	WP_152063515.1
OG0001171	WP_124785807.1	WP_152063606.1
OG0001172	WP_124785838.1	WP_152063583.1
OG0001173	WP_124785843.1	WP_152063813.1
OG0001174	WP_124785886.1	WP_152062781.1, WP_226803307.1
OG0001175	WP_124785944.1	WP_226803340.1
OG0001178	WP_124785953.1	WP_152063678.1
OG0001179	WP_124785955.1	WP_152063679.1
OG0001180	WP_124785960.1	WP_152063651.1
OG0001181	WP_124785985.1	WP_152062853.1
OG0001185	WP_124786020.1	WP_193221137.1
OG0001189	WP_124786028.1	WP_152062906.1
OG0001191	WP_124786040.1	WP_152063391.1
OG0001193	WP_124786053.1	WP_152063382.1
OG0001195	WP_124786065.1	WP_226803194.1
OG0001196	WP_124786068.1	WP_152063369.1
OG0001197	WP_124786071.1	WP_226803266.1
OG0001198	WP_124786076.1	WP_152062895.1
OG0001199	WP_124786077.1	WP_152062899.1
OG0001201	WP_124786096.1	WP_152062988.1
OG0001202	WP_124786098.1	WP_152062993.1
OG0001204	WP_124786122.1	WP_226803158.1
OG0001205	WP_124786124.1	WP_152063196.1
OG0001206	WP_124786128.1	WP_152063191.1
OG0001207	WP_124786160.1	WP_006722658.1
OG0001209	WP_124786190.1	WP_152063057.1
OG0001210	WP_124786192.1	WP_193221186.1
OG0001211	WP_124786203.1	WP_152063037.1
OG0001212	WP_124786221.1	WP_152063249.1
OG0001214	WP_124786230.1	WP_152063070.1
OG0001216	WP_124786275.1	WP_152063274.1
OG0001221	WP_124786301.1	WP_006722431.1
OG0001222	WP_124786306.1	WP_152063826.1
OG0001223	WP_124786328.1	WP_152063310.1
OG0001224	WP_124786332.1	WP_152062972.1
OG0001226	WP_124786362.1	WP_152062928.1
OG0001227	WP_124786372.1	WP_152062851.1
OG0001231	WP_124786396.1	WP_226803346.1
OG0001232	WP_124786398.1	WP_118271943.1
OG0001233	WP_124786400.1	WP_118271942.1
OG0001234	WP_124786404.1	WP_152063647.1
OG0001236	WP_124786408.1	WP_152063770.1
OG0001242	WP_124786430.1	WP_006723821.1
OG0001243	WP_124786431.1	WP_152063375.1
OG0001246	WP_124786447.1	WP_152062861.1
OG0001248	WP_124786449.1	WP_152063641.1
OG0001249	WP_124786460.1	WP_152063659.1
OG0001250	WP_124786475.1	WP_226803364.1
OG0001251	WP_124786476.1	WP_152063767.1
OG0001252	WP_124786481.1	WP_226803361.1
OG0001253	WP_124786482.1	WP_152063663.1
OG0001257	WP_124786505.1	WP_152063832.1
OG0001258	WP_124786508.1	WP_118272365.1
OG0001259	WP_124786538.1	WP_152063772.1
OG0001260	WP_124786545.1	WP_152063784.1
OG0001270	WP_124786577.1	WP_152062922.1
OG0001271	WP_124786578.1	WP_226803189.1
OG0001272	WP_124786579.1	WP_152062924.1
OG0001273	WP_124786606.1	WP_226803268.1
OG0001274	WP_124786647.1	WP_152062724.1
OG0001276	WP_124786654.1	WP_152062754.1
OG0001277	WP_124786662.1	WP_152063460.1
OG0001278	WP_124786663.1	WP_152063459.1
OG0001279	WP_124786665.1	WP_226803303.1
OG0001280	WP_124786670.1	WP_152063454.1
OG0001282	WP_158551271.1	WP_152063190.1
OG0001284	WP_158565721.1	WP_152063666.1
OG0001288	WP_164473284.1	WP_193221167.1, WP_226803293.1
OG0001289	WP_164473286.1	WP_226803274.1
OG0001290	WP_164473295.1	WP_193221151.1
OG0001291	WP_164473297.1	WP_006722686.1
OG0001292	WP_164473301.1	WP_152063053.1
OG0001294	WP_164473317.1	WP_152063775.1
OG0001295	WP_164473331.1	WP_006723865.1
OG0001296	WP_164473334.1	WP_152063561.1
OG0001298	WP_164473341.1	WP_226803312.1
OG0001299	WP_172622418.1	WP_152062826.1
OG0001303	WP_206428086.1	WP_152062827.1
OG0001305	WP_206428117.1	WP_193221142.1
OG0001306	WP_206428121.1	WP_193221170.1
OG0001308	WP_231500759.1	WP_226803156.1
OG0001310	WP_231500841.1	WP_152063343.1
OG0001311	WP_233503061.1	WP_152063766.1
OG0001312	WP_233543589.1	WP_226803240.1
OG0001313	WP_240138918.1	WP_226803322.1
OG0001314	WP_241154581.1	WP_152063287.1
OG0001315	WP_241154588.1	WP_006722868.1
OG0001316	WP_241154589.1	WP_152062954.1
OG0001317	WP_241154593.1	WP_152063648.1
OG0001319	WP_241154615.1	WP_226803162.1
OG0001326	WP_241154640.1	WP_152063819.1
OG0001327	WP_241154666.1	WP_193221212.1
OG0001415	WP_006234830.1	WP_152063599.1
OG0001417	WP_055252016.1	WP_152062903.1
OG0001419	WP_055285379.1	WP_152062728.1
OG0001426	WP_117583544.1	WP_152063600.1
OG0001427	WP_117583774.1	WP_152062897.1
OG0001430	WP_117637441.1	WP_152063548.1
OG0001432	WP_117640663.1	WP_152062914.1
OG0001433	WP_117647252.1	WP_152062956.1
OG0001438	WP_117716540.1	WP_152062943.1
OG0001439	WP_117736402.1	WP_152063359.1
OG0001440	WP_117757836.1	WP_152062892.1
OG0001444	WP_117772912.1	WP_152063601.1
OG0001451	WP_117839919.1	WP_193221125.1
OG0001452	WP_117839921.1	WP_118272377.1
OG0001456	WP_117840162.1	WP_152063202.1
OG0001457	WP_117840249.1	WP_152063685.1
OG0001462	WP_118094044.1	WP_006723856.1
OG0001469	WP_124785726.1	WP_152062729.1
OG0001474	WP_124785764.1	WP_152063501.1
OG0001476	WP_124785964.1	WP_226803338.1
OG0001477	WP_124785966.1	WP_152063617.1
OG0001480	WP_124786024.1	WP_226803187.1
OG0001499	WP_124786273.1	WP_152063272.1
OG0001500	WP_124786274.1	WP_152063273.1
OG0001501	WP_124786339.1	WP_152063750.1
OG0001503	WP_124786350.1	WP_152062778.1
OG0001507	WP_124786399.1	WP_152063338.1
OG0001515	WP_124786485.1	WP_152063754.1
OG0001520	WP_124786552.1	WP_152062808.1
OG0001523	WP_124786561.1	WP_193221199.1
OG0001531	WP_164473274.1	WP_152062893.1
OG0001541	WP_206428102.1	WP_193221121.1
OG0001553	WP_241154600.1	WP_226803353.1
