Orthogroup	collinsella_aerofaciens	collinsella_provencensis
OG0000000	WP_124786514.1	WP_102338502.1
OG0000000	WP_124786625.1	WP_234346283.1
OG0000000	WP_124786617.1	WP_102338269.1
OG0000000	WP_117773874.1	WP_199824882.1
OG0000000	WP_124785716.1	WP_102338104.1
OG0000000	WP_117773875.1	WP_234346259.1
OG0000000	WP_124786618.1	WP_102338268.1
OG0000000	WP_124786626.1	WP_102338152.1
OG0000000	WP_124786513.1	WP_102337401.1
OG0000001	WP_206428141.1	WP_102338223.1
OG0000001	WP_124786383.1	WP_102338488.1
OG0000001	WP_055252429.1	WP_102338492.1
OG0000001	WP_148315663.1	WP_234346364.1
OG0000001	WP_241154626.1, WP_164473283.1, WP_158558586.1, WP_035137759.1, WP_055250122.1, WP_089573263.1, WP_117584246.1	WP_102338559.1
OG0000002	WP_117772844.1	WP_102338115.1
OG0000002	WP_089572665.1	WP_102338631.1
OG0000002	WP_124785856.1	WP_102338300.1
OG0000002	WP_006236208.1	WP_102338059.1
OG0000003	WP_124786183.1	WP_199824816.1, WP_159060018.1
OG0000005	WP_124786548.1	WP_102337688.1
OG0000005	WP_117773004.1, WP_124785713.1, WP_124785914.1	WP_102337713.1
OG0000006	WP_118066177.1, WP_117563729.1	WP_102338098.1, WP_102338217.1
OG0000006	WP_124785819.1, WP_117776443.1, WP_118258625.1	WP_102337674.1
OG0000006	WP_089573620.1, WP_124786370.1, WP_117799801.1	WP_102337821.1, WP_234346182.1
OG0000007	WP_124786573.1	WP_102337675.1
OG0000007	WP_124785815.1	WP_102338221.1, WP_234346271.1
OG0000007	WP_117862213.1, WP_124786001.1	WP_159060083.1, WP_102338167.1
OG0000007	WP_117839968.1	WP_102338021.1
OG0000007	WP_192924133.1	WP_102338241.1
OG0000008	WP_124786342.1	WP_102337648.1
OG0000008	WP_117840353.1	WP_102337607.1
OG0000008	WP_124785974.1	WP_234346204.1, WP_102338289.1
OG0000011	WP_124786574.1	WP_102337676.1, WP_102337671.1
OG0000011	WP_118345060.1	WP_102338240.1, WP_102338166.1, WP_102338022.1
OG0000011	WP_117563725.1	WP_102337824.1
OG0000012	WP_124785840.1	WP_102338315.1
OG0000012	WP_089573344.1, WP_124786170.1, WP_124786079.1	WP_159060012.1
OG0000013	WP_206428106.1	WP_234346375.1
OG0000014	WP_124786633.1	WP_102338452.1
OG0000015	WP_117634363.1, WP_099432278.1	WP_102338219.1, WP_102338097.1, WP_102338239.1, WP_159060070.1, WP_102338428.1, WP_102337677.1
OG0000016	WP_124785880.1	WP_102338214.1, WP_102338066.1
OG0000016	WP_117773361.1	WP_102337924.1, WP_102337970.1
OG0000016	WP_158558636.1	WP_159060060.1
OG0000016	WP_124786075.1	WP_102337285.1
OG0000017	WP_124786414.1	WP_199824895.1
OG0000019	WP_124786309.1	WP_102337878.1
OG0000019	WP_206428112.1, WP_124786510.1, WP_124786369.1, WP_117773337.1, WP_117563518.1, WP_124785746.1, WP_164473266.1, WP_241154632.1	WP_102337899.1
OG0000020	WP_117840011.1	WP_102337790.1
OG0000020	WP_124785761.1	WP_102338001.1
OG0000022	WP_117647594.1	WP_102338397.1
OG0000022	WP_118335365.1, WP_118335363.1	WP_102337694.1
OG0000023	WP_117756883.1	WP_102338351.1
OG0000023	WP_199569324.1	WP_199824849.1
OG0000023	WP_124786351.1	WP_102337337.1
OG0000025	WP_124785719.1	WP_234346262.1
OG0000026	WP_124785981.1	WP_102338435.1
OG0000026	WP_124785892.1	WP_102338182.1
OG0000028	WP_124786583.1	WP_102338291.1
OG0000028	WP_124786325.1	WP_102337624.1
OG0000029	WP_195363938.1	WP_199824820.1
OG0000029	WP_241154610.1	WP_234346370.1
OG0000030	WP_006235830.1	WP_102338111.1
OG0000031	WP_055252173.1	WP_199824862.1
OG0000032	WP_124786612.1, WP_124786436.1	WP_102337994.1
OG0000032	WP_117645711.1	WP_102337749.1
OG0000033	WP_206428103.1	WP_234346367.1
OG0000034	WP_117716559.1	WP_102338196.1
OG0000034	WP_124786719.1	WP_102337336.1, WP_102337642.1, WP_102338533.1
OG0000035	WP_117774421.1	WP_102338197.1, WP_102338195.1, WP_102337641.1
OG0000039	WP_124786311.1	WP_102338463.1
OG0000040	WP_164473328.1	WP_102338185.1
OG0000040	WP_124786519.1	WP_102338191.1
OG0000041	WP_124786636.1, WP_124786634.1	WP_102338147.1
OG0000043	WP_158558637.1	WP_102338044.1
OG0000045	WP_124785789.1	WP_102338202.1
OG0000045	WP_006235156.1	WP_102338615.1
OG0000046	WP_241154625.1	WP_234346298.1
OG0000046	WP_006235157.1	WP_102338273.1
OG0000047	WP_117564161.1, WP_117800336.1, WP_158558612.1, WP_117862215.1, WP_055251192.1, WP_233543592.1	WP_102337932.1
OG0000048	WP_089571587.1	WP_199824861.1
OG0000049	WP_117772918.1, WP_089572404.1	WP_102337942.1
OG0000050	WP_124786035.1, WP_124786006.1, WP_089572633.1	WP_102338054.1
OG0000051	WP_089573604.1	WP_102337232.1
OG0000052	WP_117634305.1	WP_102337982.1
OG0000053	WP_117803937.1	WP_102338329.1
OG0000053	WP_117840391.1, WP_124786450.1	WP_159060046.1
OG0000054	WP_124785727.1	WP_102337966.1, WP_159060021.1, WP_102338260.1, WP_159060055.1, WP_159060075.1
OG0000055	WP_124785857.1	WP_159060078.1
OG0000057	WP_124785865.1	WP_234346226.1
OG0000058	WP_124785889.1	WP_102337964.1, WP_102337762.1
OG0000058	WP_124786521.1	WP_102338190.1
OG0000058	WP_124786522.1	WP_102338187.1
OG0000059	WP_124786526.1	WP_234346365.1
OG0000060	WP_124786004.1	WP_234346328.1
OG0000060	WP_158565399.1	WP_159060033.1
OG0000061	WP_124786119.1	WP_234346136.1
OG0000062	WP_124786185.1	WP_102337362.1
OG0000063	WP_124786345.1	WP_102337654.1
OG0000064	WP_206428088.1, WP_124786420.1	WP_102337905.1
OG0000065	WP_124786438.1	WP_102338092.1
OG0000066	WP_124786492.1	WP_102338409.1
OG0000067	WP_124786599.1	WP_102338257.1
OG0000069	WP_206428115.1	WP_234346193.1
OG0000073	WP_117773008.1, WP_006234250.1	WP_102338380.1
OG0000074	WP_117839926.1, WP_124786637.1, WP_006235309.1	WP_102338307.1
OG0000075	WP_006236100.1	WP_102337422.1
OG0000077	WP_022094861.1	WP_102337339.1
OG0000077	WP_241154594.1, WP_035136916.1	WP_102338395.1
OG0000078	WP_022094895.1	WP_199824830.1
OG0000079	WP_055250011.1	WP_102337478.1
OG0000080	WP_055252669.1, WP_089573098.1	WP_199824855.1
OG0000081	WP_117629024.1	WP_102337827.1
OG0000081	WP_124786575.1	WP_102337662.1
OG0000081	WP_089572475.1	WP_102338238.1
OG0000082	WP_089573612.1	WP_102337735.1
OG0000083	WP_192934535.1, WP_124786638.1, WP_117634793.1	WP_102338306.1
OG0000084	WP_117766276.1	WP_234346302.1
OG0000085	WP_117772868.1	WP_102338386.1
OG0000085	WP_124786543.1, WP_124786540.1, WP_124786531.1	WP_102338004.1
OG0000087	WP_117773369.1	WP_102337770.1
OG0000088	WP_117773490.1, WP_124786493.1	WP_102337591.1
OG0000088	WP_124785938.1	WP_199824859.1
OG0000089	WP_117774296.1	WP_102338479.1
OG0000090	WP_117776113.1	WP_102337709.1
OG0000091	WP_117840248.1	WP_102337894.1
OG0000092	WP_124785781.1	WP_102338171.1
OG0000093	WP_124785912.1, WP_124786228.1	WP_102337418.1
OG0000094	WP_124785940.1	WP_102337870.1
OG0000095	WP_124786099.1, WP_124785986.1, WP_124786356.1	WP_102337656.1
OG0000097	WP_124786120.1	WP_102337368.1
OG0000098	WP_124786624.1	WP_102338153.1
OG0000099	WP_124786229.1	WP_234346146.1
OG0000102	WP_124786473.1	WP_102338359.1
OG0000103	WP_124786506.1	WP_102338554.1
OG0000104	WP_124786639.1	WP_102338305.1
OG0000104	WP_241154608.1	WP_197713856.1
OG0000105	WP_241154648.1	WP_234346155.1
OG0000111	WP_006234279.1	WP_102338198.1, WP_102337640.1
OG0000112	WP_006234305.1, WP_124786335.1	WP_102337317.1
OG0000113	WP_006235166.1	WP_102338199.1
OG0000114	WP_006235216.1	WP_102338018.1
OG0000115	WP_006235398.1, WP_055250894.1	WP_102337652.1
OG0000116	WP_099432014.1	WP_102338163.1
OG0000116	WP_117839942.1, WP_006235773.1	WP_102337963.1, WP_234346324.1
OG0000117	WP_035136926.1	WP_102338553.1, WP_102338633.1
OG0000118	WP_055250138.1	WP_102337445.1
OG0000119	WP_055250439.1	WP_102337375.1
OG0000119	WP_124786214.1	WP_102337657.1
OG0000120	WP_055251520.1, WP_164473279.1	WP_102337250.1
OG0000121	WP_099432234.1	WP_102337973.1
OG0000123	WP_117563706.1	WP_102337981.1
OG0000124	WP_117563816.1	WP_102338290.1, WP_234346315.1
OG0000126	WP_117634693.1	WP_102338108.1
OG0000127	WP_117635777.1	WP_102337965.1, WP_102337967.1, WP_102338188.1
OG0000128	WP_117640103.1, WP_124785831.1	WP_102338364.1
OG0000129	WP_124786312.1	WP_102338462.1
OG0000129	WP_117640543.1	WP_159060067.1
OG0000130	WP_117646636.1	WP_102338262.1
OG0000131	WP_117773385.1, WP_124786147.1	WP_102337557.1
OG0000132	WP_117773483.1	WP_102337788.1
OG0000133	WP_117773504.1	WP_102337456.1
OG0000134	WP_117774253.1	WP_102337547.1, WP_102338064.1
OG0000135	WP_117840105.1, WP_241154660.1, WP_241154604.1, WP_117778979.1	WP_102337935.1
OG0000136	WP_117806836.1	WP_102337705.1
OG0000137	WP_124786276.1, WP_117820254.1	WP_102337526.1
OG0000138	WP_124786359.1, WP_117840168.1	WP_102338449.1
OG0000139	WP_117840247.1	WP_102337728.1, WP_102337895.1
OG0000140	WP_118226807.1	WP_102338465.1
OG0000141	WP_124785842.1	WP_102337985.1
OG0000142	WP_118334449.1	WP_102338496.1
OG0000144	WP_124785763.1	WP_102338010.1
OG0000145	WP_124785766.1, WP_124786467.1	WP_102338154.1
OG0000149	WP_124786025.1, WP_124786008.1	WP_102337752.1, WP_102338243.1
OG0000150	WP_124786072.1	WP_102337310.1
OG0000151	WP_124786164.1	WP_102337441.1
OG0000152	WP_124786640.1	WP_102338320.1, WP_102338319.1
OG0000152	WP_124786215.1	WP_102337658.1
OG0000153	WP_124786235.1	WP_102337405.1
OG0000154	WP_124786307.1	WP_102337602.1
OG0000155	WP_124786334.1	WP_102337724.1, WP_102337319.1
OG0000159	WP_124786525.1	WP_102337968.1
OG0000160	WP_124786533.1, WP_124786539.1	WP_102338003.1
OG0000160	WP_197032104.1	WP_102338389.1
OG0000161	WP_124786598.1	WP_102338266.1, WP_102338468.1
OG0000162	WP_124786604.1	WP_102338079.1, WP_102338245.1
OG0000163	WP_124786623.1	WP_102338065.1, WP_199824825.1
OG0000164	WP_124786631.1	WP_102337877.1, WP_102338067.1
OG0000165	WP_124786687.1	WP_102338379.1
OG0000167	WP_164473273.1	WP_234346318.1
OG0000169	WP_164473320.1	WP_102338295.1
OG0000170	WP_164473324.1	WP_234346218.1, WP_102338467.1, WP_234346348.1
OG0000171	WP_164473349.1	WP_234346181.1, WP_102338460.1
OG0000172	WP_172674638.1	WP_102338052.1, WP_102337635.1
OG0000173	WP_199412404.1	WP_102337355.1
OG0000180	WP_006233982.1	WP_102337521.1
OG0000181	WP_006233983.1	WP_102337522.1
OG0000182	WP_006234038.1	WP_102337564.1
OG0000183	WP_006234042.1	WP_102337566.1
OG0000184	WP_006234242.1	WP_102337609.1
OG0000185	WP_006234269.1	WP_102337634.1
OG0000186	WP_006234311.1	WP_102337315.1
OG0000187	WP_006234422.1	WP_102338482.1
OG0000188	WP_006234690.1	WP_102338368.1
OG0000189	WP_006234774.1	WP_102338183.1
OG0000190	WP_006234957.1	WP_102337796.1
OG0000191	WP_006234960.1	WP_102337794.1
OG0000192	WP_006234984.1	WP_102338418.1
OG0000193	WP_006235012.1	WP_102338391.1
OG0000194	WP_006235013.1	WP_102338392.1
OG0000195	WP_006235032.1	WP_102338399.1
OG0000196	WP_006235033.1	WP_102338400.1
OG0000197	WP_006235035.1	WP_102338402.1
OG0000198	WP_006235036.1	WP_102338403.1
OG0000199	WP_006235037.1	WP_102338404.1
OG0000200	WP_006235039.1	WP_102338406.1
OG0000201	WP_006235040.1	WP_102338407.1
OG0000202	WP_006235041.1	WP_006720295.1
OG0000203	WP_006235043.1	WP_102338408.1
OG0000204	WP_006235069.1	WP_199824841.1
OG0000205	WP_006235124.1	WP_102337993.1
OG0000206	WP_006235152.1	WP_102338032.1
OG0000207	WP_006235174.1	WP_102338168.1
OG0000208	WP_006235180.1	WP_102338157.1
OG0000209	WP_006235262.1	WP_102337786.1
OG0000210	WP_006235263.1	WP_102337785.1
OG0000211	WP_006235264.1	WP_102337784.1
OG0000212	WP_006235266.1	WP_102337782.1
OG0000213	WP_006235267.1	WP_102337781.1
OG0000214	WP_006235270.1	WP_102337778.1
OG0000215	WP_006235274.1	WP_102337776.1
OG0000216	WP_006235275.1	WP_102337775.1
OG0000217	WP_006235276.1	WP_102337774.1
OG0000218	WP_006235277.1	WP_102337773.1
OG0000219	WP_006235280.1	WP_102337771.1
OG0000220	WP_006235303.1	WP_102337767.1
OG0000221	WP_006235414.1	WP_102337282.1
OG0000222	WP_006235561.1	WP_102337342.1
OG0000223	WP_006235606.1	WP_102338222.1
OG0000224	WP_006235712.1	WP_102338251.1
OG0000225	WP_006235713.1	WP_102338252.1
OG0000226	WP_006235716.1	WP_102338254.1
OG0000227	WP_006235717.1	WP_102338255.1
OG0000228	WP_006235731.1	WP_199824853.1
OG0000229	WP_006235810.1	WP_102338056.1
OG0000230	WP_006235829.1	WP_102338110.1
OG0000231	WP_006235831.1	WP_006721899.1
OG0000232	WP_006235976.1	WP_102337468.1
OG0000233	WP_006235982.1	WP_102337464.1
OG0000234	WP_006236061.1	WP_102338516.1
OG0000235	WP_006236075.1	WP_102337487.1
OG0000236	WP_006236098.1	WP_102337420.1
OG0000237	WP_006236109.1	WP_102337426.1
OG0000238	WP_006236112.1	WP_102337429.1
OG0000239	WP_006236123.1	WP_102337559.1
OG0000240	WP_006236130.1	WP_102337555.1
OG0000241	WP_006236191.1	WP_102338138.1
OG0000242	WP_006363204.1	WP_006363204.1
OG0000243	WP_019127408.1	WP_102338139.1
OG0000244	WP_022093781.1	WP_102337457.1
OG0000245	WP_022093797.1	WP_102338113.1
OG0000246	WP_022093800.1	WP_102338133.1
OG0000247	WP_022093802.1	WP_102338135.1
OG0000248	WP_022093892.1	WP_102338419.1
OG0000249	WP_022094017.1	WP_102337408.1
OG0000250	WP_022094123.1	WP_102338483.1
OG0000251	WP_022094183.1	WP_102338393.1
OG0000252	WP_022094184.1	WP_102338394.1
OG0000253	WP_022094262.1	WP_102338250.1
OG0000254	WP_022094263.1	WP_102338249.1
OG0000255	WP_022094275.1	WP_102337777.1
OG0000256	WP_022094280.1	WP_039910329.1
OG0000257	WP_022094351.1	WP_102338358.1
OG0000259	WP_022094448.1	WP_102337833.1, WP_102338444.1
OG0000260	WP_022094482.1	WP_102337633.1
OG0000261	WP_022094514.1	WP_102338034.1
OG0000262	WP_022094615.1	WP_102337948.1
OG0000263	WP_022094634.1	WP_102338363.1
OG0000264	WP_022094635.1	WP_102338362.1
OG0000265	WP_022094721.1	WP_199824873.1
OG0000266	WP_022094725.1	WP_102337400.1
OG0000267	WP_022094736.1	WP_102337427.1
OG0000268	WP_022094749.1	WP_102337482.1
OG0000269	WP_022094821.1	WP_102337343.1
OG0000270	WP_022094855.1	WP_102338484.1
OG0000271	WP_022094864.1	WP_234346114.1
OG0000272	WP_022094876.1	WP_102337731.1
OG0000273	WP_022094878.1	WP_102337720.1
OG0000274	WP_022094882.1	WP_102337715.1
OG0000275	WP_022094898.1	WP_102337798.1
OG0000276	WP_022095139.1	WP_102337273.1
OG0000277	WP_022095149.1	WP_102337933.1, WP_102338321.1, WP_102338025.1
OG0000278	WP_022095182.1	WP_102337584.1
OG0000279	WP_022095232.1	WP_102337308.1
OG0000280	WP_035136481.1	WP_199824844.1
OG0000281	WP_035136732.1	WP_102338158.1
OG0000282	WP_035136929.1	WP_199824835.1
OG0000283	WP_035137351.1	WP_102337270.1
OG0000284	WP_035137437.1	WP_199824829.1
OG0000285	WP_035137443.1	WP_009141477.1
OG0000286	WP_035137685.1	WP_102337953.1
OG0000287	WP_035138144.1	WP_102337413.1
OG0000288	WP_035138185.1	WP_102337531.1
OG0000289	WP_035138200.1	WP_102337518.1
OG0000290	WP_035138510.1	WP_102337506.1
OG0000291	WP_035138532.1	WP_102337553.1
OG0000292	WP_035138537.1	WP_102337558.1
OG0000293	WP_035138585.1	WP_102338515.1
OG0000294	WP_035138721.1	WP_102338210.1
OG0000295	WP_035138893.1	WP_234346360.1
OG0000296	WP_040358176.1	WP_102337406.1
OG0000297	WP_040359532.1	WP_102338204.1
OG0000298	WP_040359862.1	WP_102337459.1
OG0000299	WP_040359955.1	WP_102337428.1
OG0000300	WP_055249986.1	WP_102337491.1
OG0000301	WP_055250008.1	WP_102337479.1
OG0000302	WP_055250135.1	WP_102337447.1
OG0000303	WP_055250137.1	WP_102337446.1
OG0000304	WP_055250140.1	WP_102337444.1
OG0000305	WP_055250142.1	WP_102337443.1
OG0000306	WP_055250144.1	WP_102337442.1
OG0000307	WP_055250258.1	WP_102338436.1
OG0000308	WP_055250391.1	WP_102337381.1, WP_102338497.1
OG0000309	WP_055250542.1	WP_234346237.1
OG0000310	WP_055250876.1	WP_102337284.1
OG0000311	WP_055250934.1	WP_102337271.1
OG0000312	WP_055250947.1	WP_102337264.1
OG0000313	WP_055250987.1	WP_102337883.1
OG0000314	WP_055251013.1	WP_102338366.1
OG0000315	WP_055251253.1	WP_102337974.1
OG0000316	WP_055251674.1	WP_102337622.1
OG0000317	WP_055251691.1	WP_102337611.1
OG0000318	WP_055251725.1	WP_102337305.1
OG0000319	WP_055251823.1	WP_102337737.1
OG0000320	WP_055252065.1	WP_102337238.1
OG0000321	WP_055252067.1	WP_102337237.1
OG0000322	WP_055252068.1	WP_102337236.1
OG0000323	WP_055252160.1	WP_102338042.1
OG0000324	WP_055252194.1	WP_102338283.1
OG0000325	WP_055252236.1	WP_102337783.1
OG0000326	WP_055252447.1	WP_102337888.1
OG0000327	WP_055252487.1	WP_102338244.1
OG0000328	WP_055252564.1	WP_102337636.1
OG0000329	WP_055252569.1	WP_102338234.1
OG0000331	WP_055285343.1	WP_102338231.1
OG0000332	WP_055285525.1	WP_199824838.1
OG0000333	WP_055286388.1	WP_102337560.1
OG0000334	WP_055309418.1	WP_102338415.1
OG0000335	WP_082421874.1	WP_199824881.1
OG0000336	WP_082421942.1	WP_102338137.1
OG0000337	WP_082435590.1	WP_102338424.1
OG0000338	WP_089571579.1	WP_102337629.1
OG0000339	WP_089571585.1	WP_102337613.1
OG0000340	WP_089571912.1	WP_102337438.1
OG0000341	WP_089572163.1	WP_102337268.1
OG0000342	WP_089572175.1	WP_102337263.1
OG0000344	WP_089572481.1	WP_102338398.1
OG0000345	WP_089572520.1	WP_102338416.1
OG0000346	WP_089572532.1	WP_102337797.1
OG0000347	WP_089572584.1	WP_102338109.1
OG0000348	WP_089572694.1	WP_102338569.1
OG0000349	WP_089573257.1	WP_102338169.1
OG0000350	WP_089573296.1	WP_102338648.1
OG0000351	WP_089573364.1	WP_234346159.1
OG0000352	WP_089573561.1	WP_102337780.1
OG0000353	WP_089573609.1	WP_102337745.1
OG0000354	WP_089573611.1	WP_102337738.1
OG0000355	WP_089573615.1	WP_102337732.1
OG0000356	WP_089573670.1	WP_102338265.1
OG0000357	WP_089573671.1	WP_234346308.1
OG0000358	WP_089573672.1	WP_102338264.1
OG0000359	WP_089573682.1	WP_102338049.1
OG0000360	WP_099431435.1	WP_102337718.1
OG0000361	WP_099431436.1	WP_102337717.1
OG0000362	WP_099431635.1	WP_234346175.1
OG0000363	WP_099431674.1	WP_102337529.1
OG0000364	WP_099431806.1	WP_102337554.1
OG0000365	WP_099432018.1	WP_102337758.1
OG0000366	WP_099432166.1	WP_102338332.1
OG0000367	WP_099432471.1	WP_102338236.1
OG0000368	WP_117563514.1	WP_102338448.1
OG0000369	WP_117563534.1	WP_102337902.1
OG0000370	WP_117563814.1	WP_102338288.1
OG0000371	WP_117563856.1	WP_102338338.1
OG0000372	WP_117563965.1	WP_102338493.1
OG0000373	WP_117564038.1	WP_102338099.1
OG0000374	WP_117564039.1	WP_102338095.1
OG0000375	WP_117564242.1	WP_102337493.1
OG0000376	WP_117564265.1	WP_102337431.1
OG0000377	WP_117564389.1	WP_102337316.1
OG0000378	WP_117564743.1	WP_102337949.1
OG0000379	WP_117564871.1	WP_102337716.1
OG0000380	WP_117564881.1	WP_234346113.1
OG0000381	WP_117564883.1	WP_102337230.1
OG0000382	WP_117564915.1	WP_102338278.1
OG0000384	WP_117583361.1	WP_102338340.1
OG0000385	WP_117583490.1	WP_102337388.1
OG0000386	WP_117583507.1	WP_102337519.1
OG0000387	WP_117583571.1	WP_102337951.1
OG0000389	WP_117583590.1	WP_102338281.1
OG0000391	WP_117583748.1	WP_102337330.1
OG0000392	WP_117583750.1	WP_102337329.1
OG0000393	WP_117583949.1	WP_102337685.1
OG0000394	WP_117584002.1	WP_102338486.1
OG0000395	WP_117584170.1	WP_102338274.1
OG0000396	WP_117584196.1	WP_159060068.1
OG0000397	WP_117628983.1	WP_199824842.1
OG0000398	WP_117628993.1	WP_234346239.1
OG0000399	WP_117629769.1	WP_102337740.1
OG0000400	WP_117629799.1	WP_102338093.1
OG0000401	WP_117634311.1	WP_102337987.1
OG0000402	WP_117635931.1	WP_102337580.1, WP_102337710.1
OG0000403	WP_117635941.1	WP_102337748.1
OG0000404	WP_117636008.1	WP_102337625.1
OG0000405	WP_117637654.1	WP_102338342.1
OG0000406	WP_117638060.1	WP_102337753.1
OG0000407	WP_117639738.1	WP_102338558.1
OG0000408	WP_117639888.1	WP_102337509.1
OG0000409	WP_117640571.1	WP_102338473.1
OG0000411	WP_117646163.1	WP_102338048.1
OG0000412	WP_117646379.1	WP_102337492.1
OG0000413	WP_117647214.1	WP_102337628.1
OG0000414	WP_117647216.1	WP_102337627.1
OG0000415	WP_117647217.1	WP_102337626.1
OG0000416	WP_117647346.1	WP_234346184.1
OG0000417	WP_117647466.1	WP_102338446.1
OG0000418	WP_117647468.1	WP_234346338.1
OG0000419	WP_117654800.1	WP_102337473.1
OG0000420	WP_117654802.1	WP_102337510.1
OG0000421	WP_117655047.1	WP_006720939.1
OG0000422	WP_117655131.1	WP_102337301.1
OG0000423	WP_117655181.1	WP_102338470.1
OG0000424	WP_117655644.1	WP_102337233.1
OG0000425	WP_117655648.1	WP_102338543.1
OG0000426	WP_117735979.1	WP_234346200.1
OG0000427	WP_117736274.1	WP_102337569.1
OG0000428	WP_117736309.1	WP_234346170.1
OG0000429	WP_117742779.1	WP_102337437.1
OG0000431	WP_117745946.1	WP_102337488.1
OG0000432	WP_117756859.1	WP_102338333.1
OG0000433	WP_117757788.1	WP_102337272.1
OG0000435	WP_117758331.1	WP_102337346.1
OG0000436	WP_117758513.1	WP_102337471.1
OG0000437	WP_117758534.1	WP_102337430.1
OG0000438	WP_117758558.1	WP_102337288.1
OG0000439	WP_117759589.1	WP_102337978.1
OG0000440	WP_117759599.1	WP_102338037.1
OG0000441	WP_117766417.1	WP_102337997.1
OG0000442	WP_117766657.1	WP_102337424.1
OG0000443	WP_117769723.1	WP_102338145.1
OG0000444	WP_117770263.1	WP_102338017.1
OG0000445	WP_117770264.1	WP_102338016.1
OG0000446	WP_117772872.1	WP_102337972.1
OG0000447	WP_117772874.1	WP_102337960.1
OG0000448	WP_117772884.1	WP_234346230.1
OG0000449	WP_117772886.1	WP_102337956.1
OG0000450	WP_117772888.1	WP_102337955.1
OG0000451	WP_117772902.1	WP_102337944.1
OG0000452	WP_117772908.1	WP_102337937.1
OG0000453	WP_117772965.1	WP_102337347.1
OG0000454	WP_117773345.1	WP_102337759.1
OG0000455	WP_117773347.1	WP_102337765.1
OG0000456	WP_117773349.1	WP_102337766.1
OG0000457	WP_117773373.1	WP_234346361.1
OG0000459	WP_117773477.1	WP_102338417.1
OG0000460	WP_117773482.1	WP_102338412.1
OG0000461	WP_117773502.1	WP_102337453.1
OG0000462	WP_117773507.1	WP_102337461.1
OG0000463	WP_117773508.1	WP_102337462.1
OG0000464	WP_117773509.1	WP_102337463.1
OG0000465	WP_117773510.1	WP_102337465.1
OG0000466	WP_117773511.1	WP_102337466.1
OG0000467	WP_117773512.1	WP_102337467.1
OG0000468	WP_117773515.1	WP_102337472.1
OG0000469	WP_117773517.1	WP_102337505.1
OG0000470	WP_117773519.1	WP_102337511.1
OG0000472	WP_117773847.1	WP_102337542.1
OG0000473	WP_117773849.1	WP_102337544.1
OG0000474	WP_117773877.1	WP_102338102.1
OG0000476	WP_117774224.1	WP_102338143.1
OG0000477	WP_117774255.1	WP_234346310.1
OG0000478	WP_117774294.1	WP_102338478.1
OG0000479	WP_117774295.1	WP_199824894.1
OG0000480	WP_117774350.1	WP_102337969.1
OG0000481	WP_117774375.1	WP_102337795.1
OG0000482	WP_117774377.1	WP_102337800.1
OG0000483	WP_117774379.1	WP_102338227.1
OG0000484	WP_117776110.1	WP_102337714.1
OG0000485	WP_117776111.1	WP_102337712.1
OG0000486	WP_117776228.1	WP_102337516.1
OG0000487	WP_117776261.1	WP_234346158.1
OG0000488	WP_117776407.1	WP_102338276.1
OG0000489	WP_117776573.1	WP_234346306.1
OG0000490	WP_117776583.1	WP_102338055.1
OG0000491	WP_117778978.1	WP_102337986.1
OG0000492	WP_117779341.1	WP_102337307.1
OG0000494	WP_117779374.1	WP_102338275.1
OG0000495	WP_117786324.1	WP_102337287.1
OG0000496	WP_117786522.1	WP_102337364.1
OG0000497	WP_117790368.1	WP_102337538.1
OG0000498	WP_117798188.1	WP_102337571.1
OG0000499	WP_117799806.1	WP_102338282.1
OG0000500	WP_117800340.1	WP_102338248.1
OG0000501	WP_117800446.1	WP_102337691.1
OG0000502	WP_117800809.1	WP_102338156.1
OG0000503	WP_117803619.1	WP_102338567.1
OG0000504	WP_117806506.1	WP_102337645.1
OG0000505	WP_117817160.1	WP_102337750.1
OG0000506	WP_117817796.1	WP_102337320.1
OG0000507	WP_117820562.1	WP_102337477.1
OG0000508	WP_117839678.1	WP_102337769.1
OG0000509	WP_124786603.1, WP_241154585.1, WP_117839927.1	WP_102338247.1
OG0000510	WP_117839940.1	WP_102338285.1
OG0000512	WP_117839958.1	WP_102338014.1
OG0000513	WP_117840013.1	WP_102337793.1
OG0000514	WP_117840019.1	WP_102338343.1
OG0000515	WP_117840158.1	WP_102338457.1
OG0000517	WP_117840306.1	WP_102337498.1
OG0000518	WP_117840346.1	WP_102338045.1
OG0000519	WP_117840348.1	WP_102338046.1
OG0000520	WP_117840453.1	WP_102338263.1
OG0000521	WP_117843120.1	WP_102337229.1
OG0000522	WP_118079381.1	WP_102338401.1
OG0000523	WP_118081984.1	WP_102338267.1
OG0000524	WP_118094275.1	WP_102337500.1
OG0000525	WP_118225837.1	WP_102337532.1
OG0000526	WP_124786116.1, WP_118256809.1, WP_124786584.1	WP_234346312.1
OG0000527	WP_118377125.1	WP_102337240.1
OG0000528	WP_118387804.1	WP_102337409.1
OG0000529	WP_118935108.1	WP_102337267.1
OG0000530	WP_124785704.1	WP_102338142.1
OG0000531	WP_124785706.1	WP_102338146.1
OG0000532	WP_124785708.1	WP_102338062.1
OG0000534	WP_124785714.1	WP_102338107.1
OG0000535	WP_124785715.1	WP_102338106.1
OG0000536	WP_124785721.1	WP_102338094.1
OG0000537	WP_124785723.1	WP_234346269.1
OG0000538	WP_124785751.1	WP_102338286.1
OG0000539	WP_124785752.1	WP_102338287.1
OG0000540	WP_124785755.1	WP_102338277.1
OG0000541	WP_124785758.1	WP_102338015.1
OG0000542	WP_124785768.1	WP_102338155.1
OG0000543	WP_124785783.1	WP_102338200.1
OG0000544	WP_124785791.1	WP_102338203.1
OG0000545	WP_124785793.1	WP_102338270.1
OG0000546	WP_124785795.1	WP_102338272.1
OG0000547	WP_124785797.1	WP_102338033.1
OG0000548	WP_124785799.1	WP_102337289.1
OG0000549	WP_124785801.1	WP_102338030.1
OG0000550	WP_124785803.1	WP_102338029.1
OG0000551	WP_124785808.1	WP_102337921.1
OG0000552	WP_124785823.1	WP_102337992.1
OG0000553	WP_124785825.1	WP_234346246.1
OG0000554	WP_124785832.1	WP_102337989.1
OG0000555	WP_124785844.1	WP_102338620.1
OG0000556	WP_124785846.1	WP_102338297.1
OG0000557	WP_124785847.1	WP_102338298.1
OG0000558	WP_124785849.1	WP_102338299.1
OG0000559	WP_124785851.1	WP_102338036.1
OG0000560	WP_124785853.1	WP_102338224.1
OG0000561	WP_124785860.1	WP_102337961.1
OG0000562	WP_124785870.1	WP_102337919.1
OG0000563	WP_124785882.1	WP_102337917.1
OG0000565	WP_124785902.1	WP_102338339.1
OG0000566	WP_124785906.1	WP_102337890.1
OG0000567	WP_124785908.1	WP_102337889.1
OG0000568	WP_124785926.1	WP_102337882.1
OG0000569	WP_124785928.1	WP_102337881.1
OG0000571	WP_124785942.1	WP_102338365.1
OG0000572	WP_124785946.1	WP_102338369.1
OG0000573	WP_124785951.1	WP_102338370.1
OG0000574	WP_124785962.1	WP_102337869.1
OG0000575	WP_124785967.1	WP_102338552.1
OG0000576	WP_124785976.1	WP_102338413.1
OG0000577	WP_124785977.1	WP_234346329.1
OG0000579	WP_124785987.1	WP_102338437.1
OG0000582	WP_124786012.1	WP_102337779.1
OG0000583	WP_124786014.1	WP_102337768.1
OG0000584	WP_124786017.1	WP_102338292.1
OG0000585	WP_124786019.1	WP_102337755.1
OG0000586	WP_124786027.1	WP_102337399.1
OG0000587	WP_124786029.1	WP_102337683.1
OG0000588	WP_158548887.1, WP_241154617.1, WP_124786032.1	WP_102337900.1
OG0000589	WP_124786046.1	WP_102337262.1
OG0000590	WP_124786047.1	WP_102337805.1
OG0000591	WP_124786048.1	WP_159060010.1
OG0000592	WP_124786049.1	WP_102337266.1
OG0000593	WP_124786061.1	WP_102337274.1
OG0000594	WP_124786062.1	WP_102337276.1
OG0000595	WP_124786066.1	WP_102337279.1
OG0000596	WP_124786067.1	WP_102337281.1
OG0000597	WP_124786074.1	WP_102337312.1
OG0000598	WP_124786080.1	WP_102337690.1
OG0000599	WP_124786090.1	WP_102337644.1
OG0000600	WP_124786091.1, WP_241154580.1	WP_102337643.1
OG0000601	WP_124786092.1	WP_102337328.1
OG0000602	WP_124786097.1	WP_102337333.1
OG0000603	WP_124786101.1	WP_102337344.1
OG0000604	WP_124786113.1	WP_102337353.1
OG0000605	WP_124786114.1	WP_159060015.1
OG0000606	WP_124786123.1	WP_102337504.1
OG0000607	WP_124786126.1	WP_102337501.1
OG0000608	WP_124786127.1	WP_102337499.1
OG0000609	WP_124786129.1	WP_102337494.1
OG0000610	WP_124786130.1	WP_102337490.1
OG0000611	WP_124786131.1	WP_199824822.1
OG0000612	WP_124786132.1	WP_102337489.1
OG0000613	WP_124786135.1	WP_102337484.1
OG0000614	WP_124786136.1	WP_102337483.1
OG0000615	WP_124786138.1	WP_102337476.1
OG0000616	WP_124786139.1	WP_102337475.1
OG0000617	WP_124786140.1	WP_102337474.1
OG0000618	WP_124786141.1	WP_102337421.1
OG0000619	WP_124786142.1	WP_102338506.1
OG0000620	WP_124786144.1	WP_102337432.1
OG0000621	WP_124786145.1	WP_102337433.1
OG0000622	WP_124786148.1	WP_102337556.1
OG0000623	WP_124786149.1	WP_102337552.1
OG0000624	WP_124786150.1	WP_102337551.1
OG0000625	WP_124786151.1	WP_159060022.1
OG0000626	WP_124786152.1	WP_102337549.1
OG0000627	WP_124786153.1	WP_234346169.1
OG0000628	WP_124786154.1	WP_102337514.1
OG0000629	WP_124786155.1	WP_102338520.1
OG0000630	WP_124786156.1	WP_102337512.1
OG0000631	WP_124786157.1	WP_102337507.1
OG0000632	WP_124786158.1	WP_102337470.1
OG0000633	WP_124786161.1	WP_102337454.1
OG0000634	WP_124786165.1	WP_199824821.1
OG0000635	WP_124786166.1	WP_102337439.1
OG0000636	WP_124786168.1	WP_102337436.1
OG0000637	WP_124786169.1	WP_102337434.1
OG0000638	WP_124786196.1	WP_102337390.1
OG0000639	WP_124786197.1	WP_102337389.1
OG0000640	WP_124786199.1	WP_102337386.1
OG0000641	WP_124786200.1	WP_102337387.1
OG0000642	WP_124786201.1	WP_102337385.1
OG0000643	WP_124786213.1	WP_102337376.1
OG0000644	WP_124786216.1	WP_102337517.1
OG0000645	WP_124786217.1	WP_102337520.1
OG0000646	WP_124786218.1	WP_102337528.1
OG0000647	WP_124786220.1	WP_102337533.1
OG0000648	WP_124786222.1	WP_102337541.1
OG0000649	WP_124786232.1	WP_102337412.1
OG0000650	WP_124786233.1	WP_234346138.1
OG0000651	WP_124786234.1	WP_102337407.1
OG0000652	WP_124786236.1	WP_102337404.1
OG0000653	WP_124786237.1	WP_102337403.1
OG0000654	WP_124786238.1	WP_102337402.1
OG0000655	WP_124786239.1	WP_102337561.1
OG0000656	WP_124786240.1	WP_102337562.1
OG0000657	WP_124786241.1	WP_102337565.1
OG0000658	WP_124786242.1	WP_102337567.1
OG0000659	WP_124786243.1	WP_102337568.1
OG0000660	WP_124786277.1	WP_102338528.1
OG0000661	WP_124786278.1	WP_102337573.1
OG0000662	WP_124786282.1	WP_102337586.1
OG0000663	WP_124786287.1	WP_234346178.1
OG0000664	WP_124786297.1	WP_102338565.1
OG0000665	WP_124786305.1	WP_102337589.1
OG0000666	WP_124786314.1	WP_102337304.1
OG0000667	WP_124786315.1	WP_102337303.1
OG0000668	WP_124786316.1	WP_102337302.1
OG0000669	WP_124786321.1	WP_102337605.1
OG0000670	WP_124786322.1	WP_102337606.1
OG0000671	WP_124786324.1	WP_102337612.1
OG0000672	WP_124786326.1	WP_102337630.1
OG0000673	WP_124786327.1	WP_102337637.1
OG0000674	WP_124786331.1	WP_102337324.1
OG0000675	WP_124786333.1	WP_102337321.1
OG0000676	WP_124786337.1	WP_102337313.1
OG0000677	WP_124786338.1	WP_102337646.1
OG0000678	WP_124786341.1	WP_102337647.1
OG0000679	WP_124786343.1	WP_102337649.1
OG0000680	WP_124786347.1	WP_102338433.1
OG0000681	WP_124786354.1	WP_234346188.1
OG0000682	WP_124786361.1	WP_159060026.1
OG0000683	WP_124786371.1	WP_102337664.1
OG0000684	WP_124786373.1	WP_102337665.1
OG0000685	WP_124786374.1	WP_102338537.1
OG0000686	WP_124786389.1	WP_102337249.1
OG0000687	WP_124786390.1	WP_102337248.1
OG0000688	WP_124786392.1	WP_102337711.1, WP_102337706.1
OG0000689	WP_124786393.1	WP_102337730.1
OG0000691	WP_124786409.1	WP_102337455.1
OG0000693	WP_124786444.1, WP_124786424.1	WP_102338458.1
OG0000694	WP_124786427.1	WP_102337278.1
OG0000695	WP_124786429.1	WP_234346323.1
OG0000696	WP_124786437.1	WP_102338372.1
OG0000697	WP_124786453.1	WP_102338459.1
OG0000698	WP_124786463.1	WP_102338180.1, WP_102338411.1
OG0000699	WP_124786477.1	WP_102338344.1
OG0000700	WP_124786478.1	WP_102337513.1
OG0000701	WP_124786487.1	WP_102337910.1
OG0000702	WP_197032147.1, WP_124786494.1	WP_102337592.1
OG0000703	WP_124786500.1	WP_234346346.1, WP_102337904.1
OG0000705	WP_124786523.1	WP_102337962.1, WP_102338186.1
OG0000706	WP_124786546.1	WP_102337952.1
OG0000707	WP_124786549.1	WP_102337957.1
OG0000708	WP_124786553.1	WP_234346231.1
OG0000709	WP_124786554.1	WP_102338279.1
OG0000710	WP_124786558.1	WP_234346316.1
OG0000711	WP_124786559.1	WP_102338294.1
OG0000712	WP_124786560.1	WP_102338293.1
OG0000713	WP_124786600.1	WP_102338256.1
OG0000714	WP_124786601.1	WP_102338253.1
OG0000715	WP_124786607.1	WP_102338043.1
OG0000716	WP_124786614.1	WP_108722517.1
OG0000717	WP_124786620.1	WP_102338119.1
OG0000718	WP_124786622.1	WP_234346371.1
OG0000719	WP_124786629.1	WP_102338149.1
OG0000720	WP_124786643.1	WP_102338225.1
OG0000721	WP_124786645.1	WP_199824851.1
OG0000722	WP_124786646.1	WP_102338215.1
OG0000723	WP_124786655.1	WP_102338057.1
OG0000724	WP_124786656.1	WP_102338058.1
OG0000725	WP_124786657.1	WP_102338060.1
OG0000726	WP_124786658.1	WP_102338061.1
OG0000727	WP_124786666.1	WP_159060066.1
OG0000728	WP_124786667.1	WP_102338129.1
OG0000729	WP_124786668.1	WP_234346281.1
OG0000730	WP_124786669.1	WP_102338130.1
OG0000731	WP_124786671.1	WP_102338136.1
OG0000732	WP_124786679.1	WP_199824840.1
OG0000733	WP_124786697.1	WP_102338494.1
OG0000734	WP_124786701.1	WP_234346147.1
OG0000735	WP_124786703.1	WP_102338524.1
OG0000736	WP_124786720.1	WP_102337314.1
OG0000737	WP_158551940.1	WP_102338161.1
OG0000738	WP_158564553.1	WP_102337999.1
OG0000739	WP_158564979.1	WP_102337357.1
OG0000740	WP_158571639.1	WP_102337958.1
OG0000741	WP_164473271.1	WP_159060052.1
OG0000742	WP_164473302.1	WP_102337384.1
OG0000743	WP_164473304.1	WP_102337537.1
OG0000744	WP_164473312.1	WP_102338434.1
OG0000745	WP_164473316.1	WP_102337751.1
OG0000746	WP_164473333.1	WP_159060049.1
OG0000747	WP_164473351.1	WP_234346377.1
OG0000748	WP_171021534.1	WP_102337481.1
OG0000749	WP_171021546.1	WP_102337787.1
OG0000750	WP_187361832.1	WP_199824819.1
OG0000751	WP_192934494.1	WP_199824843.1
OG0000752	WP_192934514.1	WP_102337450.1
OG0000753	WP_192934533.1	WP_199824852.1
OG0000754	WP_195644174.1	WP_199824863.1
OG0000755	WP_197032141.1	WP_199824880.1
OG0000756	WP_197032236.1	WP_199824856.1
OG0000757	WP_197032771.1	WP_102337508.1
OG0000758	WP_206428082.1	WP_102337604.1
OG0000759	WP_206428097.1	WP_199824850.1
OG0000760	WP_206428098.1	WP_102338132.1
OG0000761	WP_206428099.1	WP_102338141.1
OG0000762	WP_206428100.1	WP_102338105.1
OG0000763	WP_206428110.1	WP_234346287.1
OG0000764	WP_206428119.1	WP_102337345.1
OG0000765	WP_206428120.1	WP_102337486.1
OG0000766	WP_206428129.1	WP_234346168.1
OG0000767	WP_206428131.1	WP_234346356.1
OG0000768	WP_226790441.1	WP_234346241.1
OG0000769	WP_231500751.1	WP_102337469.1
OG0000770	WP_231500808.1	WP_234346172.1
OG0000771	WP_231500813.1	WP_199824823.1
OG0000772	WP_231500818.1	WP_199824827.1
OG0000773	WP_231500839.1	WP_102338184.1
OG0000774	WP_231501535.1	WP_234346248.1
OG0000775	WP_231501558.1	WP_102338513.1
OG0000776	WP_231501564.1	WP_102337351.1
OG0000777	WP_231501569.1	WP_234346357.1
OG0000778	WP_231501570.1	WP_102337623.1
OG0000779	WP_231501590.1	WP_102337543.1
OG0000780	WP_233502825.1	WP_234346366.1
OG0000781	WP_233502990.1	WP_234346156.1
OG0000782	WP_233505669.1	WP_102337440.1
OG0000783	WP_240139041.1	WP_102337448.1
OG0000784	WP_241154575.1	WP_234346173.1
OG0000785	WP_241154577.1	WP_102337585.1
OG0000787	WP_241154583.1	WP_102337326.1
OG0000788	WP_241154587.1	WP_102337297.1
OG0000789	WP_241154592.1	WP_159060031.1
OG0000790	WP_241154597.1	WP_102338352.1
OG0000791	WP_241154601.1	WP_234346222.1
OG0000792	WP_241154602.1	WP_234346322.1
OG0000793	WP_241154605.1	WP_234346229.1
OG0000794	WP_241154607.1	WP_102337235.1
OG0000795	WP_241154611.1	WP_234346369.1
OG0000796	WP_241154612.1	WP_102338134.1
OG0000797	WP_241154613.1	WP_102338140.1
OG0000798	WP_241154614.1	WP_234346278.1
OG0000799	WP_241154616.1	WP_102338232.1
OG0000802	WP_241154639.1	WP_234346117.1
OG0000803	WP_241154643.1	WP_234346194.1
OG0000804	WP_241154647.1	WP_234346167.1
OG0000805	WP_241154649.1	WP_102338508.1
OG0000807	WP_241154655.1	WP_102338382.1
OG0000808	WP_241154657.1	WP_234346354.1
OG0000809	WP_241154658.1	WP_102338536.1
OG0000810	WP_241154664.1	WP_234346368.1
OG0000828	WP_006235089.1	WP_102337979.1
OG0000829	WP_124786740.1, WP_052044110.1, WP_006235292.1	WP_102337258.1
OG0000830	WP_006236139.1	WP_102337578.1, WP_102337707.1
OG0000831	WP_022093893.1	WP_006723104.1
OG0000836	WP_055251626.1	WP_102337603.1
OG0000837	WP_055309519.1	WP_102337725.1, WP_102338504.1
OG0000838	WP_089573311.1, WP_117855262.1	WP_102338471.1
OG0000839	WP_089573579.1, WP_117647577.1	WP_234346228.1
OG0000840	WP_117563517.1	WP_102338242.1
OG0000844	WP_117564237.1	WP_102338519.1
OG0000845	WP_117564750.1	WP_102337939.1
OG0000849	WP_117583242.1	WP_102337485.1
OG0000850	WP_117583754.1	WP_102338432.1
OG0000852	WP_231500836.1, WP_117638035.1	WP_102338085.1
OG0000854	WP_117655878.1	WP_102337354.1
OG0000855	WP_117716377.1	WP_102338246.1
OG0000856	WP_241154661.1, WP_117735519.1	WP_102338388.1, WP_234346253.1
OG0000858	WP_117746564.1	WP_102337764.1
OG0000859	WP_117765703.1	WP_102337410.1
OG0000860	WP_117766059.1	WP_102337579.1, WP_234346358.1
OG0000861	WP_117772906.1, WP_233506705.1	WP_102337938.1
OG0000864	WP_117773484.1	WP_102337570.1
OG0000866	WP_117773501.1	WP_102337452.1
OG0000867	WP_117773876.1	WP_234346258.1
OG0000868	WP_117774095.1	WP_102337988.1
OG0000869	WP_117786521.1	WP_102337363.1
OG0000870	WP_117786524.1	WP_234346353.1
OG0000872	WP_124785918.1, WP_117803851.1	WP_102337680.1
OG0000873	WP_117806188.1	WP_102338027.1, WP_102337659.1
OG0000874	WP_117839941.1	WP_159060063.1
OG0000875	WP_117839952.1	WP_102337760.1
OG0000878	WP_117848292.1	WP_102338439.1
OG0000883	WP_118226642.1	WP_102338028.1
OG0000890	WP_124785805.1	WP_102337298.1
OG0000895	WP_124785958.1, WP_124785957.1, WP_124786223.1	WP_102337822.1
OG0000896	WP_124785968.1	WP_102337813.1
OG0000898	WP_124785994.1	WP_102337253.1
OG0000899	WP_124785997.1, WP_124786055.1	WP_234346326.1
OG0000900	WP_124786003.1	WP_102338410.1
OG0000901	WP_164473265.1, WP_124786034.1	WP_234346376.1
OG0000902	WP_124786036.1	WP_102338646.1
OG0000903	WP_124786063.1	WP_102337653.1
OG0000907	WP_124786125.1	WP_102337502.1
OG0000908	WP_124786191.1	WP_102337396.1
OG0000909	WP_241154606.1, WP_124786193.1	WP_102337394.1
OG0000910	WP_124786269.1, WP_124786194.1	WP_102337393.1
OG0000911	WP_124786195.1, WP_124786596.1	WP_102338499.1
OG0000918	WP_124786313.1	WP_102337306.1
OG0000922	WP_124786378.1	WP_199824828.1, WP_102337668.1
OG0000923	WP_124786385.1	WP_102337903.1, WP_102337286.1
OG0000926	WP_124786439.1	WP_234346267.1
OG0000927	WP_124786440.1	WP_102338090.1
OG0000928	WP_124786441.1	WP_102338360.1
OG0000929	WP_124786445.1	WP_199824854.1
OG0000938	WP_124786501.1, WP_206428081.1	WP_102337588.1
OG0000939	WP_124786529.1, WP_241154662.1	WP_102337934.1
OG0000940	WP_124786576.1	WP_102337663.1, WP_102337666.1
OG0000941	WP_124786581.1	WP_159060044.1
OG0000943	WP_124786616.1, WP_161194713.1	WP_102338089.1
OG0000945	WP_124786642.1	WP_234346331.1
OG0000946	WP_124786648.1	WP_102338211.1
OG0000947	WP_124786652.1	WP_102338101.1
OG0000949	WP_124786661.1	WP_159060064.1
OG0000950	WP_164473296.1	WP_159060079.1
OG0000957	WP_231500817.1	WP_102337608.1
OG0000963	WP_241154637.1	WP_102337686.1
OG0001018	WP_006234438.1	WP_199824868.1
OG0001021	WP_006235554.1	WP_102337341.1
OG0001022	WP_006236119.1	WP_102337397.1
OG0001023	WP_022094483.1	WP_102337632.1
OG0001024	WP_022094575.1	WP_102337373.1
OG0001025	WP_022094612.1	WP_102337943.1
OG0001026	WP_022094714.1	WP_102337548.1
OG0001029	WP_035137086.1	WP_102338480.1
OG0001031	WP_055250441.1	WP_102337374.1
OG0001033	WP_055251210.1	WP_102337940.1
OG0001034	WP_055251737.1	WP_102338151.1
OG0001035	WP_055251966.1	WP_102337914.1
OG0001036	WP_055252061.1	WP_102337239.1
OG0001039	WP_055252290.1	WP_102337340.1
OG0001040	WP_055252439.1	WP_102338314.1
OG0001041	WP_055287259.1	WP_102337325.1
OG0001042	WP_055309641.1	WP_102338296.1
OG0001043	WP_055310425.1	WP_102337950.1
OG0001044	WP_070097113.1	WP_102338421.1
OG0001045	WP_082435553.1	WP_199824891.1
OG0001046	WP_089572030.1	WP_102337332.1
OG0001047	WP_089572116.1	WP_234346187.1
OG0001048	WP_089572403.1	WP_102337941.1
OG0001049	WP_089572422.1	WP_102337959.1
OG0001050	WP_089572509.1	WP_102337655.1
OG0001051	WP_089572525.1	WP_234346362.1
OG0001052	WP_089572580.1	WP_102338063.1
OG0001055	WP_089573307.1	WP_102338474.1
OG0001056	WP_089573603.1	WP_102337231.1
OG0001059	WP_099431890.1	WP_102337327.1
OG0001062	WP_117563508.1	WP_102338451.1
OG0001063	WP_117563509.1	WP_102338450.1
OG0001064	WP_117563516.1	WP_102338423.1
OG0001065	WP_117563734.1	WP_102338213.1
OG0001066	WP_117563868.1	WP_102338438.1
OG0001067	WP_117564079.1	WP_102337392.1
OG0001068	WP_117564109.1	WP_199824818.1
OG0001069	WP_117564424.1	WP_102337681.1
OG0001070	WP_117564474.1	WP_234346125.1
OG0001073	WP_117583713.1	WP_102338233.1
OG0001074	WP_117583756.1	WP_102337909.1
OG0001075	WP_117583829.1	WP_234346244.1
OG0001076	WP_117629294.1	WP_102337414.1
OG0001077	WP_117629310.1	WP_102337535.1
OG0001079	WP_117629752.1, WP_124786572.1	WP_159060036.1
OG0001080	WP_117630036.1	WP_102338612.1
OG0001081	WP_117634813.1	WP_102337756.1
OG0001082	WP_117637022.1	WP_102338334.1
OG0001083	WP_117637170.1	WP_102338230.1
OG0001084	WP_117640236.1	WP_102337913.1
OG0001085	WP_117645937.1	WP_102338035.1
OG0001087	WP_117647773.1	WP_102338053.1
OG0001089	WP_117655043.1	WP_102338440.1
OG0001090	WP_117655044.1	WP_102338441.1
OG0001095	WP_117757471.1	WP_199824817.1
OG0001096	WP_117758359.1	WP_102338313.1
OG0001097	WP_117758387.1	WP_102337912.1
OG0001098	WP_117758557.1	WP_102337291.1
OG0001100	WP_117759752.1	WP_102337996.1
OG0001102	WP_117766202.1	WP_102338258.1
OG0001103	WP_117766270.1	WP_102338229.1
OG0001106	WP_117772910.1	WP_102337945.1
OG0001108	WP_117772967.1	WP_234346206.1
OG0001109	WP_117772973.1	WP_234346133.1
OG0001111	WP_117773365.1	WP_234346202.1
OG0001113	WP_117773489.1	WP_102337792.1
OG0001114	WP_117773499.1	WP_102337451.1
OG0001115	WP_117773513.1	WP_234346161.1
OG0001120	WP_117773693.1	WP_102338228.1
OG0001121	WP_117773810.1	WP_102337378.1
OG0001122	WP_117773845.1	WP_102337539.1
OG0001124	WP_117774376.1	WP_102337799.1
OG0001125	WP_117774378.1	WP_102337801.1
OG0001126	WP_117776642.1	WP_234346319.1
OG0001128	WP_117790364.1	WP_102337534.1
OG0001129	WP_117790460.1	WP_102338328.1, WP_102337372.1
OG0001130	WP_117797767.1	WP_102337398.1
OG0001134	WP_117803239.1	WP_102337391.1
OG0001136	WP_117820255.1	WP_102337527.1
OG0001140	WP_117840021.1	WP_102338341.1
OG0001142	WP_117840334.1	WP_102338374.1
OG0001147	WP_118094091.1	WP_102338464.1
OG0001149	WP_118206253.1	WP_102337998.1
OG0001150	WP_118227279.1	WP_234346120.1
OG0001152	WP_118258627.1	WP_102337995.1
OG0001156	WP_118335107.1	WP_234346119.1
OG0001158	WP_118388206.1	WP_102337704.1
OG0001159	WP_118450645.1	WP_102338031.1
OG0001160	WP_124785705.1	WP_102338144.1
OG0001161	WP_124785717.1	WP_102338103.1
OG0001169	WP_124785759.1	WP_102338455.1
OG0001170	WP_124785785.1	WP_102338201.1
OG0001171	WP_124785807.1	WP_102337920.1
OG0001172	WP_124785838.1	WP_234346243.1
OG0001173	WP_124785843.1	WP_159060051.1
OG0001175	WP_124785944.1	WP_102338367.1
OG0001178	WP_124785953.1	WP_102337803.1
OG0001179	WP_124785955.1	WP_102337802.1
OG0001180	WP_124785960.1	WP_102338361.1
OG0001181	WP_124785985.1	WP_102338445.1
OG0001185	WP_124786020.1	WP_102337754.1
OG0001189	WP_124786028.1	WP_102337684.1
OG0001191	WP_124786040.1	WP_102337260.1
OG0001193	WP_124786053.1	WP_102337269.1
OG0001195	WP_124786065.1	WP_102337650.1
OG0001196	WP_124786068.1	WP_102337283.1
OG0001197	WP_124786071.1	WP_102337309.1
OG0001198	WP_124786076.1	WP_102337241.1
OG0001199	WP_124786077.1	WP_102338542.1
OG0001201	WP_124786096.1	WP_102337331.1
OG0001202	WP_124786098.1	WP_102337335.1
OG0001204	WP_124786122.1	WP_234346256.1
OG0001205	WP_124786124.1	WP_102337503.1
OG0001206	WP_124786128.1	WP_102337496.1
OG0001207	WP_124786160.1	WP_102337458.1
OG0001209	WP_124786190.1	WP_102338501.1
OG0001210	WP_124786192.1	WP_234346355.1
OG0001211	WP_124786203.1	WP_102337379.1
OG0001212	WP_124786221.1	WP_102337536.1
OG0001214	WP_124786230.1	WP_102337415.1
OG0001216	WP_124786275.1	WP_102337572.1
OG0001222	WP_124786306.1	WP_102337596.1
OG0001223	WP_124786328.1	WP_102337638.1
OG0001224	WP_124786332.1	WP_102337323.1
OG0001226	WP_124786362.1	WP_102337661.1
OG0001227	WP_124786372.1	WP_102338443.1
OG0001231	WP_124786396.1	WP_234346351.1
OG0001232	WP_124786398.1	WP_102338476.1
OG0001233	WP_124786400.1	WP_102338472.1
OG0001234	WP_124786404.1	WP_102338453.1
OG0001236	WP_124786408.1	WP_234346330.1
OG0001242	WP_124786430.1	WP_102338039.1
OG0001243	WP_124786431.1	WP_102337277.1
OG0001246	WP_124786447.1	WP_234346344.1
OG0001248	WP_124786449.1	WP_234346122.1
OG0001250	WP_124786475.1	WP_234346373.1
OG0001251	WP_124786476.1	WP_102338345.1
OG0001252	WP_124786481.1	WP_234346220.1
OG0001253	WP_124786482.1	WP_102337896.1
OG0001257	WP_124786505.1	WP_102338331.1
OG0001258	WP_124786508.1	WP_102338330.1
OG0001259	WP_124786538.1	WP_102338378.1
OG0001260	WP_124786545.1	WP_102337947.1
OG0001261	WP_124786557.1	WP_102337618.1, WP_102337929.1
OG0001270	WP_124786577.1	WP_102337678.1
OG0001271	WP_124786578.1	WP_102337667.1
OG0001272	WP_124786579.1	WP_234346191.1
OG0001273	WP_124786606.1	WP_234346132.1
OG0001274	WP_124786647.1	WP_102338212.1
OG0001276	WP_124786654.1	WP_102338583.1
OG0001277	WP_124786662.1	WP_102338125.1
OG0001278	WP_124786663.1	WP_102338126.1
OG0001279	WP_124786665.1	WP_159060065.1
OG0001280	WP_124786670.1	WP_102338131.1
OG0001282	WP_158551271.1	WP_159060020.1
OG0001284	WP_158565721.1	WP_102337887.1
OG0001289	WP_164473286.1	WP_102337682.1
OG0001291	WP_164473297.1	WP_102337435.1
OG0001292	WP_164473301.1	WP_102338500.1
OG0001294	WP_164473317.1	WP_199824865.1
OG0001295	WP_164473331.1	WP_102338226.1
OG0001296	WP_164473334.1	WP_102337976.1
OG0001298	WP_164473341.1	WP_102338148.1
OG0001299	WP_172622418.1	WP_102337254.1
OG0001303	WP_206428086.1	WP_102337255.1
OG0001305	WP_206428117.1	WP_102337687.1
OG0001306	WP_206428121.1	WP_199824824.1
OG0001308	WP_231500759.1	WP_234346303.1
OG0001311	WP_233503061.1	WP_102338346.1
OG0001312	WP_233543589.1	WP_234346176.1
OG0001313	WP_240138918.1	WP_234346313.1
OG0001314	WP_241154581.1	WP_102337599.1
OG0001315	WP_241154588.1	WP_234346131.1
OG0001316	WP_241154589.1	WP_102337292.1
OG0001317	WP_241154593.1	WP_102338454.1
OG0001325	WP_241154638.1	WP_102337600.1
OG0001327	WP_241154666.1	WP_234346225.1
OG0001420	WP_055310775.1	WP_102337885.1
OG0001425	WP_117564875.1	WP_102337734.1
OG0001428	WP_117634215.1	WP_102338006.1
OG0001429	WP_117637372.1	WP_102338308.1
OG0001435	WP_117648308.1	WP_102337693.1
OG0001442	WP_117766151.1	WP_234346332.1
OG0001443	WP_117772848.1	WP_102337747.1
OG0001453	WP_117839964.1	WP_102337615.1
OG0001454	WP_117839966.1	WP_102338023.1
OG0001455	WP_117840160.1	WP_159060077.1
OG0001459	WP_117840477.1	WP_102337311.1
OG0001468	WP_124785722.1	WP_102337614.1
OG0001471	WP_124785730.1	WP_102338117.1
OG0001472	WP_124785749.1	WP_159060043.1
OG0001478	WP_124785983.1	WP_102338373.1
OG0001481	WP_124786045.1	WP_102337242.1
OG0001502	WP_124786348.1	WP_102337812.1
OG0001506	WP_124786394.1	WP_102337733.1
OG0001516	WP_124786502.1	WP_102337546.1
OG0001517	WP_124786520.1	WP_159060072.1
OG0001518	WP_124786534.1	WP_102338007.1
OG0001521	WP_124786555.1	WP_102338116.1
OG0001522	WP_124786556.1	WP_102338114.1
OG0001526	WP_124786615.1	WP_102338088.1
OG0001527	WP_124786621.1	WP_102338261.1
OG0001529	WP_158558613.1	WP_102338024.1
OG0001532	WP_164473293.1	WP_102338284.1
OG0001533	WP_164473298.1	WP_159060085.1
OG0001538	WP_206428083.1	WP_102337692.1
OG0001540	WP_206428094.1	WP_102338377.1
OG0001545	WP_233503156.1	WP_159060084.1
OG0001554	WP_241154636.1	WP_102337601.1
OG0001556	WP_241154646.1	WP_159060088.1
OG0001557	WP_241154651.1	WP_234346160.1
