HOG	OG	Gene Tree Parent Clade	collinsella_aerofaciens	collinsella_intestinalis	collinsella_provencensis	senegalimassilia_anaerobia	senegalimassilia_faecalis
N1.HOG0000000	OG0000000	n1				WP_042434583.1	WP_129424323.1
N1.HOG0000001	OG0000000	n5				WP_042434586.1	WP_129424321.1
N1.HOG0000002	OG0000001	n1				WP_042435685.1	WP_129424626.1
N1.HOG0000003	OG0000001	n5				WP_202898049.1	WP_129424547.1
N1.HOG0000004	OG0000002	n2				WP_042432605.1	WP_129423327.1
N1.HOG0000005	OG0000002	n5				WP_042433509.1	WP_129423385.1
N1.HOG0000006	OG0000002	n9				WP_042434968.1, WP_042434970.1	WP_129423999.1
N1.HOG0000007	OG0000002	n14				WP_042432516.1	WP_042432516.1
N1.HOG0000008	OG0000003	n3					WP_129424999.1
N1.HOG0000009	OG0000003	n4					WP_201738743.1
N1.HOG0000010	OG0000003	n5				WP_042436049.1	WP_129423013.1
N1.HOG0000011	OG0000003	n9					WP_129424990.1
N1.HOG0000012	OG0000003	n10					WP_129423014.1, WP_129424974.1, WP_129425019.1, WP_129424976.1, WP_161566653.1
N1.HOG0000013	OG0000003	n17					WP_129424997.1
N1.HOG0000014	OG0000003	n19				WP_042436074.1	WP_129424992.1, WP_129423015.1
N1.HOG0000015	OG0000004	n0				WP_042435737.1	WP_201738679.1, WP_129424515.1, WP_129424529.1, WP_129425626.1, WP_129425246.1, WP_201738779.1, WP_129424695.1, WP_129425820.1, WP_129425634.1, WP_129424261.1, WP_129423613.1, WP_201738778.1, WP_201738767.1, WP_129423383.1, WP_129423028.1, WP_129425133.1
N1.HOG0000016	OG0000005	n2				WP_052297769.1	WP_236648243.1, WP_129423375.1
N1.HOG0000017	OG0000005	n4				WP_052297788.1	WP_129424287.1, WP_129423043.1
N1.HOG0000018	OG0000008	n1				WP_042436896.1	WP_129423848.1
N1.HOG0000019	OG0000008	n6					WP_236648285.1
N1.HOG0000020	OG0000008	n9				WP_081469081.1	WP_129425172.1
N1.HOG0000021	OG0000009	n2				WP_042432387.1	WP_129423621.1
N1.HOG0000022	OG0000009	n4				WP_202898150.1	WP_201738732.1
N1.HOG0000023	OG0000009	n6					WP_129425836.1, WP_201738722.1, WP_129424891.1, WP_201738791.1
N1.HOG0000024	OG0000009	n11				WP_222859231.1	WP_129423842.1
N1.HOG0000025	OG0000009	n12				WP_238318272.1	WP_236648291.1
N1.HOG0000026	OG0000009	n13				WP_052297765.1, WP_042435680.1	WP_129424620.1
N1.HOG0000027	OG0000010	n1				WP_042432580.1	WP_129425624.1
N1.HOG0000028	OG0000010	n3				WP_042432572.1	WP_129425249.1
N1.HOG0000029	OG0000010	n4				WP_042432375.1	WP_129425632.1, WP_129425818.1, WP_129424697.1, WP_201738636.1, WP_129425476.1, WP_129424512.1, WP_129424527.1, WP_201738713.1, WP_129423289.1, WP_129424263.1, WP_129423611.1
N1.HOG0000030	OG0000012	n1					WP_129425253.1
N1.HOG0000031	OG0000012	n2					WP_129425117.1
N1.HOG0000032	OG0000013	n1				WP_042435327.1	WP_129426113.1
N1.HOG0000033	OG0000013	n8					WP_129423202.1
N1.HOG0000034	OG0000013	n9				WP_042434983.1	WP_129423997.1
N1.HOG0000035	OG0000014	n3				WP_042433088.1	WP_201738608.1
N1.HOG0000036	OG0000014	n6					WP_129423127.1
N1.HOG0000037	OG0000014	n7					WP_129423335.1
N1.HOG0000038	OG0000014	n8				WP_238318312.1, WP_042435885.1	WP_129425548.1
N1.HOG0000039	OG0000016	n0					WP_129424352.1
N1.HOG0000040	OG0000017	n1				WP_042435955.1, WP_081468888.1, WP_202898044.1	WP_201738618.1
N1.HOG0000041	OG0000017	n8				WP_042433005.1	WP_129424596.1
N1.HOG0000042	OG0000017	n9				WP_042436936.1	WP_129423808.1
N1.HOG0000043	OG0000018	n5				WP_042434463.1	WP_129423969.1
N1.HOG0000044	OG0000018	n6				WP_042435759.1	WP_129425220.1, WP_129424797.1
N1.HOG0000045	OG0000018	n8				WP_042434469.1	WP_129423830.1, WP_129424428.1
N1.HOG0000046	OG0000018	n10				WP_052297829.1	WP_129424224.1
N1.HOG0000047	OG0000020	n1				WP_042434755.1	WP_129424174.1
N1.HOG0000048	OG0000020	n5				WP_042432008.1	WP_129425896.1, WP_129423771.1
N1.HOG0000049	OG0000021	n1				WP_052297753.1	WP_161566596.1
N1.HOG0000050	OG0000021	n2				WP_042433000.1	WP_201738610.1, WP_129424458.1, WP_129425672.1, WP_129423151.1, WP_129425255.1, WP_129422849.1, WP_129422979.1, WP_129425852.1
N1.HOG0000051	OG0000022	n0				WP_202898145.1	WP_201738726.1
N1.HOG0000052	OG0000023	n1				WP_238318300.1	WP_129425192.1
N1.HOG0000053	OG0000023	n5					WP_129423433.1
N1.HOG0000054	OG0000024	n1				WP_042433056.1	
N1.HOG0000055	OG0000024	n2				WP_042436862.1	WP_129424725.1, WP_236648234.1, WP_129424510.1, WP_161566661.1, WP_161566638.1, WP_129423872.1
N1.HOG0000056	OG0000025	n1				WP_202898146.1, WP_052297757.1	WP_129424670.1
N1.HOG0000057	OG0000025	n4				WP_081469046.1, WP_042433182.1	WP_117655969.1
N1.HOG0000058	OG0000026	n1				WP_238318299.1	WP_129423366.1
N1.HOG0000059	OG0000026	n5				WP_042434823.1	WP_129424115.1
N1.HOG0000060	OG0000027	n1					WP_129424584.1
N1.HOG0000061	OG0000027	n3				WP_081468876.1	WP_161566617.1
N1.HOG0000062	OG0000028	n1				WP_187364748.1	WP_129422829.1
N1.HOG0000063	OG0000028	n5				WP_042433329.1	WP_129423057.1
N1.HOG0000064	OG0000029	n1					WP_129424861.1, WP_129425309.1
N1.HOG0000065	OG0000029	n5				WP_081468868.1	WP_129423391.1
N1.HOG0000066	OG0000030	n1				WP_042436298.1	WP_129425729.1
N1.HOG0000067	OG0000030	n3				WP_042432256.1	WP_129423493.1
N1.HOG0000068	OG0000031	n1					WP_129423204.1
N1.HOG0000069	OG0000031	n5				WP_042434991.1	WP_129423993.1
N1.HOG0000070	OG0000032	n0				WP_042433891.1	WP_129422992.1
N1.HOG0000071	OG0000033	n1				WP_081469013.1	WP_129424843.1
N1.HOG0000072	OG0000033	n3				WP_202898091.1	WP_201738574.1
N1.HOG0000073	OG0000034	n0				WP_042434285.1	WP_129422842.1
N1.HOG0000074	OG0000035	n2				WP_042433930.1	WP_129422975.1
N1.HOG0000075	OG0000035	n3				WP_042432045.1	WP_129423741.1
N1.HOG0000076	OG0000038	n4				WP_081468861.1	WP_129423617.1
N1.HOG0000077	OG0000038	n5				WP_202898034.1	WP_129424279.1, WP_201738635.1
N1.HOG0000078	OG0000038	n7				WP_042435618.1	WP_161566669.1
N1.HOG0000079	OG0000039	n0				WP_042436286.1	
N1.HOG0000080	OG0000040	n6				WP_042434287.1	WP_129422841.1
N1.HOG0000081	OG0000040	n7				WP_148514770.1	WP_129423743.1
N1.HOG0000082	OG0000041	n0				WP_042432724.1	WP_129423260.1
N1.HOG0000083	OG0000042	n1				WP_238318301.1	WP_129425238.1
N1.HOG0000084	OG0000042	n3				WP_148514760.1	WP_129423135.1, WP_129425236.1, WP_161566615.1
N1.HOG0000085	OG0000043	n1				WP_042432478.1	WP_201738643.1
N1.HOG0000086	OG0000043	n5				WP_238318264.1	WP_129422944.1
N1.HOG0000087	OG0000044	n1				WP_042432446.1	WP_129423400.1
N1.HOG0000088	OG0000044	n4					WP_129425668.1
N1.HOG0000089	OG0000045	n0				WP_042432415.1	WP_129423646.1
N1.HOG0000090	OG0000046	n0				WP_042432412.1	WP_129423644.1
N1.HOG0000091	OG0000048	n1					WP_161566586.1
N1.HOG0000092	OG0000048	n4				WP_042434989.1	WP_129423995.1
N1.HOG0000093	OG0000050	n0				WP_042436574.1	WP_129425588.1, WP_129425556.1
N1.HOG0000094	OG0000051	n1				WP_202898133.1	WP_201738841.1
N1.HOG0000095	OG0000051	n5				WP_081468991.1	WP_129425401.1
N1.HOG0000096	OG0000052	n4				WP_042434877.1	WP_129424072.1
N1.HOG0000097	OG0000052	n5				WP_052297894.1, WP_202898112.1	WP_129424100.1
N1.HOG0000098	OG0000053	n1				WP_081468936.1	WP_236648217.1
N1.HOG0000099	OG0000053	n4				WP_042436478.1	
N1.HOG0000100	OG0000054	n0				WP_042432110.1	WP_129423403.1
N1.HOG0000101	OG0000055	n0				WP_042434966.1	WP_129424001.1
N1.HOG0000102	OG0000056	n1				WP_042435033.1	WP_129423951.1
N1.HOG0000103	OG0000056	n4				WP_052297822.1	WP_161566609.1
N1.HOG0000104	OG0000057	n4				WP_042432335.1	WP_129423557.1
N1.HOG0000105	OG0000057	n5				WP_042435861.1	WP_129423874.1, WP_129425111.1
N1.HOG0000106	OG0000059	n0				WP_162096578.1	WP_236648337.1
N1.HOG0000107	OG0000060	n0				WP_081469072.1	WP_129423918.1
N1.HOG0000108	OG0000061	n0				WP_042436060.1, WP_042435450.1	WP_129425876.1
N1.HOG0000109	OG0000062	n3				WP_042434075.1	WP_161566570.1
N1.HOG0000110	OG0000062	n5					WP_129425431.1
N1.HOG0000111	OG0000063	n1				WP_052297766.1	WP_129423266.1
N1.HOG0000112	OG0000063	n5				WP_042436959.1	WP_129423791.1
N1.HOG0000113	OG0000064	n3				WP_042432040.1	WP_129424508.1
N1.HOG0000114	OG0000064	n5				WP_042435806.1	WP_129424769.1
N1.HOG0000115	OG0000065	n0				WP_238318321.1	WP_129423281.1, WP_129425135.1, WP_129425520.1, WP_129425092.1
N1.HOG0000116	OG0000066	n1				WP_042436791.1	WP_129425516.1
N1.HOG0000117	OG0000066	n3				WP_042434429.1	WP_129424478.1
N1.HOG0000118	OG0000067	n0				WP_081468843.1	WP_129424986.1, WP_129424964.1, WP_201738741.1, WP_201738671.1
N1.HOG0000119	OG0000068	n3				WP_042432827.1	WP_201738623.1
N1.HOG0000120	OG0000068	n5				WP_042434725.1	WP_129423074.1
N1.HOG0000121	OG0000068	n6				WP_042433173.1	WP_201738603.1
N1.HOG0000122	OG0000069	n4				WP_042434631.1	WP_129425159.1
N1.HOG0000123	OG0000069	n5				WP_081468997.1	WP_129424632.1, WP_269089561.1
N1.HOG0000124	OG0000070	n0				WP_042435849.1, WP_042436453.1, WP_042434022.1, WP_042432358.1, WP_042434388.1	WP_129424502.1
N1.HOG0000125	OG0000071	n1				WP_042432592.1	WP_129423332.1
N1.HOG0000126	OG0000071	n4				WP_042432384.1	WP_129423619.1
N1.HOG0000127	OG0000071	n5				WP_052297848.1	WP_201738641.1, WP_129425206.1
N1.HOG0000128	OG0000072	n1				WP_148514780.1	WP_161566698.1
N1.HOG0000129	OG0000072	n3				WP_162096580.1	WP_201738728.1, WP_129423380.1, WP_161566705.1
N1.HOG0000130	OG0000072	n6				WP_052297758.1	WP_129425251.1
N1.HOG0000131	OG0000073	n0				WP_042434986.1	WP_236648265.1
N1.HOG0000132	OG0000074	n0				WP_042433868.1	WP_201738817.1
N1.HOG0000133	OG0000075	n0				WP_042436406.1, WP_042436419.1, WP_042433967.1	WP_161566572.1
N1.HOG0000134	OG0000076	n0				WP_042436029.1	WP_161566648.1
N1.HOG0000135	OG0000077	n0					WP_129425226.1
N1.HOG0000136	OG0000078	n4				WP_042434316.1	WP_129422827.1
N1.HOG0000137	OG0000078	n5				WP_042434766.1	WP_161566616.1
N1.HOG0000138	OG0000079	n1				WP_162096553.1	
N1.HOG0000139	OG0000079	n2				WP_042434487.1	WP_129424404.1
N1.HOG0000140	OG0000080	n0				WP_042434821.1	WP_129423953.1, WP_129424117.1
N1.HOG0000141	OG0000082	n0				WP_042432935.1	WP_129425341.1, WP_129425343.1, WP_129423179.1
N1.HOG0000142	OG0000083	n0				WP_042433865.1	WP_129422999.1
N1.HOG0000143	OG0000084	n1					WP_236648306.1
N1.HOG0000144	OG0000084	n3				WP_238318304.1	WP_129424419.1
N1.HOG0000145	OG0000086	n0				WP_042435880.1	WP_129424829.1
N1.HOG0000146	OG0000087	n4				WP_052297937.1	WP_201738683.1
N1.HOG0000147	OG0000087	n5				WP_042436814.1	WP_236648328.1
N1.HOG0000148	OG0000088	n0				WP_158574162.1	WP_129425204.1
N1.HOG0000149	OG0000089	n1					WP_161566623.1
N1.HOG0000150	OG0000089	n2				WP_042432670.1	WP_129423299.1
N1.HOG0000151	OG0000090	n0				WP_042435396.1	WP_129425449.1
N1.HOG0000152	OG0000091	n2				WP_042432712.1	WP_129423269.1
N1.HOG0000153	OG0000091	n3				WP_042436618.1	WP_129425499.1
N1.HOG0000154	OG0000092	n0				WP_042435847.1, WP_081469038.1, WP_042432946.1	WP_129423175.1
N1.HOG0000155	OG0000093	n0				WP_042433094.1	WP_161566618.1
N1.HOG0000156	OG0000094	n0				WP_081468938.1	WP_129424454.1
N1.HOG0000157	OG0000095	n0				WP_042435809.1	WP_129424767.1
N1.HOG0000158	OG0000096	n1				WP_238318311.1	
N1.HOG0000159	OG0000096	n4				WP_052297880.1	
N1.HOG0000160	OG0000097	n0				WP_238318310.1, WP_042435452.1	WP_129425435.1
N1.HOG0000161	OG0000098	n0				WP_042435718.1	WP_236648283.1
N1.HOG0000162	OG0000099	n2				WP_042436476.1	WP_129425776.1
N1.HOG0000163	OG0000099	n3				WP_042436974.1	WP_129423777.1
N1.HOG0000164	OG0000100	n1					WP_129425417.1
N1.HOG0000165	OG0000100	n4					WP_201738774.1
N1.HOG0000166	OG0000101	n0				WP_042436531.1, WP_042436529.1, WP_162096559.1, WP_052297864.1, WP_052297831.1	WP_161566697.1
N1.HOG0000167	OG0000102	n4				WP_042432637.1	WP_129423313.1
N1.HOG0000168	OG0000102	n5				WP_042432184.1	WP_129423441.1
N1.HOG0000169	OG0000103	n0				WP_238318246.1	WP_201738617.1
N1.HOG0000170	OG0000104	n0				WP_042432819.1	WP_129423221.1
N1.HOG0000171	OG0000105	n1					WP_129423106.1
N1.HOG0000172	OG0000105	n2				WP_042433975.1	WP_129422956.1
N1.HOG0000173	OG0000106	n0				WP_238318292.1, WP_238318313.1	WP_129425441.1, WP_201738793.1
N1.HOG0000174	OG0000108	n1				WP_042432594.1	WP_129423331.1
N1.HOG0000175	OG0000108	n2				WP_052297737.1	WP_129424277.1, WP_161566575.1, WP_201738642.1, WP_201738655.1
N1.HOG0000176	OG0000109	n1				WP_042432602.1	WP_129423328.1
N1.HOG0000177	OG0000109	n3				WP_042434773.1	WP_129424160.1
N1.HOG0000178	OG0000109	n4				WP_052297791.1, WP_042435957.1	WP_161566621.1
N1.HOG0000179	OG0000110	n0					WP_129425628.1, WP_129425636.1, WP_129425478.1, WP_129424693.1, WP_129424259.1, WP_129425244.1, WP_129425822.1
N1.HOG0000180	OG0000111	n0				WP_042433932.1	WP_129422974.1
N1.HOG0000181	OG0000112	n0				WP_042433996.1	WP_129422948.1
N1.HOG0000182	OG0000113	n0				WP_042431951.1	WP_129422973.1, WP_129423404.1
N1.HOG0000183	OG0000114	n0				WP_042432023.1	WP_129423761.1
N1.HOG0000184	OG0000115	n0				WP_042434626.1	WP_129425155.1
N1.HOG0000185	OG0000117	n0				WP_081468844.1	WP_129423749.1
N1.HOG0000186	OG0000118	n0				WP_202898100.1	WP_201738709.1
N1.HOG0000187	OG0000120	n0				WP_052297754.1	WP_129423389.1
N1.HOG0000188	OG0000121	n0				WP_042435671.1	WP_129425924.1, WP_269089566.1
N1.HOG0000189	OG0000122	n0					WP_129423230.1
N1.HOG0000190	OG0000123	n0				WP_042431935.1, WP_042434874.1	WP_129424074.1
N1.HOG0000191	OG0000124	n0				WP_042437040.1	WP_129425170.1
N1.HOG0000192	OG0000125	n0				WP_042435024.1	WP_236648264.1
N1.HOG0000193	OG0000126	n0				WP_042436301.1, WP_042432246.1	WP_129423489.1
N1.HOG0000194	OG0000127	n0				WP_042432121.1	WP_129423407.1
N1.HOG0000195	OG0000128	n0				WP_042435716.1	WP_129424656.1
N1.HOG0000196	OG0000129	n0					WP_117628938.1
N1.HOG0000197	OG0000130	n0				WP_042432753.1, WP_238318243.1	WP_129423248.1
N1.HOG0000198	OG0000131	n0				WP_042434083.1	WP_129422924.1
N1.HOG0000199	OG0000132	n0				WP_042434753.1	WP_129424982.1, WP_129424176.1
N1.HOG0000200	OG0000133	n0				WP_042434205.1	WP_236648310.1, WP_129422873.1
N1.HOG0000201	OG0000134	n0				WP_042432155.1	WP_129423424.1
N1.HOG0000202	OG0000136	n0				WP_238318258.1	WP_129423246.1, WP_161566587.1
N1.HOG0000203	OG0000137	n0				WP_202898117.1	WP_129424025.1
N1.HOG0000204	OG0000138	n0				WP_042436582.1	WP_129425532.1
N1.HOG0000205	OG0000139	n0				WP_081468878.1	WP_129423270.1
N1.HOG0000206	OG0000142	n0				WP_042436071.1	WP_129425009.1, WP_129424984.1
N1.HOG0000207	OG0000143	n0				WP_042435157.1	WP_129422851.1
N1.HOG0000208	OG0000144	n0				WP_042435914.1, WP_202898047.1	WP_201738719.1
N1.HOG0000209	OG0000145	n0				WP_238318232.1	WP_236648248.1
N1.HOG0000210	OG0000146	n0				WP_052297904.1, WP_052297909.1, WP_238318308.1	WP_129424865.1
N1.HOG0000211	OG0000147	n0				WP_042436758.1	WP_129423284.1, WP_161566594.1, WP_129422791.1, WP_129423599.1
N1.HOG0000212	OG0000148	n2				WP_042435894.1	WP_161566633.1, WP_129425842.1
N1.HOG0000213	OG0000148	n4				WP_042433136.1	WP_129423120.1
N1.HOG0000214	OG0000150	n0				WP_202898027.1	WP_201738668.1
N1.HOG0000215	OG0000151	n0				WP_042435995.1	WP_129425596.1, WP_129424895.1
N1.HOG0000216	OG0000153	n0				WP_042434527.1	WP_129424374.1
N1.HOG0000217	OG0000154	n0				WP_042436083.1	WP_129423959.1, WP_201738666.1
N1.HOG0000218	OG0000155	n0				WP_042433999.1	WP_129422947.1
N1.HOG0000219	OG0000156	n0				WP_042436283.1	WP_129425824.1
N1.HOG0000220	OG0000157	n0				WP_042433116.1	WP_129425333.1, WP_129423126.1, WP_201738609.1
N1.HOG0000221	OG0000158	n2				WP_042432607.1	WP_201738634.1
N1.HOG0000222	OG0000158	n3				WP_202898030.1	WP_129422970.1, WP_201738644.1
N1.HOG0000223	OG0000159	n0				WP_042436779.1	WP_129422969.1, WP_129425538.1
N1.HOG0000224	OG0000161	n0				WP_042432484.1	WP_201738640.1
N1.HOG0000225	OG0000162	n0				WP_042434444.1	WP_129424465.1
N1.HOG0000226	OG0000163	n0				WP_042437065.1	WP_129425075.1
N1.HOG0000227	OG0000164	n0				WP_042432751.1	WP_129423249.1
N1.HOG0000228	OG0000165	n0				WP_042435001.1	WP_129423983.1
N1.HOG0000229	OG0000166	n0				WP_042436062.1, WP_042435447.1	WP_201738796.1
N1.HOG0000230	OG0000167	n0				WP_162096592.1, WP_202898088.1	WP_129422861.1
N1.HOG0000231	OG0000168	n0				WP_042435494.1	WP_161566628.1, WP_129425443.1, WP_161566709.1
N1.HOG0000232	OG0000169	n0				WP_162096579.1	WP_161566646.1
N1.HOG0000233	OG0000170	n0					WP_129423109.1
N1.HOG0000234	OG0000171	n0				WP_042434441.1	WP_129424468.1
N1.HOG0000235	OG0000172	n0				WP_238318254.1	WP_201738599.1
N1.HOG0000236	OG0000173	n0				WP_042436041.1	WP_129425015.1, WP_236648294.1, WP_129424957.1
N1.HOG0000237	OG0000174	n0				WP_042435898.1	WP_129423286.1, WP_129424701.1, WP_129425383.1
N1.HOG0000238	OG0000175	n0				WP_042432048.1	WP_129423739.1
N1.HOG0000239	OG0000176	n2				WP_042433113.1	WP_129425630.1
N1.HOG0000240	OG0000176	n3				WP_042434396.1, WP_202898094.1	WP_129422800.1
N1.HOG0000241	OG0000177	n3				WP_042432231.1	WP_129423475.1
N1.HOG0000242	OG0000177	n4				WP_042434240.1	WP_129422863.1
N1.HOG0000243	OG0000178	n3				WP_081469012.1	WP_129424833.1
N1.HOG0000244	OG0000178	n4				WP_202898140.1	WP_201738754.1
N1.HOG0000245	OG0000179	n1				WP_042436447.1	WP_129424500.1
N1.HOG0000246	OG0000179	n3				WP_042434421.1	WP_129424486.1
N1.HOG0000247	OG0000179	n4				WP_042434402.1	WP_129422799.1
N1.HOG0000248	OG0000180	n0				WP_042434922.1	WP_129424034.1
N1.HOG0000249	OG0000181	n0				WP_202898134.1	WP_129424027.1
N1.HOG0000250	OG0000182	n0				WP_042434375.1	WP_129422806.1
N1.HOG0000251	OG0000183	n0				WP_042434381.1	WP_129422803.1
N1.HOG0000252	OG0000184	n0				WP_042433346.1	WP_129423050.1
N1.HOG0000253	OG0000185	n0				WP_042433305.1	WP_129423068.1
N1.HOG0000254	OG0000186	n0				WP_042433993.1	WP_129422949.1
N1.HOG0000255	OG0000187	n0				WP_042434638.1	WP_129425166.1
N1.HOG0000256	OG0000188	n0				WP_042432390.1	WP_129423623.1
N1.HOG0000257	OG0000189	n0				WP_042434827.1	WP_129424112.1
N1.HOG0000258	OG0000190	n0				WP_042432722.1	WP_129423261.1
N1.HOG0000259	OG0000191	n0				WP_042434763.1	WP_129424164.1
N1.HOG0000260	OG0000192	n0				WP_042434717.1	WP_129424202.1
N1.HOG0000261	OG0000193	n0				WP_042433264.1	WP_129423086.1
N1.HOG0000262	OG0000194	n0				WP_042433267.1	WP_129423085.1
N1.HOG0000263	OG0000195	n0				WP_042433275.1	WP_129423082.1
N1.HOG0000264	OG0000196	n0				WP_042433278.1	WP_129423081.1
N1.HOG0000265	OG0000197	n0				WP_042432869.1	WP_129423200.1
N1.HOG0000266	OG0000198	n0				WP_042432872.1	WP_129423199.1
N1.HOG0000267	OG0000199	n0				WP_042432875.1	WP_129423198.1
N1.HOG0000268	OG0000200	n0				WP_009306348.1	WP_009306348.1
N1.HOG0000269	OG0000201	n0				WP_042432881.1	WP_129423196.1
N1.HOG0000270	OG0000202	n0				WP_042432884.1	WP_042432884.1
N1.HOG0000271	OG0000203	n0				WP_187364758.1	WP_201738821.1
N1.HOG0000272	OG0000204	n0				WP_042432175.1	WP_129423435.1
N1.HOG0000273	OG0000205	n0				WP_042432560.1	WP_129423346.1
N1.HOG0000274	OG0000206	n0				WP_042437063.1	WP_129425073.1
N1.HOG0000275	OG0000207	n0				WP_042434781.1	WP_129424154.1
N1.HOG0000276	OG0000208	n0				WP_042432199.1	WP_129423450.1
N1.HOG0000277	OG0000209	n0				WP_042432896.1	WP_129423193.1
N1.HOG0000278	OG0000210	n0				WP_042432900.1	WP_129423192.1
N1.HOG0000279	OG0000211	n0				WP_042432903.1	WP_129423191.1
N1.HOG0000280	OG0000212	n0				WP_042432910.1	WP_129423189.1
N1.HOG0000281	OG0000213	n0				WP_042432913.1	WP_129423188.1
N1.HOG0000282	OG0000214	n0				WP_042434709.1	WP_129424208.1
N1.HOG0000283	OG0000215	n0				WP_042436927.1	WP_129423812.1
N1.HOG0000284	OG0000216	n0				WP_042436924.1	WP_129423814.1
N1.HOG0000285	OG0000217	n0				WP_042436921.1	WP_129423816.1
N1.HOG0000286	OG0000218	n0				WP_042436918.1	WP_129423818.1
N1.HOG0000287	OG0000219	n0				WP_238318326.1	WP_129423908.1
N1.HOG0000288	OG0000220	n0				WP_042433290.1	WP_129423077.1
N1.HOG0000289	OG0000221	n0				WP_042435877.1	WP_129424825.1
N1.HOG0000290	OG0000222	n0				WP_042436489.1	WP_129425766.1
N1.HOG0000291	OG0000223	n0				WP_042435683.1	WP_129424624.1
N1.HOG0000292	OG0000224	n0				WP_042435058.1	WP_201738685.1
N1.HOG0000293	OG0000225	n0				WP_042435055.1	WP_129423933.1
N1.HOG0000294	OG0000226	n0				WP_042435050.1	WP_129423935.1
N1.HOG0000295	OG0000227	n0				WP_042435046.1	WP_129423937.1
N1.HOG0000296	OG0000228	n0				WP_238318233.1	WP_129423460.1
N1.HOG0000297	OG0000229	n0				WP_042432234.1	WP_129423477.1
N1.HOG0000298	OG0000230	n0				WP_042432253.1	WP_042432253.1
N1.HOG0000299	OG0000231	n0				WP_042432258.1	WP_129423495.1
N1.HOG0000300	OG0000232	n0				WP_042434175.1	WP_129422885.1
N1.HOG0000301	OG0000233	n0				WP_042434188.1	WP_129422881.1
N1.HOG0000302	OG0000234	n0				WP_042434605.1	WP_042434605.1
N1.HOG0000303	OG0000235	n0				WP_042433844.1	WP_129423006.1
N1.HOG0000304	OG0000236	n0				WP_042433961.1	WP_129422961.1
N1.HOG0000305	OG0000237	n0				WP_042432840.1	WP_129423215.1
N1.HOG0000306	OG0000238	n0				WP_238318329.1	WP_236648326.1
N1.HOG0000307	OG0000239	n0				WP_238318286.1	WP_129422926.1
N1.HOG0000308	OG0000240	n0				WP_042434102.1	WP_129422916.1
N1.HOG0000309	OG0000241	n0				WP_081468856.1	WP_129423527.1
N1.HOG0000310	OG0000242	n0				WP_006363204.1	WP_006363204.1
N1.HOG0000311	OG0000243	n0				WP_042432297.1	WP_042432297.1
N1.HOG0000312	OG0000244	n0				WP_042434204.1	WP_129422874.1
N1.HOG0000313	OG0000245	n0				WP_042436955.1	WP_129423798.1
N1.HOG0000314	OG0000246	n0				WP_181859460.1	WP_201738828.1
N1.HOG0000315	OG0000247	n0				WP_042432302.1	WP_129423533.1
N1.HOG0000316	OG0000248	n0				WP_042434711.1	WP_129424206.1
N1.HOG0000317	OG0000249	n0				WP_042434518.1	WP_129424380.1
N1.HOG0000318	OG0000250	n0				WP_042434636.1	WP_129425164.1
N1.HOG0000319	OG0000251	n0				WP_042433269.1	WP_129423084.1
N1.HOG0000320	OG0000252	n0				WP_042433704.1	WP_042433704.1
N1.HOG0000321	OG0000253	n0				WP_042435060.1	WP_042435060.1
N1.HOG0000322	OG0000254	n0				WP_042435062.1	WP_129423930.1
N1.HOG0000323	OG0000255	n0				WP_042436929.1	WP_129423810.1
N1.HOG0000324	OG0000256	n0				WP_042432893.1	WP_022370037.1
N1.HOG0000325	OG0000257	n0				WP_042432634.1	WP_129423314.1
N1.HOG0000326	OG0000259	n0					WP_201738748.1
N1.HOG0000327	OG0000260	n0				WP_202898054.1	WP_236648230.1
N1.HOG0000328	OG0000261	n0				WP_042434577.1	WP_129424330.1
N1.HOG0000329	OG0000262	n0				WP_042435372.1	WP_129425470.1
N1.HOG0000330	OG0000263	n0				WP_042432566.1	WP_129423344.1
N1.HOG0000331	OG0000264	n0				WP_042432563.1	WP_129423345.1
N1.HOG0000332	OG0000265	n0				WP_081468927.1	WP_129422918.1
N1.HOG0000333	OG0000266	n0				WP_042434542.1	WP_129424364.1
N1.HOG0000334	OG0000267	n0				WP_042432842.1	WP_129423214.1
N1.HOG0000335	OG0000268	n0				WP_042434499.1	WP_129424396.1
N1.HOG0000336	OG0000269	n0				WP_042436492.1	WP_129425764.1
N1.HOG0000337	OG0000270	n0				WP_042432493.1	WP_129423372.1
N1.HOG0000338	OG0000271	n0				WP_042435988.1	WP_129424879.1
N1.HOG0000339	OG0000272	n0				WP_081468885.1	WP_129423181.1
N1.HOG0000340	OG0000273	n0				WP_114621217.1	WP_201738804.1
N1.HOG0000341	OG0000274	n0				WP_042434344.1	WP_129422817.1
N1.HOG0000342	OG0000275	n0				WP_042433928.1	WP_236648320.1
N1.HOG0000343	OG0000276	n0				WP_042432480.1	WP_129423379.1
N1.HOG0000344	OG0000278	n0				WP_187364750.1	WP_201738812.1
N1.HOG0000345	OG0000279	n0				WP_042434903.1	WP_129424050.1
N1.HOG0000346	OG0000280	n0				WP_042432519.1	WP_129423355.1
N1.HOG0000347	OG0000281	n0				WP_042432196.1	WP_129423448.1
N1.HOG0000348	OG0000282	n0				WP_042433225.1	WP_236648231.1
N1.HOG0000349	OG0000283	n0				WP_081469063.1	WP_129425510.1
N1.HOG0000350	OG0000284	n0				WP_042436811.1	WP_129423920.1
N1.HOG0000351	OG0000285	n0				WP_042436934.1	WP_042436934.1
N1.HOG0000352	OG0000286	n0				WP_042435669.1	WP_129424614.1
N1.HOG0000353	OG0000287	n0				WP_042434504.1	WP_129424392.1
N1.HOG0000354	OG0000288	n0				WP_042434954.1	WP_129424007.1
N1.HOG0000355	OG0000289	n0				WP_042433296.1	WP_129423072.1
N1.HOG0000356	OG0000290	n0				WP_042434157.1	WP_129422894.1
N1.HOG0000357	OG0000291	n0				WP_042434108.1	WP_129422914.1
N1.HOG0000358	OG0000292	n0				WP_042434081.1	WP_129422925.1
N1.HOG0000359	OG0000293	n0				WP_042433842.1	WP_129423007.1
N1.HOG0000360	OG0000294	n0				WP_042432465.1	WP_129423392.1
N1.HOG0000361	OG0000295	n0				WP_042432938.1	WP_129423178.1
N1.HOG0000362	OG0000296	n0				WP_042434524.1	WP_129424376.1
N1.HOG0000363	OG0000297	n0				WP_222859225.1	WP_236648244.1
N1.HOG0000364	OG0000298	n0				WP_042434202.1	WP_129422876.1
N1.HOG0000365	OG0000299	n0				WP_042436881.1	WP_129423858.1
N1.HOG0000366	OG0000300	n0				WP_042434596.1	WP_129424305.1
N1.HOG0000367	OG0000301	n0				WP_042434490.1	WP_129424402.1
N1.HOG0000368	OG0000302	n0				WP_042434545.1	WP_129424362.1
N1.HOG0000369	OG0000303	n0				WP_081468969.1	WP_201738710.1
N1.HOG0000370	OG0000304	n0				WP_042434552.1	WP_129424358.1
N1.HOG0000371	OG0000305	n0				WP_202898154.1	WP_201738738.1
N1.HOG0000372	OG0000306	n0				WP_042435991.1	WP_129424893.1
N1.HOG0000373	OG0000307	n0				WP_042435380.1	WP_129425466.1
N1.HOG0000374	OG0000309	n0				WP_148514769.1	WP_129426123.1
N1.HOG0000375	OG0000310	n0				WP_042437053.1	WP_129424707.1
N1.HOG0000376	OG0000311	n0				WP_042436613.1	WP_129425512.1
N1.HOG0000377	OG0000312	n0				WP_238318237.1	WP_129423396.1
N1.HOG0000378	OG0000313	n0				WP_042436539.1	WP_129425269.1
N1.HOG0000379	OG0000314	n0				WP_042432922.1	WP_129423184.1
N1.HOG0000380	OG0000315	n0				WP_042433253.1	WP_129423090.1
N1.HOG0000381	OG0000316	n0				WP_042433334.1	WP_129423055.1
N1.HOG0000382	OG0000317	n0				WP_042433340.1	WP_129423052.1
N1.HOG0000383	OG0000318	n0				WP_042434618.1	WP_042434618.1
N1.HOG0000384	OG0000319	n0				WP_042432940.1	WP_129423177.1
N1.HOG0000385	OG0000320	n0				WP_042435168.1	WP_236648315.1
N1.HOG0000386	OG0000321	n0				WP_042434296.1	WP_129422834.1
N1.HOG0000387	OG0000322	n0				WP_042434299.1	WP_129422833.1
N1.HOG0000388	OG0000323	n0				WP_081468953.1	WP_129424052.1
N1.HOG0000389	OG0000324	n0				WP_042432952.1	WP_129423172.1
N1.HOG0000390	OG0000325	n0				WP_042432906.1	WP_129423190.1
N1.HOG0000391	OG0000326	n0				WP_042432830.1	WP_129423218.1
N1.HOG0000392	OG0000327	n0				WP_042435202.1	WP_129426149.1
N1.HOG0000393	OG0000328	n0				WP_042433303.1	WP_129423069.1
N1.HOG0000394	OG0000329	n0				WP_042432164.1	WP_129423429.1
N1.HOG0000395	OG0000330	n0				WP_081468890.1	WP_201738665.1, WP_201738729.1
N1.HOG0000396	OG0000331	n0				WP_052297942.1	WP_129423787.1
N1.HOG0000397	OG0000332	n0				WP_238318240.1	WP_129423323.1
N1.HOG0000398	OG0000333	n0				WP_238318282.1	WP_236648321.1
N1.HOG0000399	OG0000334	n0				WP_042435704.1	WP_129424644.1
N1.HOG0000400	OG0000335	n0				WP_042432326.1	WP_129423551.1
N1.HOG0000401	OG0000336	n0				WP_238318256.1	WP_269089564.1
N1.HOG0000402	OG0000337	n0				WP_081468892.1	WP_201738612.1
N1.HOG0000403	OG0000338	n0				WP_042433317.1	WP_129423062.1
N1.HOG0000404	OG0000339	n0				WP_042433715.1	WP_129423054.1
N1.HOG0000405	OG0000340	n0				WP_042436015.1	WP_129424913.1
N1.HOG0000406	OG0000341	n0				WP_042432855.1	WP_129423207.1
N1.HOG0000407	OG0000342	n0				WP_042435389.1	WP_129425461.1
N1.HOG0000408	OG0000344	n0				WP_042433272.1	WP_129423083.1
N1.HOG0000409	OG0000345	n0				WP_042434723.1	WP_129424198.1
N1.HOG0000410	OG0000346	n0				WP_042432569.1	WP_129423342.1
N1.HOG0000411	OG0000347	n0				WP_042432250.1	WP_129423491.1
N1.HOG0000412	OG0000348	n0				WP_222859228.1	WP_236648268.1
N1.HOG0000413	OG0000349	n0				WP_042434778.1	WP_129424156.1
N1.HOG0000414	OG0000350	n0				WP_042434641.1	WP_129425168.1
N1.HOG0000415	OG0000351	n0				WP_042434252.1	WP_129422857.1
N1.HOG0000416	OG0000352	n0				WP_042432916.1	WP_129423187.1
N1.HOG0000417	OG0000353	n0				WP_042433921.1	WP_129422978.1
N1.HOG0000418	OG0000354	n0				WP_238318288.1	WP_201738803.1
N1.HOG0000419	OG0000355	n0				WP_042432929.1	WP_129423182.1
N1.HOG0000420	OG0000356	n0				WP_081468910.1	WP_129423376.1
N1.HOG0000421	OG0000357	n0				WP_042435662.1	WP_129424608.1
N1.HOG0000422	OG0000358	n0				WP_081469034.1	WP_129425184.1
N1.HOG0000423	OG0000359	n0				WP_181859389.1	WP_236648281.1
N1.HOG0000424	OG0000360	n0				WP_042434353.1	WP_129422814.1
N1.HOG0000425	OG0000361	n0				WP_042434350.1	WP_129422815.1
N1.HOG0000426	OG0000362	n0				WP_042434372.1	WP_129422807.1
N1.HOG0000427	OG0000363	n0				WP_042434947.1	WP_129424011.1
N1.HOG0000428	OG0000364	n0				WP_238318268.1	WP_129422915.1
N1.HOG0000429	OG0000365	n0				WP_042433874.1	WP_129422996.1
N1.HOG0000430	OG0000366	n0				WP_042432683.1	WP_129423293.1
N1.HOG0000431	OG0000367	n0				WP_042432209.1	WP_129423458.1
N1.HOG0000432	OG0000368	n0				WP_081469060.1	WP_129425536.1
N1.HOG0000433	OG0000369	n0				WP_042435881.1	WP_129424845.1
N1.HOG0000434	OG0000370	n0				WP_042437043.1	WP_129425174.1
N1.HOG0000435	OG0000371	n0				WP_042433281.1	WP_129423080.1
N1.HOG0000436	OG0000372	n0				WP_042434668.1	WP_236648272.1
N1.HOG0000437	OG0000373	n0				WP_042435731.1	WP_129424671.1
N1.HOG0000438	OG0000374	n0				WP_042435732.1	WP_129424673.1
N1.HOG0000439	OG0000375	n0				WP_042434602.1	WP_129424301.1
N1.HOG0000440	OG0000376	n0				WP_042436869.1	WP_129423864.1
N1.HOG0000441	OG0000377	n0				WP_042434802.1	WP_129424138.1
N1.HOG0000442	OG0000378	n0				WP_042435368.1	WP_129425472.1
N1.HOG0000443	OG0000379	n0				WP_042434347.1	WP_129422816.1
N1.HOG0000444	OG0000380	n0				WP_202898183.1	WP_129424735.1
N1.HOG0000445	OG0000381	n0				WP_238318279.1	WP_236648267.1
N1.HOG0000446	OG0000382	n0				WP_042436577.1	WP_129425544.1
N1.HOG0000447	OG0000384	n0				WP_042433833.1	WP_129423009.1
N1.HOG0000448	OG0000385	n0				WP_081468925.1	WP_129422939.1
N1.HOG0000449	OG0000386	n0				WP_042433564.1	WP_129423291.1
N1.HOG0000450	OG0000387	n0				WP_042434672.1	WP_129424240.1
N1.HOG0000451	OG0000388	n0				WP_042432625.1	WP_129423148.1, WP_201738633.1
N1.HOG0000452	OG0000389	n0				WP_042432136.1	WP_129423414.1
N1.HOG0000453	OG0000390	n0				WP_042432622.1	WP_129423322.1
N1.HOG0000454	OG0000391	n0				WP_042433853.1	WP_129423003.1
N1.HOG0000455	OG0000392	n0				WP_042433850.1	WP_129423004.1
N1.HOG0000456	OG0000393	n0				WP_042434293.1	WP_129422837.1
N1.HOG0000457	OG0000394	n0				WP_042437058.1	WP_129425063.1
N1.HOG0000458	OG0000395	n0				WP_042432510.1	WP_129423367.1
N1.HOG0000459	OG0000396	n0				WP_042432180.1	WP_236648247.1
N1.HOG0000460	OG0000397	n0				WP_042435600.1	WP_129424807.1
N1.HOG0000461	OG0000398	n0				WP_042434880.1	WP_129424070.1
N1.HOG0000462	OG0000399	n0				WP_042434707.1	WP_201738600.1
N1.HOG0000463	OG0000400	n0				WP_042436967.1	WP_129423783.1
N1.HOG0000464	OG0000401	n0				WP_042432858.1	WP_129423206.1
N1.HOG0000465	OG0000402	n0					WP_161566680.1
N1.HOG0000466	OG0000403	n0				WP_042434334.1	WP_129422820.1
N1.HOG0000467	OG0000404	n0				WP_042433326.1	WP_129423058.1
N1.HOG0000468	OG0000405	n0				WP_042432847.1	WP_201738621.1
N1.HOG0000469	OG0000406	n0				WP_238318261.1	WP_236648322.1
N1.HOG0000470	OG0000407	n0				WP_042432987.1	WP_129423154.1
N1.HOG0000471	OG0000408	n0				WP_042434148.1	WP_236648220.1
N1.HOG0000472	OG0000410	n0					WP_129423456.1
N1.HOG0000473	OG0000411	n0				WP_042435674.1	WP_129424616.1
N1.HOG0000474	OG0000412	n0				WP_042434599.1	WP_129424303.1
N1.HOG0000475	OG0000413	n0				WP_202898055.1	WP_129423061.1
N1.HOG0000476	OG0000414	n0				WP_081468899.1	WP_129423060.1
N1.HOG0000477	OG0000415	n0				WP_042433323.1	WP_129423059.1
N1.HOG0000478	OG0000416	n0				WP_081468898.1	WP_129423065.1
N1.HOG0000479	OG0000417	n0				WP_081469056.1	WP_129425297.1
N1.HOG0000480	OG0000418	n0				WP_052297809.1	WP_129424446.1
N1.HOG0000481	OG0000419	n0				WP_081468928.1	WP_201738807.1
N1.HOG0000482	OG0000420	n0				WP_042434145.1	WP_129422900.1
N1.HOG0000483	OG0000421	n0				WP_042434722.1	WP_042434722.1
N1.HOG0000484	OG0000422	n0				WP_042436952.1	WP_129423800.1
N1.HOG0000485	OG0000423	n0				WP_042432546.1	WP_129423350.1
N1.HOG0000486	OG0000424	n0				WP_042437078.1	WP_129424737.1
N1.HOG0000487	OG0000425	n0				WP_042432943.1	WP_129423176.1
N1.HOG0000488	OG0000426	n0				WP_042433880.1	WP_129422994.1
N1.HOG0000489	OG0000427	n0				WP_042436938.1	WP_129423806.1
N1.HOG0000490	OG0000428	n0				WP_042434916.1	WP_129424038.1
N1.HOG0000491	OG0000429	n0				WP_042436018.1	WP_129424915.1
N1.HOG0000492	OG0000430	n2				WP_042434705.1	WP_129423075.1
N1.HOG0000493	OG0000430	n3				WP_042435039.1	WP_129423945.1
N1.HOG0000494	OG0000431	n0				WP_042434589.1	WP_129424311.1
N1.HOG0000495	OG0000432	n0				WP_042432686.1	WP_129423292.1
N1.HOG0000496	OG0000433	n0				WP_238318322.1	WP_129426220.1
N1.HOG0000497	OG0000434	n1				WP_222859227.1	WP_129423107.1
N1.HOG0000498	OG0000434	n3					WP_129422793.1
N1.HOG0000499	OG0000435	n0				WP_042436498.1	WP_129425758.1
N1.HOG0000500	OG0000436	n0				WP_042434170.1	WP_129422887.1
N1.HOG0000501	OG0000437	n0				WP_042436874.1	WP_129423862.1
N1.HOG0000502	OG0000438	n0				WP_042435950.1	WP_129424809.1
N1.HOG0000503	OG0000439	n0				WP_202898114.1	WP_201738695.1
N1.HOG0000504	OG0000440	n0				WP_042435644.1	WP_129425123.1
N1.HOG0000505	OG0000441	n0				WP_042435784.1	WP_129424681.1
N1.HOG0000506	OG0000442	n0				WP_148514751.1	WP_201738587.1
N1.HOG0000507	OG0000443	n0				WP_042432285.1	WP_129423511.1
N1.HOG0000508	OG0000444	n0				WP_042432020.1	WP_129423763.1
N1.HOG0000509	OG0000445	n0				WP_042432017.1	WP_129423765.1
N1.HOG0000510	OG0000446	n0				WP_042434996.1	WP_129423987.1
N1.HOG0000511	OG0000447	n0				WP_042434731.1	WP_129424194.1
N1.HOG0000512	OG0000448	n0				WP_202898107.1	WP_201738701.1
N1.HOG0000513	OG0000449	n0				WP_042434687.1	WP_129424230.1
N1.HOG0000514	OG0000450	n0				WP_042434684.1	WP_129424232.1
N1.HOG0000515	OG0000452	n0				WP_042432926.1	WP_129423183.1
N1.HOG0000516	OG0000453	n0				WP_042436488.1	WP_129425768.1
N1.HOG0000517	OG0000454	n0				WP_042433871.1	
N1.HOG0000518	OG0000455	n0				WP_042433862.1	WP_129423000.1
N1.HOG0000519	OG0000456	n0				WP_042433859.1	WP_129423001.1
N1.HOG0000520	OG0000457	n0				WP_081468958.1	WP_201738687.1
N1.HOG0000521	OG0000458	n0				WP_042434993.1, WP_042432975.1	WP_129423989.1
N1.HOG0000522	OG0000459	n0				WP_042434720.1	WP_129424200.1
N1.HOG0000523	OG0000460	n0				WP_042434751.1	WP_129424178.1
N1.HOG0000524	OG0000461	n0				WP_202898096.1	WP_129424463.1
N1.HOG0000525	OG0000462	n0				WP_042434200.1	WP_129422877.1
N1.HOG0000526	OG0000463	n0				WP_202898087.1	WP_129422879.1
N1.HOG0000527	OG0000464	n0				WP_238318270.1	WP_129422880.1
N1.HOG0000528	OG0000465	n0				WP_042434185.1	WP_129422882.1
N1.HOG0000529	OG0000466	n0				WP_042434182.1	WP_129422883.1
N1.HOG0000530	OG0000467	n0				WP_042434178.1	WP_161566568.1
N1.HOG0000531	OG0000468	n0				WP_052297798.1	WP_129422888.1
N1.HOG0000532	OG0000469	n0				WP_042434160.1	WP_129422893.1
N1.HOG0000533	OG0000470	n0				WP_042434143.1	WP_129422901.1
N1.HOG0000534	OG0000471	n0				WP_042436030.1	WP_129424929.1
N1.HOG0000535	OG0000472	n0				WP_042434277.1	WP_129422845.1
N1.HOG0000536	OG0000473	n0				WP_042434280.1	WP_129422844.1
N1.HOG0000537	OG0000474	n0				WP_202898043.1	WP_129423169.1
N1.HOG0000538	OG0000475	n0					WP_129425035.1, WP_161566657.1, WP_269089549.1, WP_129425560.1
N1.HOG0000539	OG0000476	n0				WP_042432288.1	WP_129423516.1
N1.HOG0000540	OG0000477	n0				WP_042435283.1	WP_129424126.1
N1.HOG0000541	OG0000478	n0				WP_042432664.1	WP_129423301.1
N1.HOG0000542	OG0000479	n0				WP_042432667.1	WP_129423300.1
N1.HOG0000543	OG0000480	n0				WP_081469059.1	WP_201738866.1
N1.HOG0000544	OG0000481	n0				WP_052297743.1	WP_201738662.1
N1.HOG0000545	OG0000482	n0				WP_042433925.1	WP_129422977.1
N1.HOG0000546	OG0000483	n0				WP_042433313.1	WP_129423064.1
N1.HOG0000547	OG0000484	n0				WP_042434341.1	WP_129422818.1
N1.HOG0000548	OG0000485	n0				WP_042434338.1	WP_129422819.1
N1.HOG0000549	OG0000486	n0				WP_042434125.1	WP_129422908.1
N1.HOG0000550	OG0000487	n0				WP_081469020.1	WP_129424897.1
N1.HOG0000551	OG0000488	n0				WP_042434448.1	WP_129424456.1
N1.HOG0000552	OG0000489	n0				WP_042435044.1	WP_129423939.1
N1.HOG0000553	OG0000490	n0				WP_238318275.1	WP_129424246.1
N1.HOG0000554	OG0000491	n0				WP_042433911.1	WP_129422984.1
N1.HOG0000555	OG0000492	n0				WP_081469082.1	WP_129424705.1
N1.HOG0000556	OG0000493	n0				WP_042436307.1, WP_042436363.1, WP_148514812.1	WP_129424835.1
N1.HOG0000557	OG0000494	n0				WP_042434784.1	WP_129424150.1
N1.HOG0000558	OG0000495	n0				WP_042432824.1	WP_129423219.1
N1.HOG0000559	OG0000496	n0				WP_042436064.1	WP_129425011.1
N1.HOG0000560	OG0000497	n0				WP_238318266.1	WP_201738585.1
N1.HOG0000561	OG0000498	n0				WP_081468940.1	WP_129424444.1
N1.HOG0000562	OG0000499	n0				WP_042433228.1	WP_129423096.1
N1.HOG0000563	OG0000500	n0				WP_042435074.1	WP_129426100.1
N1.HOG0000564	OG0000501	n0				WP_042436622.1	WP_129425493.1
N1.HOG0000565	OG0000502	n0				WP_042432202.1	WP_129423452.1
N1.HOG0000566	OG0000503	n0				WP_052297821.1	WP_129424080.1
N1.HOG0000567	OG0000504	n0				WP_042433987.1	WP_129422951.1
N1.HOG0000568	OG0000505	n0				WP_042436837.1	WP_129423896.1
N1.HOG0000569	OG0000506	n0				WP_042435365.1	WP_129425480.1
N1.HOG0000570	OG0000507	n0				WP_042434484.1	WP_129424406.1
N1.HOG0000571	OG0000508	n0				WP_042432349.1	WP_129423570.1
N1.HOG0000572	OG0000510	n0				WP_042432549.1	WP_129423349.1
N1.HOG0000573	OG0000511	n2				WP_162096564.1	WP_161566668.1
N1.HOG0000574	OG0000511	n3				WP_148514816.1	WP_129424899.1
N1.HOG0000575	OG0000512	n0				WP_042432011.1	WP_129423769.1
N1.HOG0000576	OG0000513	n0				WP_042434760.1	WP_129424166.1
N1.HOG0000577	OG0000514	n0				WP_042432852.1	WP_129423208.1
N1.HOG0000578	OG0000515	n0				WP_042432524.1	WP_129423353.1
N1.HOG0000579	OG0000516	n0				WP_042436296.1, WP_042434415.1	WP_129424492.1, WP_129425574.1
N1.HOG0000580	OG0000517	n0				WP_052297781.1	WP_129423094.1
N1.HOG0000581	OG0000518	n0				WP_042432468.1	WP_129423390.1
N1.HOG0000582	OG0000519	n0				WP_042432343.1	WP_129423565.1
N1.HOG0000583	OG0000520	n0				WP_042434558.1	WP_201738708.1
N1.HOG0000584	OG0000521	n0				WP_042434833.1	WP_129424110.1
N1.HOG0000585	OG0000522	n0				WP_042433633.1	WP_129423201.1
N1.HOG0000586	OG0000523	n0				WP_081468842.1	WP_129423751.1
N1.HOG0000587	OG0000524	n0				WP_042436008.1	WP_201738739.1
N1.HOG0000588	OG0000525	n0				WP_202898135.1	WP_201738838.1
N1.HOG0000589	OG0000527	n0				WP_042432660.1	WP_129423303.1
N1.HOG0000590	OG0000528	n0				WP_042434515.1	WP_129424382.1
N1.HOG0000591	OG0000529	n0				WP_042435042.1	WP_129423941.1
N1.HOG0000592	OG0000530	n0				WP_042432291.1	WP_129423518.1
N1.HOG0000593	OG0000531	n0				WP_238318234.1	WP_129423507.1
N1.HOG0000594	OG0000532	n0				WP_042432274.1	WP_129423503.1
N1.HOG0000595	OG0000534	n0				WP_042432241.1	WP_129423483.1
N1.HOG0000596	OG0000535	n0				WP_042432238.1	WP_129423481.1
N1.HOG0000597	OG0000536	n0				WP_042435779.1	WP_129424679.1
N1.HOG0000598	OG0000537	n0				WP_042432271.1	WP_129423501.1
N1.HOG0000599	OG0000538	n0				WP_042434211.1	WP_129422871.1
N1.HOG0000600	OG0000539	n0				WP_042432037.1	WP_129423747.1
N1.HOG0000601	OG0000540	n0				WP_202898019.1	WP_201738672.1
N1.HOG0000602	OG0000541	n0				WP_042432014.1	WP_129423767.1
N1.HOG0000603	OG0000542	n0				WP_042432206.1	WP_129423454.1
N1.HOG0000604	OG0000543	n0				WP_042436571.1	WP_129426212.1
N1.HOG0000605	OG0000544	n0				WP_042432676.1	WP_129423297.1
N1.HOG0000606	OG0000545	n0				WP_042432678.1	WP_129423298.1
N1.HOG0000607	OG0000546	n0				WP_042432407.1	WP_129423640.1
N1.HOG0000608	OG0000547	n0				WP_042435248.1	WP_236648274.1
N1.HOG0000609	OG0000548	n0				WP_042434302.1	WP_129422831.1
N1.HOG0000610	OG0000549	n0				WP_042434561.1	WP_129424350.1
N1.HOG0000611	OG0000550	n0				WP_202898102.1	WP_201738707.1
N1.HOG0000612	OG0000551	n0				WP_042436851.1	WP_161566608.1
N1.HOG0000613	OG0000552	n0				WP_042432212.1	WP_129423462.1
N1.HOG0000614	OG0000553	n0				WP_042434651.1	WP_129424295.1
N1.HOG0000615	OG0000554	n0				WP_042436846.1	WP_129423888.1
N1.HOG0000616	OG0000555	n0				WP_042432714.1	WP_129423268.1
N1.HOG0000617	OG0000556	n0				WP_042432717.1	WP_129423265.1
N1.HOG0000618	OG0000557	n0				WP_042432720.1	WP_129423262.1
N1.HOG0000619	OG0000558	n0				WP_081468879.1	WP_129423264.1
N1.HOG0000620	OG0000559	n0				WP_042432170.1	WP_129423432.1
N1.HOG0000621	OG0000560	n0				WP_042434799.1	WP_129424140.1
N1.HOG0000622	OG0000561	n0				WP_042432394.1	WP_129423631.1
N1.HOG0000623	OG0000562	n0				WP_042434797.1	WP_129424142.1
N1.HOG0000624	OG0000563	n0				WP_042434794.1	WP_129424144.1
N1.HOG0000625	OG0000564	n1					WP_129425582.1
N1.HOG0000626	OG0000564	n2					WP_129424484.1
N1.HOG0000627	OG0000565	n0				WP_042433830.1	WP_129423010.1
N1.HOG0000628	OG0000566	n0				WP_042436885.1	WP_129423854.1
N1.HOG0000629	OG0000567	n0				WP_238318291.1	WP_129425455.1
N1.HOG0000630	OG0000568	n0				WP_042436536.1	WP_129425267.1
N1.HOG0000631	OG0000569	n0				WP_042436534.1	WP_129425265.1
N1.HOG0000632	OG0000570	n1					WP_129423283.1
N1.HOG0000633	OG0000570	n2				WP_162096591.1	WP_129423588.1
N1.HOG0000634	OG0000572	n0				WP_042432706.1	WP_129423272.1
N1.HOG0000635	OG0000573	n0				WP_042432568.1	WP_129423343.1
N1.HOG0000636	OG0000574	n0				WP_042437060.1	WP_129425069.1
N1.HOG0000637	OG0000575	n0				WP_042436573.1	WP_129425598.1
N1.HOG0000638	OG0000576	n0				WP_042434748.1	WP_129424180.1
N1.HOG0000639	OG0000577	n0				WP_042435702.1	WP_129424642.1
N1.HOG0000640	OG0000578	n0				WP_042434362.1	WP_161566706.1, WP_129422811.1
N1.HOG0000641	OG0000579	n0				WP_042435383.1	WP_129425464.1
N1.HOG0000642	OG0000580	n2				WP_042432144.1	WP_129423421.1
N1.HOG0000643	OG0000580	n3				WP_042434925.1	WP_129424032.1
N1.HOG0000644	OG0000581	n0				WP_042433019.1	WP_129424715.1, WP_201738718.1
N1.HOG0000645	OG0000582	n0				WP_042432919.1	WP_129423186.1
N1.HOG0000646	OG0000583	n0				WP_042432323.1	WP_129423547.1
N1.HOG0000647	OG0000584	n0				WP_042432586.1	WP_129423334.1
N1.HOG0000648	OG0000585	n0				WP_042433916.1	WP_129422982.1
N1.HOG0000649	OG0000586	n0				WP_042436853.1	WP_236648258.1
N1.HOG0000650	OG0000587	n0				WP_081468934.1	WP_129422838.1
N1.HOG0000651	OG0000589	n0				WP_238318323.1	WP_161566692.1
N1.HOG0000652	OG0000590	n0				WP_042436087.1	WP_129425459.1
N1.HOG0000653	OG0000591	n0				WP_148514786.1	WP_161566585.1
N1.HOG0000654	OG0000592	n0				WP_042432949.1	WP_129423173.1
N1.HOG0000655	OG0000593	n0				WP_042432482.1	WP_129423377.1
N1.HOG0000656	OG0000594	n0				WP_042436856.1	WP_129423878.1
N1.HOG0000657	OG0000595	n0				WP_042432822.1	WP_129423220.1
N1.HOG0000658	OG0000596	n0				WP_042437056.1	WP_236648284.1
N1.HOG0000659	OG0000597	n0				WP_042435874.1	WP_129424823.1
N1.HOG0000660	OG0000598	n0				WP_042436024.1	WP_129424919.1
N1.HOG0000661	OG0000599	n0				WP_042433814.1	WP_129423018.1
N1.HOG0000662	OG0000600	n0					WP_129424988.1
N1.HOG0000663	OG0000601	n0				WP_238318276.1	WP_129424234.1
N1.HOG0000664	OG0000602	n0				WP_042433936.1	WP_129422972.1
N1.HOG0000665	OG0000603	n0				WP_042436495.1	WP_129425762.1
N1.HOG0000666	OG0000604	n0				WP_162096575.1	WP_161566651.1
N1.HOG0000667	OG0000605	n0				WP_042436052.1	WP_129425023.1
N1.HOG0000668	OG0000606	n0				WP_042434938.1	WP_129424022.1
N1.HOG0000669	OG0000607	n0				WP_042434943.1	WP_129424015.1
N1.HOG0000670	OG0000608	n0				WP_042434941.1	WP_129424020.1
N1.HOG0000671	OG0000609	n0				WP_042434623.1	WP_129425149.1
N1.HOG0000672	OG0000610	n0				WP_042434594.1	WP_129424307.1
N1.HOG0000673	OG0000611	n0				WP_042434592.1	WP_129424309.1
N1.HOG0000674	OG0000612	n0				WP_081468944.1	WP_236648273.1
N1.HOG0000675	OG0000613	n0				WP_238318262.1	WP_236648226.1
N1.HOG0000676	OG0000614	n0				WP_042434290.1	WP_129422840.1
N1.HOG0000677	OG0000615	n0				WP_042434481.1	WP_129424408.1
N1.HOG0000678	OG0000616	n0				WP_042434477.1	WP_129424411.1
N1.HOG0000679	OG0000617	n0				WP_042434474.1	WP_129424413.1
N1.HOG0000680	OG0000618	n0				WP_042433964.1	WP_129422960.1
N1.HOG0000681	OG0000619	n0				WP_042433969.1	WP_129422958.1
N1.HOG0000682	OG0000620	n0				WP_202898174.1	WP_129423866.1
N1.HOG0000683	OG0000621	n0				WP_042436984.1	WP_129423868.1
N1.HOG0000684	OG0000622	n0				WP_042434099.1	WP_129422917.1
N1.HOG0000685	OG0000623	n0				WP_042434110.1	WP_129422913.1
N1.HOG0000686	OG0000624	n0				WP_042434113.1	WP_129422912.1
N1.HOG0000687	OG0000625	n0				WP_162096557.1	WP_201738582.1
N1.HOG0000688	OG0000626	n0				WP_042434116.1	WP_129422911.1
N1.HOG0000689	OG0000627	n0				WP_042434130.1	WP_201738581.1
N1.HOG0000690	OG0000628	n0				WP_042434133.1	WP_129422906.1
N1.HOG0000691	OG0000629	n0				WP_042435134.1	WP_129422904.1
N1.HOG0000692	OG0000630	n0				WP_222859219.1	WP_129422902.1
N1.HOG0000693	OG0000631	n0				WP_042434152.1	WP_129422896.1
N1.HOG0000694	OG0000632	n0				WP_052297799.1	WP_201738580.1
N1.HOG0000695	OG0000633	n0				WP_238318274.1	WP_129426204.1
N1.HOG0000696	OG0000634	n0				WP_042436002.1	WP_129424903.1
N1.HOG0000697	OG0000635	n0				WP_042436005.1	WP_129424905.1
N1.HOG0000698	OG0000636	n0				WP_042436021.1	WP_129424917.1
N1.HOG0000699	OG0000637	n0				WP_042436032.1	WP_129424936.1
N1.HOG0000700	OG0000638	n0				WP_202898084.1	WP_201738583.1
N1.HOG0000701	OG0000639	n0				WP_042434017.1	WP_129422938.1
N1.HOG0000702	OG0000640	n0				WP_042433782.1	WP_129423037.1
N1.HOG0000703	OG0000641	n0				WP_042433795.1	WP_129423026.1
N1.HOG0000704	OG0000642	n0				WP_042433247.1	WP_129423091.1
N1.HOG0000705	OG0000643	n0				WP_081468902.1	WP_129423045.1
N1.HOG0000706	OG0000644	n0				WP_042434886.1	WP_129424066.1
N1.HOG0000707	OG0000645	n0				WP_042434919.1	WP_129424036.1
N1.HOG0000708	OG0000646	n0				WP_187364749.1	WP_129424018.1
N1.HOG0000709	OG0000647	n0				WP_042434960.1	WP_201738692.1
N1.HOG0000710	OG0000648	n0				WP_042434655.1	WP_129424289.1
N1.HOG0000711	OG0000649	n0				WP_042434509.1	WP_129424388.1
N1.HOG0000712	OG0000650	n0				WP_042434511.1	WP_129424386.1
N1.HOG0000713	OG0000651	n0				WP_042434521.1	WP_129424378.1
N1.HOG0000714	OG0000652	n0				WP_042434530.1	WP_129424372.1
N1.HOG0000715	OG0000653	n0				WP_042434533.1	WP_129424370.1
N1.HOG0000716	OG0000654	n0				WP_042434536.1	WP_129424368.1
N1.HOG0000717	OG0000655	n0				WP_042434012.1	WP_129422940.1
N1.HOG0000718	OG0000656	n0				WP_052297807.1	WP_129422808.1
N1.HOG0000719	OG0000657	n0				WP_042434378.1	WP_129422805.1
N1.HOG0000720	OG0000658	n0				WP_042435194.1	WP_129422802.1
N1.HOG0000721	OG0000659	n0				WP_042436913.1	WP_129423824.1
N1.HOG0000722	OG0000660	n0				WP_042435664.1	WP_129424610.1
N1.HOG0000723	OG0000661	n0				WP_042433957.1	WP_129422962.1
N1.HOG0000724	OG0000662	n0				WP_042434365.1	WP_129422810.1
N1.HOG0000725	OG0000663	n0				WP_238318267.1	WP_236648223.1
N1.HOG0000726	OG0000664	n0				WP_202898082.1	WP_201738586.1
N1.HOG0000727	OG0000665	n0				WP_042432776.1	WP_236648240.1
N1.HOG0000728	OG0000666	n0				WP_042436817.1	WP_129423912.1
N1.HOG0000729	OG0000667	n0				WP_042436818.1	WP_129423910.1
N1.HOG0000730	OG0000668	n0				WP_042433838.1	WP_129423008.1
N1.HOG0000731	OG0000669	n0				WP_042432990.1	WP_129423153.1
N1.HOG0000732	OG0000670	n0				WP_042432672.1	WP_129423295.1
N1.HOG0000733	OG0000671	n0				WP_042433337.1	WP_129423053.1
N1.HOG0000734	OG0000672	n0				WP_042433315.1	WP_129423063.1
N1.HOG0000735	OG0000673	n0				WP_042433299.1	WP_129423070.1
N1.HOG0000736	OG0000674	n0				WP_202898029.1	WP_129423393.1
N1.HOG0000737	OG0000675	n0				WP_042434002.1	WP_129422946.1
N1.HOG0000738	OG0000676	n0				WP_042433990.1	WP_236648224.1
N1.HOG0000739	OG0000677	n0				WP_042433985.1	WP_129422952.1
N1.HOG0000740	OG0000678	n0				WP_202898176.1	WP_201738681.1
N1.HOG0000741	OG0000679	n0				WP_042436890.1	WP_129423852.1
N1.HOG0000742	OG0000680	n0				WP_042434042.1	WP_129422936.1
N1.HOG0000743	OG0000681	n0				WP_042434216.1	WP_129422869.1
N1.HOG0000744	OG0000682	n0				WP_052297913.1	WP_129425770.1
N1.HOG0000745	OG0000683	n0				WP_042432703.1	WP_129423273.1
N1.HOG0000746	OG0000684	n0				WP_238318320.1	WP_129425772.1
N1.HOG0000747	OG0000685	n0				WP_162096589.1	WP_129425774.1
N1.HOG0000748	OG0000686	n0				WP_042432346.1	WP_129423568.1
N1.HOG0000749	OG0000687	n0				WP_042436081.1	WP_129425125.1
N1.HOG0000750	OG0000689	n0				WP_042432932.1	WP_129423180.1
N1.HOG0000751	OG0000690	n2				WP_052297866.1	WP_161566647.1
N1.HOG0000752	OG0000690	n3				WP_052297731.1	WP_161566599.1
N1.HOG0000753	OG0000691	n0				WP_042432681.1	WP_129423294.1
N1.HOG0000754	OG0000692	n0				WP_042433002.1	WP_129424783.1, WP_201738723.1
N1.HOG0000755	OG0000693	n0					WP_129423147.1
N1.HOG0000756	OG0000694	n0				WP_148514756.1	WP_201738575.1
N1.HOG0000757	OG0000695	n0				WP_081468889.1	WP_129423166.1
N1.HOG0000758	OG0000696	n0				WP_042435862.1	WP_129425100.1
N1.HOG0000759	OG0000697	n0				WP_042436943.1	WP_129423802.1
N1.HOG0000760	OG0000698	n0					WP_201738745.1, WP_236648308.1
N1.HOG0000761	OG0000699	n0				WP_042436615.1	WP_129425502.1
N1.HOG0000762	OG0000700	n0				WP_042435068.1	WP_129423926.1
N1.HOG0000763	OG0000701	n0				WP_052297932.1	WP_129425491.1
N1.HOG0000764	OG0000702	n0				WP_052297727.1	WP_129425202.1
N1.HOG0000765	OG0000703	n0				WP_042433036.1	WP_129423141.1
N1.HOG0000766	OG0000704	n2				WP_081469040.1	WP_201738615.1
N1.HOG0000767	OG0000704	n3				WP_042434446.1	WP_129424461.1
N1.HOG0000768	OG0000705	n0				WP_042432124.1	WP_129423408.1
N1.HOG0000769	OG0000706	n0				WP_042434675.1	WP_129424238.1
N1.HOG0000770	OG0000707	n0				WP_042434696.1	WP_129424218.1
N1.HOG0000771	OG0000708	n0				WP_042433234.1	WP_129423092.1
N1.HOG0000772	OG0000709	n0				WP_202898169.1	WP_129425542.1
N1.HOG0000773	OG0000710	n0				WP_052297815.1	WP_129424121.1
N1.HOG0000774	OG0000711	n0				WP_042436972.1	WP_129423779.1
N1.HOG0000775	OG0000712	n0				WP_042434009.1	WP_129422942.1
N1.HOG0000776	OG0000713	n0				WP_042432844.1	WP_129423213.1
N1.HOG0000777	OG0000714	n0				WP_181859444.1	WP_201738686.1
N1.HOG0000778	OG0000715	n0				WP_042435842.1	WP_129424781.1
N1.HOG0000779	OG0000716	n0				WP_042433805.1	WP_129423022.1
N1.HOG0000780	OG0000717	n0				WP_162096548.1	WP_161566601.1
N1.HOG0000781	OG0000718	n0				WP_081468906.1	WP_201738661.1
N1.HOG0000782	OG0000719	n0				WP_042435948.1	WP_129424811.1
N1.HOG0000783	OG0000720	n0				WP_042435979.1	WP_129424871.1
N1.HOG0000784	OG0000721	n0				WP_042436175.1	WP_129424622.1
N1.HOG0000785	OG0000722	n0				WP_081468866.1	WP_129423394.1
N1.HOG0000786	OG0000723	n0				WP_042432521.1	WP_129423354.1
N1.HOG0000787	OG0000724	n0				WP_118350840.1	WP_129423356.1
N1.HOG0000788	OG0000725	n0				WP_202898033.1	WP_201738639.1
N1.HOG0000789	OG0000726	n0				WP_042434154.1	WP_129422895.1
N1.HOG0000790	OG0000727	n0				WP_042436555.1	WP_129425291.1
N1.HOG0000791	OG0000728	n0				WP_202898023.1	WP_201738660.1
N1.HOG0000792	OG0000729	n0				WP_238318235.1	WP_129423539.1
N1.HOG0000793	OG0000730	n0				WP_042432308.1	WP_129423537.1
N1.HOG0000794	OG0000731	n0				WP_042432299.1	WP_129423531.1
N1.HOG0000795	OG0000732	n0				WP_042432404.1	WP_129423637.1
N1.HOG0000796	OG0000733	n0				WP_187364753.1	WP_201738624.1
N1.HOG0000797	OG0000734	n0				WP_202898081.1	WP_201738588.1
N1.HOG0000798	OG0000735	n0				WP_042434096.1	WP_129422919.1
N1.HOG0000799	OG0000736	n0				WP_042435114.1	WP_129422950.1
N1.HOG0000800	OG0000737	n0				WP_148514768.1	WP_129424152.1
N1.HOG0000801	OG0000738	n0				WP_162096550.1	WP_161566603.1
N1.HOG0000802	OG0000739	n0				WP_042436057.1	WP_129425003.1, WP_129425017.1
N1.HOG0000803	OG0000740	n0				WP_042432616.1	WP_129423324.1
N1.HOG0000804	OG0000741	n0				WP_042432555.1	WP_129423347.1
N1.HOG0000805	OG0000742	n0				WP_202898080.1	WP_201738590.1
N1.HOG0000806	OG0000743	n0				WP_081468954.1	WP_129424003.1
N1.HOG0000807	OG0000744	n0				WP_155815086.1	WP_161566571.1
N1.HOG0000808	OG0000745	n0				WP_202898036.1	WP_201738630.1
N1.HOG0000809	OG0000746	n0				WP_052297813.1	WP_129424291.1
N1.HOG0000810	OG0000747	n0				WP_081469019.1	WP_129424855.1
N1.HOG0000811	OG0000748	n0				WP_042434496.1	WP_129424398.1
N1.HOG0000812	OG0000749	n0				WP_042432889.1	WP_129423194.1
N1.HOG0000813	OG0000750	n0				WP_042434539.1	WP_129424366.1
N1.HOG0000814	OG0000751	n0				WP_042435677.1	WP_129424618.1
N1.HOG0000815	OG0000752	n0				WP_042434243.1	WP_129422862.1
N1.HOG0000816	OG0000753	n0				WP_081469077.1	WP_129423785.1
N1.HOG0000817	OG0000754	n0				WP_042435712.1	WP_129424652.1
N1.HOG0000818	OG0000755	n0				WP_042436848.1	WP_129423886.1
N1.HOG0000819	OG0000756	n0				WP_042434819.1	WP_129424128.1
N1.HOG0000820	OG0000757	n0				WP_042434150.1	WP_129422898.1
N1.HOG0000821	OG0000758	n0				WP_042432423.1	WP_129423652.1
N1.HOG0000822	OG0000759	n0				WP_081468867.1	WP_201738646.1
N1.HOG0000823	OG0000760	n0				WP_081468858.1	WP_236648250.1
N1.HOG0000824	OG0000761	n0				WP_042433433.1	WP_129423520.1
N1.HOG0000825	OG0000762	n0				WP_042432500.1	WP_129423371.1
N1.HOG0000826	OG0000763	n0				WP_042432084.1	WP_129423709.1
N1.HOG0000827	OG0000764	n0				WP_081469051.1	WP_129425760.1
N1.HOG0000828	OG0000765	n0				WP_042433847.1	WP_129423005.1
N1.HOG0000829	OG0000766	n0				WP_238318283.1	WP_201738593.1
N1.HOG0000830	OG0000767	n0				WP_042436013.1	WP_129424911.1
N1.HOG0000831	OG0000768	n0				WP_042434883.1	WP_129424068.1
N1.HOG0000832	OG0000769	n0				WP_042434173.1	WP_129422886.1
N1.HOG0000833	OG0000770	n0				WP_042434950.1	WP_129424009.1
N1.HOG0000834	OG0000771	n0				WP_042434621.1	WP_129425147.1
N1.HOG0000835	OG0000772	n0				WP_238318331.1	WP_236648286.1
N1.HOG0000836	OG0000773	n0				WP_238318277.1	WP_201738697.1
N1.HOG0000837	OG0000774	n0				WP_081468930.1	WP_236648219.1
N1.HOG0000838	OG0000775	n0				WP_042434167.1	WP_129422889.1
N1.HOG0000839	OG0000776	n0				WP_042436267.1	WP_129425007.1
N1.HOG0000840	OG0000777	n0				WP_042433343.1	WP_129423051.1
N1.HOG0000841	OG0000778	n0				WP_081468900.1	WP_129423056.1
N1.HOG0000842	OG0000779	n0				WP_202898089.1	WP_201738576.1
N1.HOG0000843	OG0000780	n0				WP_042434869.1	WP_129424078.1
N1.HOG0000844	OG0000781	n0				WP_042436871.1	WP_236648257.1
N1.HOG0000845	OG0000782	n0				WP_042436000.1	WP_129424901.1
N1.HOG0000846	OG0000783	n0				WP_042434272.1	WP_129422847.1
N1.HOG0000847	OG0000784	n0				WP_042434369.1	WP_129422809.1
N1.HOG0000848	OG0000785	n0				WP_052297823.1	WP_201738589.1
N1.HOG0000849	OG0000786	n0				WP_042433042.1, WP_042432767.1	WP_129423240.1
N1.HOG0000850	OG0000787	n0				WP_042435256.1	WP_129425153.1
N1.HOG0000851	OG0000788	n0				WP_042435889.1	WP_129424839.1
N1.HOG0000852	OG0000789	n0				WP_202898053.1	WP_129423071.1
N1.HOG0000853	OG0000790	n0				WP_042433358.1	WP_129423046.1
N1.HOG0000854	OG0000791	n0				WP_042435330.1	WP_236648330.1
N1.HOG0000855	OG0000792	n0				WP_042433284.1	WP_129423079.1
N1.HOG0000856	OG0000793	n0				WP_202898106.1	WP_201738704.1
N1.HOG0000857	OG0000794	n0				WP_042434742.1	WP_129424184.1
N1.HOG0000858	OG0000795	n0				WP_042436500.1	WP_129425670.1
N1.HOG0000859	OG0000796	n0				WP_042432305.1	WP_129423535.1
N1.HOG0000860	OG0000797	n0				WP_081468855.1	WP_129423523.1
N1.HOG0000861	OG0000798	n0				WP_042435699.1	WP_129424640.1
N1.HOG0000862	OG0000799	n0				WP_202898021.1	WP_201738652.1
N1.HOG0000863	OG0000800	n1					WP_129424763.1
N1.HOG0000864	OG0000800	n2				WP_042431902.1	WP_236648302.1
N1.HOG0000865	OG0000801	n0				WP_042432770.1	WP_129424537.1, WP_129423238.1
N1.HOG0000866	OG0000802	n0				WP_081468977.1	WP_236648304.1
N1.HOG0000867	OG0000803	n0				WP_202898144.1	WP_201738760.1
N1.HOG0000868	OG0000804	n0				WP_148514758.1	WP_201738711.1
N1.HOG0000869	OG0000805	n0				WP_042436863.1	WP_129423870.1
N1.HOG0000870	OG0000806	n0				WP_042435441.1	WP_161566708.1, WP_129425640.1
N1.HOG0000871	OG0000807	n0				WP_202898159.1	WP_129424650.1
N1.HOG0000872	OG0000808	n0				WP_042433799.1	WP_129423024.1
N1.HOG0000873	OG0000809	n0				WP_042432628.1	WP_129423318.1
N1.HOG0000874	OG0000810	n0				WP_238318255.1	WP_236648324.1
N1.HOG0000875	OG0000811	n0				WP_042433091.1, WP_042433139.1	WP_129423128.1
N1.HOG0000876	OG0000812	n0				WP_042435011.1	WP_129423975.1
N1.HOG0000877	OG0000813	n0				WP_238318325.1	WP_129423416.1, WP_201738750.1
N1.HOG0000878	OG0000814	n0				WP_042435393.1	WP_161566682.1, WP_129425453.1
N1.HOG0000879	OG0000815	n0				WP_042433824.1	WP_129423012.1
N1.HOG0000880	OG0000816	n0				WP_042435579.1, WP_042435771.1	WP_129425784.1, WP_129423693.1
N1.HOG0000881	OG0000817	n0					WP_129425788.1
N1.HOG0000882	OG0000819	n1				WP_042433110.1	
N1.HOG0000883	OG0000819	n2				WP_042436180.1	WP_201738735.1
N1.HOG0000884	OG0000820	n2				WP_042432178.1	WP_129423436.1
N1.HOG0000885	OG0000820	n3				WP_042432090.1	WP_129423703.1
N1.HOG0000886	OG0000821	n1				WP_042432053.1	WP_129423735.1
N1.HOG0000887	OG0000821	n2				WP_042432056.1	WP_129424248.1, WP_129423733.1
N1.HOG0000888	OG0000822	n0				WP_042432504.1	WP_129425576.1, WP_129424222.1, WP_129425222.1, WP_129423369.1
N1.HOG0000889	OG0000823	n0				WP_042435855.1, WP_052297863.1, WP_162096583.1, WP_042432529.1, WP_052297907.1	
N1.HOG0000890	OG0000824	n1				WP_081468931.1	WP_129422859.1
N1.HOG0000891	OG0000824	n2				WP_042435952.1, WP_042434230.1	WP_129422866.1
N1.HOG0000892	OG0000825	n1				WP_042435235.1	WP_201738837.1
N1.HOG0000893	OG0000825	n2				WP_238318241.1	WP_129425568.1, WP_129423315.1
N1.HOG0000894	OG0000826	n0				WP_042435572.1	WP_129423105.1, WP_129423104.1, WP_129423699.1, WP_129425792.1
N1.HOG0000895	OG0000827	n0				WP_187364766.1, WP_052297784.1, WP_202898161.1, WP_052297922.1	WP_201738789.1
N1.HOG0000896	OG0000828	n0				WP_042434871.1	WP_129424076.1
N1.HOG0000897	OG0000831	n0				WP_042434714.1	
N1.HOG0000898	OG0000832	n0				WP_042434261.1	WP_129422853.1
N1.HOG0000899	OG0000833	n0				WP_042432748.1	WP_129423250.1
N1.HOG0000900	OG0000834	n0				WP_042435696.1	WP_129424638.1
N1.HOG0000901	OG0000835	n0				WP_042434456.1	WP_129424442.1
N1.HOG0000902	OG0000836	n0				WP_081469018.1	
N1.HOG0000903	OG0000840	n0				WP_042435868.1	WP_129424819.1
N1.HOG0000904	OG0000841	n0				WP_238318236.1	WP_129423563.1
N1.HOG0000905	OG0000842	n0				WP_042437044.1	WP_129425176.1
N1.HOG0000906	OG0000844	n0				WP_042436011.1	WP_129424909.1
N1.HOG0000907	OG0000848	n0				WP_052297874.1	WP_129424931.1
N1.HOG0000908	OG0000849	n0					WP_236648227.1
N1.HOG0000909	OG0000850	n0					WP_236648289.1
N1.HOG0000910	OG0000851	n0				WP_042434089.1	WP_236648317.1
N1.HOG0000911	OG0000853	n0				WP_052297834.1	WP_129422794.1, WP_118449093.1
N1.HOG0000912	OG0000854	n0				WP_042436043.1	WP_129424959.1
N1.HOG0000913	OG0000855	n0					WP_129423922.1
N1.HOG0000914	OG0000857	n0				WP_042435695.1	WP_129424636.1
N1.HOG0000915	OG0000859	n0					WP_129424384.1
N1.HOG0000916	OG0000862	n0				WP_052297775.1	WP_129424717.1, WP_129424575.1
N1.HOG0000917	OG0000863	n0				WP_052297774.1	WP_201738731.1, WP_161566630.1
N1.HOG0000918	OG0000864	n0				WP_202898104.1	WP_129424332.1
N1.HOG0000919	OG0000865	n0				WP_042436551.1	WP_129425287.1
N1.HOG0000920	OG0000866	n0				WP_042433673.1	
N1.HOG0000921	OG0000867	n0					WP_129425838.1
N1.HOG0000922	OG0000868	n0				WP_042435435.1	
N1.HOG0000923	OG0000869	n0					WP_201738744.1
N1.HOG0000924	OG0000870	n0				WP_081469026.1	WP_161566654.1
N1.HOG0000925	OG0000871	n0				WP_202898113.1	WP_129424084.1
N1.HOG0000926	OG0000874	n0				WP_042433222.1	WP_129423098.1
N1.HOG0000927	OG0000875	n0				WP_042435630.1	WP_129425196.1
N1.HOG0000928	OG0000876	n0				WP_081469021.1	WP_129424921.1
N1.HOG0000929	OG0000877	n0				WP_081468921.1	WP_236648229.1
N1.HOG0000930	OG0000879	n0				WP_042434836.1	WP_129424108.1
N1.HOG0000931	OG0000880	n0				WP_042434064.1, WP_042432093.1	
N1.HOG0000932	OG0000881	n0				WP_042435830.1	
N1.HOG0000933	OG0000882	n0				WP_042435917.1	WP_236648277.1
N1.HOG0000934	OG0000884	n0				WP_042436027.1	WP_129424925.1
N1.HOG0000935	OG0000885	n0				WP_042433977.1	WP_129422955.1
N1.HOG0000936	OG0000887	n0				WP_042434093.1	WP_129422920.1
N1.HOG0000937	OG0000888	n0				WP_042432539.1	WP_129423352.1
N1.HOG0000938	OG0000889	n0				WP_081469022.1	WP_129424923.1
N1.HOG0000939	OG0000890	n0				WP_238318318.1	
N1.HOG0000940	OG0000891	n0				WP_042435687.1	WP_129424630.1
N1.HOG0000941	OG0000892	n0				WP_042435693.1	WP_129424634.1
N1.HOG0000942	OG0000893	n0					WP_129425497.1
N1.HOG0000943	OG0000894	n0				WP_081468945.1	WP_129424293.1
N1.HOG0000944	OG0000896	n0				WP_052297779.1	WP_101677769.1
N1.HOG0000945	OG0000897	n0				WP_042433142.1	WP_129423116.1, WP_101677789.1
N1.HOG0000946	OG0000898	n0					WP_201738650.1
N1.HOG0000947	OG0000902	n0				WP_202898163.1	WP_201738783.1
N1.HOG0000948	OG0000903	n0					WP_161566641.1
N1.HOG0000949	OG0000904	n0				WP_042432187.1	WP_129423442.1
N1.HOG0000950	OG0000906	n0				WP_052297861.1	WP_161566649.1
N1.HOG0000951	OG0000907	n0				WP_042434574.1	WP_129424334.1
N1.HOG0000952	OG0000908	n0				WP_042432552.1	WP_129423348.1
N1.HOG0000953	OG0000912	n0				WP_238318263.1	WP_129422985.1
N1.HOG0000954	OG0000913	n0				WP_042433954.1	WP_129422963.1
N1.HOG0000955	OG0000914	n0				WP_042434072.1	WP_129425403.1, WP_236648222.1
N1.HOG0000956	OG0000915	n0				WP_042432764.1	WP_129423241.1
N1.HOG0000957	OG0000916	n0				WP_042435639.1	WP_129425188.1
N1.HOG0000958	OG0000917	n0				WP_042435637.1	WP_129425190.1
N1.HOG0000959	OG0000919	n0				WP_042435658.1	WP_129425082.1
N1.HOG0000960	OG0000920	n0				WP_042434305.1	WP_129422830.1
N1.HOG0000961	OG0000921	n0				WP_042432075.1	WP_129423717.1
N1.HOG0000962	OG0000925	n0				WP_042436504.1	WP_129425664.1
N1.HOG0000963	OG0000926	n0					WP_236648296.1
N1.HOG0000964	OG0000927	n0					WP_129425094.1
N1.HOG0000965	OG0000928	n0				WP_042432993.1	WP_129425832.1
N1.HOG0000966	OG0000929	n0					WP_129423605.1
N1.HOG0000967	OG0000930	n0				WP_042435416.1	WP_129425810.1
N1.HOG0000968	OG0000931	n0				WP_042435418.1	WP_129425812.1
N1.HOG0000969	OG0000932	n0				WP_042433118.1	WP_129423132.1, WP_129423125.1
N1.HOG0000970	OG0000933	n0				WP_042433120.1	WP_129423131.1, WP_201738606.1
N1.HOG0000971	OG0000934	n0				WP_042434208.1, WP_238318231.1	
N1.HOG0000972	OG0000935	n0				WP_042434912.1	WP_129424040.1
N1.HOG0000973	OG0000936	n0				WP_042433902.1	WP_129422988.1
N1.HOG0000974	OG0000937	n0				WP_042432662.1	WP_129423302.1
N1.HOG0000975	OG0000941	n0				WP_052297780.1	WP_129423146.1
N1.HOG0000976	OG0000942	n0				WP_042436803.1	WP_129425489.1
N1.HOG0000977	OG0000944	n0				WP_042434897.1	WP_129424056.1
N1.HOG0000978	OG0000945	n0				WP_052297735.1	WP_129423437.1
N1.HOG0000979	OG0000946	n0				WP_042432133.1	WP_129423413.1
N1.HOG0000980	OG0000947	n0				WP_042436523.1	
N1.HOG0000981	OG0000948	n0				WP_042434268.1	WP_161566573.1, WP_129422848.1
N1.HOG0000982	OG0000949	n0				WP_042436352.1	
N1.HOG0000983	OG0000950	n0				WP_042432535.1, WP_042432532.1	
N1.HOG0000984	OG0000951	n0					WP_129424525.1
N1.HOG0000985	OG0000952	n0					WP_129423438.1, WP_129425662.1
N1.HOG0000986	OG0000953	n0				WP_042434906.1	WP_129424048.1
N1.HOG0000987	OG0000954	n0				WP_238318248.1	WP_129424938.1
N1.HOG0000988	OG0000955	n0				WP_238318259.1	WP_201738730.1, WP_161566629.1
N1.HOG0000989	OG0000956	n0				WP_042436563.1	WP_201738631.1, WP_236648251.1
N1.HOG0000990	OG0000957	n0					WP_129424745.1
N1.HOG0000991	OG0000958	n0				WP_042434555.1	WP_129424356.1
N1.HOG0000992	OG0000959	n0				WP_042435720.1	WP_201738727.1
N1.HOG0000993	OG0000960	n0				WP_042435594.1	WP_236648280.1
N1.HOG0000994	OG0000961	n0				WP_238318309.1	WP_236648292.1
N1.HOG0000995	OG0000962	n0					WP_129425678.1
N1.HOG0000996	OG0000963	n0				WP_042435977.1	WP_129424867.1
N1.HOG0000997	OG0000964	n0				WP_042432773.1	WP_129423237.1
N1.HOG0000998	OG0000965	n0				WP_042432877.1	WP_129423197.1
N1.HOG0000999	OG0000966	n0				WP_042435421.1	WP_129425273.1, WP_129425608.1
N1.HOG0001000	OG0000967	n0				WP_042433827.1	WP_129423011.1
N1.HOG0001001	OG0000968	n0				WP_202898092.1	WP_129422813.1
N1.HOG0001002	OG0000969	n0				WP_042434928.1	WP_129424029.1
N1.HOG0001003	OG0000970	n0				WP_042435377.1	WP_201738777.1
N1.HOG0001004	OG0000971	n0				WP_042433811.1	WP_129423019.1
N1.HOG0001005	OG0000972	n0				WP_052297764.1	WP_129423279.1
N1.HOG0001006	OG0000974	n0					WP_161566695.1
N1.HOG0001007	OG0000975	n0				WP_052297919.1	WP_161566675.1
N1.HOG0001008	OG0000976	n0				WP_042433942.1	WP_129422968.1
N1.HOG0001009	OG0000977	n0				WP_042435904.1	WP_129424804.1
N1.HOG0001010	OG0000978	n0				WP_042435386.1	WP_129425463.1
N1.HOG0001011	OG0000979	n0				WP_052297908.1	WP_161566619.1, WP_129423144.1
N1.HOG0001012	OG0000980	n0				WP_042431963.1	
N1.HOG0001013	OG0000981	n0					WP_236648311.1, WP_129423670.1
N1.HOG0001014	OG0000982	n0				WP_042435763.1	WP_236648312.1, WP_129423691.1
N1.HOG0001015	OG0000983	n0				WP_042432709.1	WP_129423271.1
N1.HOG0001016	OG0000984	n0				WP_042432700.1	WP_129423282.1
N1.HOG0001017	OG0000985	n0				WP_238318307.1, WP_042435944.1	WP_129425115.1
N1.HOG0001018	OG0000986	n0				WP_042432942.1, WP_052297747.1	WP_129423625.1
N1.HOG0001019	OG0000987	n0				WP_042435547.1	WP_129425033.1
N1.HOG0001020	OG0000988	n0				WP_042435398.1	WP_236648303.1, WP_129425447.1
N1.HOG0001021	OG0000989	n0				WP_202898147.1	WP_161566658.1
N1.HOG0001022	OG0000990	n0				WP_148514817.1, WP_081468952.1	WP_129424058.1
N1.HOG0001023	OG0000991	n0				WP_042435603.1	WP_129423032.1, WP_129425218.1
N1.HOG0001024	OG0000992	n0				WP_162096572.1	WP_129425644.1, WP_269089558.1
N1.HOG0001025	OG0000993	n1					WP_129423341.1
N1.HOG0001026	OG0000993	n2					WP_129424549.1
N1.HOG0001027	OG0000995	n0				WP_238318251.1, WP_042433067.1	WP_129425096.1
N1.HOG0001028	OG0000996	n0				WP_042433063.1, WP_042433098.1	WP_129425084.1
N1.HOG0001029	OG0000997	n0				WP_042436046.1	WP_129424966.1, WP_129425005.1
N1.HOG0001030	OG0000998	n0				WP_042433101.1	WP_129424817.1, WP_129424889.1
N1.HOG0001031	OG0000999	n1				WP_042432235.1	WP_129423479.1
N1.HOG0001032	OG0000999	n2				WP_042432791.1	WP_129423234.1
N1.HOG0001033	OG0001000	n1				WP_042432355.1	WP_129423580.1
N1.HOG0001034	OG0001000	n2				WP_042436441.1	WP_129424506.1
N1.HOG0001035	OG0001001	n0				WP_042435612.1, WP_042432574.1, WP_042432582.1, WP_042432378.1	
N1.HOG0001036	OG0001002	n1				WP_042432420.1	WP_161566605.1
N1.HOG0001037	OG0001002	n2				WP_042433939.1	WP_129422971.1
N1.HOG0001038	OG0001003	n1				WP_042434085.1	WP_129422923.1
N1.HOG0001039	OG0001003	n2				WP_042434087.1	WP_161566569.1
N1.HOG0001040	OG0001004	n1				WP_042435649.1	WP_129425846.1
N1.HOG0001041	OG0001004	n2				WP_042434320.1	WP_129422824.1
N1.HOG0001042	OG0001005	n1				WP_042435646.1	WP_129425848.1
N1.HOG0001043	OG0001005	n2				WP_042434324.1	WP_129422823.1
N1.HOG0001044	OG0001006	n0				WP_042436297.1, WP_042434418.1	WP_129425572.1, WP_129424490.1
N1.HOG0001045	OG0001007	n0				WP_042435613.1	WP_129423382.1, WP_161566574.1, WP_161566670.1
N1.HOG0001046	OG0001008	n1				WP_052297803.1	WP_129422825.1
N1.HOG0001047	OG0001008	n2				WP_042435652.1	WP_129425844.1
N1.HOG0001048	OG0001009	n1				WP_148514787.1	WP_129423167.1
N1.HOG0001049	OG0001009	n2				WP_042436941.1	WP_129423804.1
N1.HOG0001050	OG0001010	n1				WP_042436993.1	WP_129423832.1
N1.HOG0001051	OG0001010	n2				WP_162096549.1	WP_269089563.1
N1.HOG0001052	OG0001011	n1				WP_042437038.1	WP_129424709.1
N1.HOG0001053	OG0001011	n2				WP_081468846.1	WP_129423402.1
N1.HOG0001054	OG0001012	n1				WP_052297728.1	WP_129423773.1
N1.HOG0001055	OG0001012	n2				WP_162096567.1	WP_161566645.1
N1.HOG0001056	OG0001013	n0				WP_052297847.1	WP_161566671.1, WP_129424255.1, WP_129423139.1
N1.HOG0001057	OG0001014	n0				WP_081469061.1	WP_161566665.1, WP_129424531.1, WP_161566694.1
N1.HOG0001058	OG0001015	n0				WP_148514800.1	WP_118351051.1, WP_129423029.1, WP_129425213.1
N1.HOG0001059	OG0001016	n0				WP_202898170.1	WP_129426035.1, WP_236648259.1, WP_129423360.1
N1.HOG0001060	OG0001017	n0					WP_129423357.1, WP_129423034.1, WP_129423364.1, WP_129423363.1
N1.HOG0001061	OG0001369	-				WP_015540326.1	WP_129423102.1, WP_129423686.1
N1.HOG0001062	OG0001370	-				WP_042434393.1, WP_042431930.1	WP_129424504.1
N1.HOG0001063	OG0001371	-				WP_042436514.1, WP_042431973.1	WP_129425648.1
N1.HOG0001064	OG0001372	-				WP_042432061.1	WP_129423729.1, WP_129424253.1
N1.HOG0001065	OG0001373	-				WP_042432152.1, WP_042436457.1	WP_129423423.1
N1.HOG0001066	OG0001374	-				WP_042432228.1, WP_042434036.1	WP_129423473.1
N1.HOG0001067	OG0001375	-				WP_042432589.1	WP_129423333.1, WP_129424285.1
N1.HOG0001068	OG0001376	-				WP_042432597.1	WP_129424275.1, WP_129423330.1
N1.HOG0001069	OG0001377	-				WP_042433016.1	WP_129424713.1, WP_129424569.1
N1.HOG0001070	OG0001378	-				WP_042433160.1	WP_129425359.1, WP_129423112.1
N1.HOG0001071	OG0001379	-				WP_042433191.1	WP_117205493.1, WP_129423684.1
N1.HOG0001072	OG0001380	-				WP_162096587.1, WP_042433197.1	WP_101677773.1
N1.HOG0001073	OG0001381	-				WP_042433200.1, WP_042436430.1	WP_075279298.1
N1.HOG0001074	OG0001382	-				WP_042436438.1, WP_042433216.1	WP_101677768.1
N1.HOG0001075	OG0001383	-				WP_042433287.1	WP_129423078.1, WP_129424267.1
N1.HOG0001076	OG0001384	-				WP_042433793.1	WP_129423033.1, WP_129423035.1
N1.HOG0001077	OG0001385	-				WP_042433809.1	WP_129423021.1, WP_129424348.1
N1.HOG0001078	OG0001386	-				WP_042433820.1, WP_042435463.1	WP_129423016.1
N1.HOG0001079	OG0001387	-				WP_042434384.1, WP_042436450.1	WP_129422798.1
N1.HOG0001080	OG0001388	-				WP_042435852.1, WP_042434426.1	WP_129424480.1
N1.HOG0001081	OG0001389	-				WP_042435587.1, WP_042434466.1	WP_129424430.1
N1.HOG0001082	OG0001390	-				WP_042434839.1, WP_042436350.1	WP_129424106.1
N1.HOG0001083	OG0001391	-				WP_042436340.1, WP_042434847.1	WP_129424096.1
N1.HOG0001084	OG0001392	-				WP_238318316.1, WP_042434891.1	WP_129424062.1
N1.HOG0001085	OG0001393	-				WP_042435404.1, WP_042435908.1	WP_129423828.1
N1.HOG0001086	OG0001394	-				WP_042435563.1	WP_129425874.1, WP_236648293.1
N1.HOG0001087	OG0001395	-				WP_222859232.1, WP_042435933.1	WP_236648255.1
N1.HOG0001088	OG0001396	-				WP_052297819.1, WP_042436342.1	WP_161566613.1
N1.HOG0001089	OG0001397	-				WP_202898142.1, WP_042436506.1	WP_201738786.1
N1.HOG0001090	OG0001398	-				WP_042436592.1	WP_129423846.1, WP_129425524.1
N1.HOG0001091	OG0001399	-				WP_042436599.1	WP_129423418.1, WP_129423359.1
N1.HOG0001092	OG0001400	-				WP_052297738.1	WP_201738656.1, WP_161566620.1
N1.HOG0001093	OG0001401	-				WP_052297844.1, WP_081469011.1	WP_269089567.1
N1.HOG0001094	OG0001402	-				WP_052297878.1, WP_148514783.1	WP_161566592.1
N1.HOG0001095	OG0001403	-				WP_052297927.1	WP_201738757.1, WP_129425522.1
N1.HOG0001096	OG0001404	-				WP_202898095.1, WP_052297934.1	WP_129425584.1
N1.HOG0001097	OG0001405	-				WP_081468860.1	WP_129423607.1, WP_129424273.1
N1.HOG0001098	OG0001406	-				WP_081468948.1, WP_162096582.1	WP_129424104.1
N1.HOG0001099	OG0001407	-				WP_162096555.1	WP_161566643.1, WP_129425546.1
N1.HOG0001100	OG0001408	-				WP_202898025.1	WP_129423609.1, WP_129424271.1
N1.HOG0001101	OG0001409	-				WP_202898093.1	WP_201738573.1, WP_129425375.1
N1.HOG0001102	OG0001410	-				WP_238318239.1	WP_129425616.1, WP_236648242.1
N1.HOG0001103	OG0001411	-				WP_238318250.1	WP_129425107.1, WP_129425600.1
N1.HOG0001104	OG0001412	-				WP_238318324.1	WP_129425658.1, WP_236648254.1
N1.HOG0001105	OG0001413	-					WP_129423701.1, WP_129423695.1, WP_129425790.1
N1.HOG0001106	OG0001414	-					WP_129424751.1, WP_129424753.1, WP_129424749.1
N1.HOG0001107	OG0001634	-				WP_006234636.1	WP_006234636.1
N1.HOG0001108	OG0001635	-				WP_042432031.1	WP_129423755.1
N1.HOG0001109	OG0001636	-				WP_042432051.1	WP_129423737.1
N1.HOG0001110	OG0001637	-				WP_042432058.1	WP_129423731.1
N1.HOG0001111	OG0001638	-				WP_042432063.1	WP_129423727.1
N1.HOG0001112	OG0001639	-				WP_042432073.1	WP_129423719.1
N1.HOG0001113	OG0001640	-				WP_042432081.1	WP_129423711.1
N1.HOG0001114	OG0001641	-				WP_042432086.1	WP_129423707.1
N1.HOG0001115	OG0001642	-				WP_042432088.1	WP_129423705.1
N1.HOG0001116	OG0001643	-				WP_042432113.1	WP_161566598.1
N1.HOG0001117	OG0001644	-				WP_042432115.1	WP_129423406.1
N1.HOG0001118	OG0001645	-				WP_042432138.1	WP_201738649.1
N1.HOG0001119	OG0001646	-				WP_042432140.1	WP_129423419.1
N1.HOG0001120	OG0001647	-				WP_042432142.1	WP_129423420.1
N1.HOG0001121	OG0001648	-				WP_042432147.1	WP_042432147.1
N1.HOG0001122	OG0001649	-				WP_042432161.1	WP_129423426.1
N1.HOG0001123	OG0001650	-				WP_042432167.1	WP_129423430.1
N1.HOG0001124	OG0001651	-				WP_042432182.1	WP_129423439.1
N1.HOG0001125	OG0001652	-				WP_042432190.1	WP_129423444.1
N1.HOG0001126	OG0001653	-				WP_042432193.1	WP_129423446.1
N1.HOG0001127	OG0001654	-				WP_042432215.1	WP_129423464.1
N1.HOG0001128	OG0001655	-				WP_042432218.1	WP_129423466.1
N1.HOG0001129	OG0001656	-				WP_042432226.1	WP_129423471.1
N1.HOG0001130	OG0001657	-				WP_042432244.1	WP_129423487.1
N1.HOG0001131	OG0001658	-				WP_042432265.1	WP_129423497.1
N1.HOG0001132	OG0001659	-				WP_042432268.1	WP_129423499.1
N1.HOG0001133	OG0001660	-				WP_042432269.1	WP_236648249.1
N1.HOG0001134	OG0001661	-				WP_042432277.1	WP_129423505.1
N1.HOG0001135	OG0001662	-				WP_042432314.1	WP_129426065.1
N1.HOG0001136	OG0001663	-				WP_042432320.1	WP_042432320.1
N1.HOG0001137	OG0001664	-				WP_042432329.1	WP_129423553.1
N1.HOG0001138	OG0001665	-				WP_042432337.1	WP_129423559.1
N1.HOG0001139	OG0001666	-				WP_042432339.1	WP_129423561.1
N1.HOG0001140	OG0001667	-				WP_042432351.1	WP_129423574.1
N1.HOG0001141	OG0001668	-				WP_042432361.1	WP_129423582.1
N1.HOG0001142	OG0001669	-				WP_042432367.1	WP_129423601.1
N1.HOG0001143	OG0001670	-				WP_042432369.1	WP_129423603.1
N1.HOG0001144	OG0001671	-				WP_042432381.1	WP_129423615.1
N1.HOG0001145	OG0001672	-				WP_042432397.1	WP_129423633.1
N1.HOG0001146	OG0001673	-				WP_042432410.1	WP_129423642.1
N1.HOG0001147	OG0001674	-				WP_042432438.1	WP_042432438.1
N1.HOG0001148	OG0001675	-				WP_042432441.1	WP_129423664.1
N1.HOG0001149	OG0001676	-				WP_042432443.1	WP_129423668.1
N1.HOG0001150	OG0001677	-				WP_042432448.1	WP_129423399.1
N1.HOG0001151	OG0001678	-				WP_042432452.1	WP_129423398.1
N1.HOG0001152	OG0001679	-				WP_042432455.1	WP_129423397.1
N1.HOG0001153	OG0001680	-				WP_042432470.1	WP_129423388.1
N1.HOG0001154	OG0001681	-				WP_042432487.1	WP_129423374.1
N1.HOG0001155	OG0001682	-				WP_042432502.1	WP_129423370.1
N1.HOG0001156	OG0001683	-				WP_042432513.1	WP_129423365.1
N1.HOG0001157	OG0001684	-				WP_042432544.1	WP_129423351.1
N1.HOG0001158	OG0001685	-				WP_042432613.1	WP_129423325.1
N1.HOG0001159	OG0001686	-				WP_042432631.1	WP_129423317.1
N1.HOG0001160	OG0001687	-				WP_042432640.1	WP_129423312.1
N1.HOG0001161	OG0001688	-				WP_042432642.1	WP_129423311.1
N1.HOG0001162	OG0001689	-				WP_042432645.1	WP_129423310.1
N1.HOG0001163	OG0001690	-				WP_042432647.1	WP_129423308.1
N1.HOG0001164	OG0001691	-				WP_042432650.1	WP_129423307.1
N1.HOG0001165	OG0001692	-				WP_042432658.1	WP_129423304.1
N1.HOG0001166	OG0001693	-				WP_042432726.1	WP_129423259.1
N1.HOG0001167	OG0001694	-				WP_042432729.1	WP_129423257.1
N1.HOG0001168	OG0001695	-				WP_042432755.1	WP_129423247.1
N1.HOG0001169	OG0001696	-				WP_042432757.1	WP_129423243.1
N1.HOG0001170	OG0001697	-				WP_042432761.1	WP_129423242.1
N1.HOG0001171	OG0001698	-				WP_042432779.1	WP_129425998.1
N1.HOG0001172	OG0001699	-				WP_042432784.1	WP_129423235.1
N1.HOG0001173	OG0001700	-				WP_042432795.1	WP_129423233.1
N1.HOG0001174	OG0001701	-				WP_042432797.1	WP_129423232.1
N1.HOG0001175	OG0001702	-				WP_042432845.1	WP_129423212.1
N1.HOG0001176	OG0001703	-				WP_042432850.1	WP_201738620.1
N1.HOG0001177	OG0001704	-				WP_042432955.1	WP_161566584.1
N1.HOG0001178	OG0001705	-				WP_042432964.1	WP_129423170.1
N1.HOG0001179	OG0001706	-				WP_042433024.1	WP_201738720.1
N1.HOG0001180	OG0001707	-				WP_042433027.1	WP_129424582.1
N1.HOG0001181	OG0001708	-				WP_042433039.1	WP_129425109.1
N1.HOG0001182	OG0001709	-				WP_042433059.1	WP_129424590.1
N1.HOG0001183	OG0001710	-				WP_042433065.1, WP_042433103.1	
N1.HOG0001184	OG0001711	-				WP_042433133.1	WP_129423121.1
N1.HOG0001185	OG0001712	-				WP_042433145.1	WP_101677788.1
N1.HOG0001186	OG0001713	-				WP_042433148.1	WP_129423115.1
N1.HOG0001187	OG0001714	-				WP_042433152.1	WP_161566578.1
N1.HOG0001188	OG0001715	-				WP_042433154.1	WP_042433154.1
N1.HOG0001189	OG0001716	-				WP_042433157.1	WP_129423113.1
N1.HOG0001190	OG0001717	-				WP_042433164.1	WP_236648232.1
N1.HOG0001191	OG0001718	-				WP_042433167.1	WP_129423110.1
N1.HOG0001192	OG0001719	-				WP_042433176.1	WP_075279307.1
N1.HOG0001193	OG0001720	-				WP_042433188.1	WP_075279302.1
N1.HOG0001194	OG0001721	-				WP_042433194.1	WP_129423108.1
N1.HOG0001195	OG0001722	-				WP_042433213.1	WP_099432718.1
N1.HOG0001196	OG0001723	-				WP_042433219.1	WP_006681531.1
N1.HOG0001197	OG0001724	-				WP_042433231.1	WP_129423095.1
N1.HOG0001198	OG0001725	-				WP_042433255.1	WP_129423089.1
N1.HOG0001199	OG0001726	-				WP_042433258.1	WP_129423088.1
N1.HOG0001200	OG0001727	-				WP_042433261.1	WP_129423087.1
N1.HOG0001201	OG0001728	-				WP_042433310.1	WP_129423066.1
N1.HOG0001202	OG0001729	-				WP_042433637.1	WP_201738619.1
N1.HOG0001203	OG0001730	-				WP_042433760.1	WP_129423044.1
N1.HOG0001204	OG0001731	-				WP_042433765.1	WP_129423040.1
N1.HOG0001205	OG0001732	-				WP_042433777.1	WP_129423039.1
N1.HOG0001206	OG0001733	-				WP_042433791.1	WP_129423036.1
N1.HOG0001207	OG0001734	-				WP_042433822.1	WP_201738594.1
N1.HOG0001208	OG0001735	-				WP_042433877.1	WP_129422995.1
N1.HOG0001209	OG0001736	-				WP_042433905.1	WP_129422987.1
N1.HOG0001210	OG0001737	-				WP_042433913.1	WP_129422983.1
N1.HOG0001211	OG0001738	-				WP_042433947.1	WP_129422967.1
N1.HOG0001212	OG0001739	-				WP_042433949.1	WP_129422966.1
N1.HOG0001213	OG0001740	-				WP_042433980.1	WP_129422954.1
N1.HOG0001214	OG0001741	-				WP_042433982.1	WP_129422953.1
N1.HOG0001215	OG0001742	-				WP_042434054.1	WP_129422932.1
N1.HOG0001216	OG0001743	-				WP_042434069.1	WP_129422928.1
N1.HOG0001217	OG0001744	-				WP_042434122.1	WP_129422909.1
N1.HOG0001218	OG0001745	-				WP_042434127.1	WP_129422907.1
N1.HOG0001219	OG0001746	-				WP_042434135.1	WP_129422905.1
N1.HOG0001220	OG0001747	-				WP_042434138.1	WP_129422903.1
N1.HOG0001221	OG0001748	-				WP_042434196.1	WP_129422878.1
N1.HOG0001222	OG0001749	-				WP_042434214.1	WP_129422870.1
N1.HOG0001223	OG0001750	-				WP_042434219.1	WP_201738577.1
N1.HOG0001224	OG0001751	-				WP_042434222.1	WP_129422868.1
N1.HOG0001225	OG0001752	-				WP_042434233.1	WP_129422865.1
N1.HOG0001226	OG0001753	-				WP_042434236.1	WP_129422864.1
N1.HOG0001227	OG0001754	-				WP_042434249.1	WP_129422860.1
N1.HOG0001228	OG0001755	-				WP_042434264.1	WP_129422852.1
N1.HOG0001229	OG0001756	-				WP_042434274.1	WP_129422846.1
N1.HOG0001230	OG0001757	-				WP_042434318.1	WP_129422826.1
N1.HOG0001231	OG0001758	-				WP_042434327.1	WP_129422822.1
N1.HOG0001232	OG0001759	-				WP_042434379.1	WP_129422804.1
N1.HOG0001233	OG0001760	-				WP_042434423.1	WP_129424482.1
N1.HOG0001234	OG0001761	-				WP_042434432.1	WP_129424476.1
N1.HOG0001235	OG0001762	-				WP_042434435.1	WP_129424474.1
N1.HOG0001236	OG0001763	-				WP_042434437.1	WP_129424470.1
N1.HOG0001237	OG0001764	-				WP_042434453.1	WP_129424450.1
N1.HOG0001238	OG0001765	-				WP_042434461.1	WP_129424436.1
N1.HOG0001239	OG0001766	-				WP_042434501.1	WP_129424394.1
N1.HOG0001240	OG0001767	-				WP_042434507.1	WP_129424390.1
N1.HOG0001241	OG0001768	-				WP_042434567.1	WP_129424340.1
N1.HOG0001242	OG0001769	-				WP_042434570.1	WP_129424338.1
N1.HOG0001243	OG0001770	-				WP_042434580.1	WP_129424327.1
N1.HOG0001244	OG0001771	-				WP_042434608.1	WP_129425139.1
N1.HOG0001245	OG0001772	-				WP_042434614.1	WP_129425143.1
N1.HOG0001246	OG0001773	-				WP_042434616.1	WP_129425145.1
N1.HOG0001247	OG0001774	-				WP_042434644.1	WP_129424299.1
N1.HOG0001248	OG0001775	-				WP_042434647.1	WP_129424297.1
N1.HOG0001249	OG0001776	-				WP_042434662.1	WP_129426137.1
N1.HOG0001250	OG0001777	-				WP_042434665.1	WP_129424244.1
N1.HOG0001251	OG0001778	-				WP_042434678.1	WP_129424236.1
N1.HOG0001252	OG0001779	-				WP_042434690.1	WP_129424228.1
N1.HOG0001253	OG0001780	-				WP_042434693.1	WP_129424226.1
N1.HOG0001254	OG0001781	-				WP_042434699.1	WP_201738699.1
N1.HOG0001255	OG0001782	-				WP_042434702.1	WP_129424212.1
N1.HOG0001256	OG0001783	-				WP_042434728.1	WP_129424196.1
N1.HOG0001257	OG0001784	-				WP_042434745.1	WP_129424182.1
N1.HOG0001258	OG0001785	-				WP_042434791.1	WP_129424146.1
N1.HOG0001259	OG0001786	-				WP_042434805.1	WP_129424136.1
N1.HOG0001260	OG0001787	-				WP_042434812.1	WP_129424134.1
N1.HOG0001261	OG0001788	-				WP_042434814.1	WP_129424132.1
N1.HOG0001262	OG0001789	-				WP_042434816.1	WP_129424130.1
N1.HOG0001263	OG0001790	-				WP_042434841.1	WP_129424102.1
N1.HOG0001264	OG0001791	-				WP_042434856.1	WP_201738696.1
N1.HOG0001265	OG0001792	-				WP_042434859.1	WP_129424086.1
N1.HOG0001266	OG0001793	-				WP_042434866.1	WP_129424082.1
N1.HOG0001267	OG0001794	-				WP_042434888.1	WP_201738693.1
N1.HOG0001268	OG0001795	-				WP_042434910.1	WP_129424042.1
N1.HOG0001269	OG0001796	-				WP_042434945.1	WP_129424013.1
N1.HOG0001270	OG0001797	-				WP_042434963.1	WP_201738691.1
N1.HOG0001271	OG0001798	-				WP_042434999.1	WP_129423985.1
N1.HOG0001272	OG0001799	-				WP_042435027.1	WP_129423957.1
N1.HOG0001273	OG0001800	-				WP_042435030.1	WP_161566610.1
N1.HOG0001274	OG0001801	-				WP_042435036.1	WP_129423947.1
N1.HOG0001275	OG0001802	-				WP_042435232.1	WP_129423965.1
N1.HOG0001276	OG0001803	-				WP_042435272.1	WP_129424216.1
N1.HOG0001277	OG0001804	-				WP_042435374.1	WP_129425468.1
N1.HOG0001278	OG0001805	-				WP_042435391.1	WP_129425457.1
N1.HOG0001279	OG0001806	-				WP_042435427.1	WP_129425612.1
N1.HOG0001280	OG0001807	-				WP_042435430.1	WP_129425614.1
N1.HOG0001281	OG0001808	-				WP_042435458.1	WP_129425437.1
N1.HOG0001282	OG0001809	-				WP_042435492.1	WP_129425880.1
N1.HOG0001283	OG0001810	-				WP_042435504.1	WP_129425902.1
N1.HOG0001284	OG0001811	-				WP_042435550.1	WP_129425387.1
N1.HOG0001285	OG0001812	-				WP_042435556.1, WP_042435864.1	
N1.HOG0001286	OG0001813	-				WP_042435866.1, WP_042435561.1	
N1.HOG0001287	OG0001814	-				WP_042435591.1	WP_129425232.1
N1.HOG0001288	OG0001815	-				WP_042435606.1	WP_129425215.1
N1.HOG0001289	OG0001816	-				WP_042435615.1	WP_129425210.1
N1.HOG0001290	OG0001817	-				WP_042435633.1	WP_129425194.1
N1.HOG0001291	OG0001818	-				WP_042435723.1	WP_129424662.1
N1.HOG0001292	OG0001819	-				WP_042435729.1	WP_129424668.1
N1.HOG0001293	OG0001820	-				WP_042435734.1	WP_201738756.1
N1.HOG0001294	OG0001821	-				WP_042435740.1	WP_129426199.1
N1.HOG0001295	OG0001822	-				WP_042435752.1	WP_129424787.1
N1.HOG0001296	OG0001823	-				WP_042435760.1	WP_129424799.1
N1.HOG0001297	OG0001824	-				WP_042435781.1	WP_129424677.1
N1.HOG0001298	OG0001825	-				WP_042435787.1	WP_129424683.1
N1.HOG0001299	OG0001826	-				WP_042435790.1	WP_129424598.1
N1.HOG0001300	OG0001827	-				WP_042435792.1	WP_129424685.1
N1.HOG0001301	OG0001828	-				WP_042435794.1	WP_129424689.1
N1.HOG0001302	OG0001829	-				WP_042435797.1	WP_161566634.1
N1.HOG0001303	OG0001830	-				WP_042435800.1	WP_161566635.1
N1.HOG0001304	OG0001831	-				WP_042435871.1	WP_129424821.1
N1.HOG0001305	OG0001832	-				WP_042435883.1	WP_129424847.1
N1.HOG0001306	OG0001833	-				WP_042435891.1	WP_129424841.1
N1.HOG0001307	OG0001834	-				WP_042435925.1	WP_129424563.1
N1.HOG0001308	OG0001835	-				WP_042435927.1	WP_201738800.1
N1.HOG0001309	OG0001836	-				WP_042435966.1	WP_129424851.1
N1.HOG0001310	OG0001837	-				WP_042435969.1	WP_129424853.1
N1.HOG0001311	OG0001838	-				WP_042435982.1	WP_129424873.1
N1.HOG0001312	OG0001839	-				WP_042436035.1	WP_129424947.1
N1.HOG0001313	OG0001840	-				WP_162096574.1, WP_042436038.1	
N1.HOG0001314	OG0001841	-				WP_042436045.1	WP_129424961.1
N1.HOG0001315	OG0001842	-				WP_042436280.1	WP_129424606.1
N1.HOG0001316	OG0001843	-				WP_042436284.1	WP_129425814.1
N1.HOG0001317	OG0001844	-				WP_042436290.1, WP_052297890.1	
N1.HOG0001318	OG0001845	-				WP_042436292.1	WP_201738614.1
N1.HOG0001319	OG0001846	-				WP_042436311.1	WP_129423682.1
N1.HOG0001320	OG0001847	-				WP_042437091.1, WP_042436373.1	
N1.HOG0001321	OG0001848	-				WP_042436390.1, WP_042436417.1	
N1.HOG0001322	OG0001849	-				WP_042436462.1, WP_148514835.1	
N1.HOG0001323	OG0001850	-				WP_042436467.1	WP_129425780.1
N1.HOG0001324	OG0001851	-				WP_042436509.1	WP_201738785.1
N1.HOG0001325	OG0001852	-				WP_042436510.1	WP_129425660.1
N1.HOG0001326	OG0001853	-				WP_042436513.1	WP_129425656.1
N1.HOG0001327	OG0001854	-				WP_042436516.1	WP_129425646.1
N1.HOG0001328	OG0001855	-				WP_042436521.1	WP_129425642.1
N1.HOG0001329	OG0001856	-				WP_042436545.1	WP_129425275.1
N1.HOG0001330	OG0001857	-				WP_042436547.1	WP_129425279.1
N1.HOG0001331	OG0001858	-				WP_042436549.1	WP_129425281.1
N1.HOG0001332	OG0001859	-				WP_042436557.1	WP_129425293.1
N1.HOG0001333	OG0001860	-				WP_042436566.1	WP_129423594.1
N1.HOG0001334	OG0001861	-				WP_042436579.1	WP_129425534.1
N1.HOG0001335	OG0001862	-				WP_042436584.1	WP_129425530.1
N1.HOG0001336	OG0001863	-				WP_042436587.1	WP_129425526.1
N1.HOG0001337	OG0001864	-				WP_042436590.1	WP_201738780.1
N1.HOG0001338	OG0001865	-				WP_042436604.1	WP_129423417.1
N1.HOG0001339	OG0001866	-				WP_042436625.1	WP_129425487.1
N1.HOG0001340	OG0001867	-				WP_042436627.1	WP_129425485.1
N1.HOG0001341	OG0001868	-				WP_042436629.1	WP_129425483.1
N1.HOG0001342	OG0001869	-				WP_042436761.1	WP_129423592.1
N1.HOG0001343	OG0001870	-				WP_042436816.1	WP_129423914.1
N1.HOG0001344	OG0001871	-				WP_042436834.1	WP_201738682.1
N1.HOG0001345	OG0001872	-				WP_042436840.1	WP_129423894.1
N1.HOG0001346	OG0001873	-				WP_042436858.1	WP_129423876.1
N1.HOG0001347	OG0001874	-				WP_042436883.1	WP_129423856.1
N1.HOG0001348	OG0001875	-				WP_042436888.1	WP_236648256.1
N1.HOG0001349	OG0001876	-				WP_042436893.1	WP_129423850.1
N1.HOG0001350	OG0001877	-				WP_042436902.1	WP_129423840.1
N1.HOG0001351	OG0001878	-				WP_042436905.1	WP_129423838.1
N1.HOG0001352	OG0001879	-				WP_042436907.1	WP_129423834.1
N1.HOG0001353	OG0001880	-				WP_042436957.1	WP_129423793.1
N1.HOG0001354	OG0001881	-				WP_042436977.1	WP_129423775.1
N1.HOG0001355	OG0001882	-				WP_042436999.1	WP_161566607.1
N1.HOG0001356	OG0001883	-				WP_042437006.1	WP_129423795.1
N1.HOG0001357	OG0001884	-				WP_042437046.1	WP_129425178.1
N1.HOG0001358	OG0001885	-				WP_042437051.1	WP_129425180.1
N1.HOG0001359	OG0001886	-				WP_042437068.1	WP_129425077.1
N1.HOG0001360	OG0001887	-				WP_052297729.1	WP_201738721.1
N1.HOG0001361	OG0001888	-				WP_052297730.1	WP_129423409.1
N1.HOG0001362	OG0001889	-				WP_052297732.1	WP_129423427.1
N1.HOG0001363	OG0001890	-				WP_052297733.1	WP_201738651.1
N1.HOG0001364	OG0001891	-				WP_052297734.1	WP_129423431.1
N1.HOG0001365	OG0001892	-				WP_052297740.1	WP_129423514.1
N1.HOG0001366	OG0001893	-				WP_052297741.1	WP_129423545.1
N1.HOG0001367	OG0001894	-				WP_052297744.1	WP_161566604.1
N1.HOG0001368	OG0001895	-				WP_052297748.1	WP_129423629.1
N1.HOG0001369	OG0001896	-				WP_052297751.1	WP_129423660.1
N1.HOG0001370	OG0001897	-				WP_052297752.1	WP_201738647.1
N1.HOG0001371	OG0001898	-				WP_052297759.1, WP_052297760.1	
N1.HOG0001372	OG0001899	-				WP_052297767.1	WP_129423263.1
N1.HOG0001373	OG0001900	-				WP_052297771.1	WP_201738625.1
N1.HOG0001374	OG0001901	-				WP_052297772.1	WP_129423277.1
N1.HOG0001375	OG0001902	-				WP_052297786.1	WP_129424579.1
N1.HOG0001376	OG0001903	-				WP_052297790.1	WP_129423038.1
N1.HOG0001377	OG0001904	-				WP_052297792.1	WP_129423002.1
N1.HOG0001378	OG0001905	-				WP_052297793.1	WP_129422981.1
N1.HOG0001379	OG0001906	-				WP_052297797.1	WP_129422897.1
N1.HOG0001380	OG0001907	-				WP_052297802.1	WP_129422839.1
N1.HOG0001381	OG0001908	-				WP_052297810.1	WP_129424325.1
N1.HOG0001382	OG0001909	-				WP_052297812.1	WP_129425162.1
N1.HOG0001383	OG0001910	-				WP_052297830.1	WP_201738677.1
N1.HOG0001384	OG0001911	-				WP_052297842.1	WP_129423149.1
N1.HOG0001385	OG0001912	-				WP_052297843.1	WP_129425385.1
N1.HOG0001386	OG0001913	-				WP_052297850.1	WP_236648282.1
N1.HOG0001387	OG0001914	-				WP_052297851.1	WP_236648331.1
N1.HOG0001388	OG0001915	-				WP_052297853.1	WP_129425131.1
N1.HOG0001389	OG0001916	-				WP_052297859.1	WP_129424600.1
N1.HOG0001390	OG0001917	-				WP_052297860.1	WP_129425363.1
N1.HOG0001391	OG0001918	-				WP_052297869.1	WP_129425303.1
N1.HOG0001392	OG0001919	-				WP_052297872.1	WP_129424815.1
N1.HOG0001393	OG0001920	-				WP_052297882.1	WP_161566664.1
N1.HOG0001394	OG0001921	-				WP_052297896.1	WP_227156057.1
N1.HOG0001395	OG0001922	-				WP_052297917.1	WP_129425271.1
N1.HOG0001396	OG0001923	-				WP_052297918.1	WP_129425289.1
N1.HOG0001397	OG0001924	-				WP_052297920.1	WP_201738771.1
N1.HOG0001398	OG0001925	-				WP_052297921.1	WP_129423590.1
N1.HOG0001399	OG0001926	-				WP_052297926.1	WP_129425528.1
N1.HOG0001400	OG0001927	-				WP_052297928.1	WP_161566600.1
N1.HOG0001401	OG0001928	-				WP_052297930.1	WP_129425514.1
N1.HOG0001402	OG0001929	-				WP_052297931.1	WP_161566693.1
N1.HOG0001403	OG0001930	-				WP_052297938.1	WP_129423836.1
N1.HOG0001404	OG0001931	-				WP_052297941.1	WP_129423789.1
N1.HOG0001405	OG0001932	-				WP_081468845.1	WP_129423713.1
N1.HOG0001406	OG0001933	-				WP_081468849.1	WP_114620627.1
N1.HOG0001407	OG0001934	-				WP_081468854.1	WP_201738657.1
N1.HOG0001408	OG0001935	-				WP_081468859.1	WP_129423572.1
N1.HOG0001409	OG0001936	-				WP_081468864.1	WP_201738669.1
N1.HOG0001410	OG0001937	-				WP_081468870.1	WP_129423373.1
N1.HOG0001411	OG0001938	-				WP_081468873.1	WP_129423309.1
N1.HOG0001412	OG0001939	-				WP_081468875.1	WP_129423296.1
N1.HOG0001413	OG0001940	-				WP_081468881.1	WP_129423258.1
N1.HOG0001414	OG0001941	-				WP_081468883.1	WP_201738626.1
N1.HOG0001415	OG0001942	-				WP_081468939.1	WP_129424448.1
N1.HOG0001416	OG0001943	-				WP_081468943.1	WP_236648276.1
N1.HOG0001417	OG0001944	-				WP_081468950.1	WP_129424088.1
N1.HOG0001418	OG0001945	-				WP_081468989.1, WP_148514798.1	
N1.HOG0001419	OG0001946	-				WP_081468995.1	WP_161566667.1
N1.HOG0001420	OG0001947	-				WP_081469006.1	WP_129424687.1
N1.HOG0001421	OG0001948	-				WP_114620913.1	WP_129425283.1
N1.HOG0001422	OG0001949	-				WP_129583900.1	WP_152596111.1
N1.HOG0001423	OG0001950	-				WP_148514753.1	WP_201738578.1
N1.HOG0001424	OG0001951	-				WP_148514755.1	WP_129422821.1
N1.HOG0001425	OG0001952	-				WP_148514763.1	WP_129424094.1
N1.HOG0001426	OG0001953	-				WP_148514771.1	WP_129425800.1
N1.HOG0001427	OG0001954	-				WP_148514776.1	WP_129423543.1
N1.HOG0001428	OG0001955	-				WP_148514781.1	WP_129423329.1
N1.HOG0001429	OG0001956	-				WP_148514782.1	WP_161566593.1
N1.HOG0001430	OG0001957	-				WP_148514785.1	WP_129423244.1
N1.HOG0001431	OG0001958	-				WP_148514797.1	WP_129425878.1
N1.HOG0001432	OG0001959	-				WP_148514844.1	WP_129423892.1
N1.HOG0001433	OG0001960	-				WP_155815083.1	WP_161566597.1
N1.HOG0001434	OG0001961	-				WP_162096551.1	WP_129423648.1
N1.HOG0001435	OG0001962	-				WP_162096554.1	WP_129423168.1
N1.HOG0001436	OG0001963	-				WP_162096558.1	WP_129422858.1
N1.HOG0001437	OG0001964	-				WP_162096560.1	WP_129424119.1
N1.HOG0001438	OG0001965	-				WP_162096569.1	WP_129425381.1
N1.HOG0001439	OG0001966	-				WP_162096573.1	WP_129424945.1
N1.HOG0001440	OG0001967	-				WP_162096577.1	WP_129425025.1
N1.HOG0001441	OG0001968	-				WP_162096590.1	WP_161566673.1
N1.HOG0001442	OG0001969	-				WP_181859457.1	WP_201738667.1
N1.HOG0001443	OG0001970	-				WP_187364751.1	WP_201738758.1
N1.HOG0001444	OG0001971	-				WP_187364752.1	WP_129423627.1
N1.HOG0001445	OG0001972	-				WP_187364755.1	WP_201738602.1
N1.HOG0001446	OG0001973	-				WP_187364757.1	WP_201738822.1
N1.HOG0001447	OG0001974	-				WP_187364765.1	WP_201738790.1
N1.HOG0001448	OG0001975	-				WP_202898022.1	WP_129423485.1
N1.HOG0001449	OG0001976	-				WP_202898024.1	WP_201738663.1
N1.HOG0001450	OG0001977	-				WP_202898026.1	WP_129423635.1
N1.HOG0001451	OG0001978	-				WP_202898032.1	WP_201738873.1
N1.HOG0001452	OG0001979	-				WP_202898037.1	WP_201738628.1
N1.HOG0001453	OG0001980	-				WP_202898038.1	WP_129423256.1
N1.HOG0001454	OG0001981	-				WP_202898042.1	WP_129423209.1
N1.HOG0001455	OG0001982	-				WP_202898050.1	WP_201738781.1
N1.HOG0001456	OG0001983	-				WP_202898057.1	WP_129423049.1
N1.HOG0001457	OG0001984	-				WP_202898090.1	WP_129422832.1
N1.HOG0001458	OG0001985	-				WP_202898097.1	WP_201738712.1
N1.HOG0001459	OG0001986	-				WP_202898098.1	WP_129423967.1
N1.HOG0001460	OG0001987	-				WP_202898099.1	WP_129424432.1
N1.HOG0001461	OG0001988	-				WP_202898103.1	WP_129424342.1
N1.HOG0001462	OG0001989	-				WP_202898108.1	WP_201738700.1
N1.HOG0001463	OG0001990	-				WP_202898115.1	WP_201738694.1
N1.HOG0001464	OG0001991	-				WP_202898118.1	WP_236648263.1
N1.HOG0001465	OG0001992	-				WP_202898139.1	WP_129425105.1
N1.HOG0001466	OG0001993	-				WP_202898141.1	WP_201738753.1
N1.HOG0001467	OG0001994	-				WP_202898151.1	WP_201738874.1
N1.HOG0001468	OG0001995	-				WP_202898178.1	WP_201738678.1
N1.HOG0001469	OG0001996	-				WP_202898180.1	WP_201738675.1
N1.HOG0001470	OG0001997	-				WP_222859220.1	WP_201738698.1
N1.HOG0001471	OG0001998	-				WP_222859223.1	WP_129423425.1
N1.HOG0001472	OG0001999	-				WP_222859224.1	WP_129423584.1
N1.HOG0001473	OG0002000	-				WP_222859229.1	WP_201738782.1
N1.HOG0001474	OG0002001	-				WP_238318242.1	WP_236648241.1
N1.HOG0001475	OG0002002	-				WP_238318253.1	WP_075279308.1
N1.HOG0001476	OG0002003	-				WP_238318260.1	WP_117655970.1
N1.HOG0001477	OG0002004	-				WP_238318273.1	WP_236648275.1
N1.HOG0001478	OG0002005	-				WP_238318278.1	WP_129424060.1
N1.HOG0001479	OG0002006	-				WP_238318280.1	WP_236648266.1
N1.HOG0001480	OG0002007	-				WP_238318290.1	WP_161566567.1
N1.HOG0001481	OG0002008	-				WP_238318303.1	WP_129424789.1
N1.HOG0001482	OG0002009	-				WP_238318327.1	WP_236648260.1
N1.HOG0001483	OG0002010	-				WP_238318330.1	WP_201738676.1
N1.HOG0001484	OG0002011	-					WP_161566679.1, WP_129423150.1
N1.HOG0001485	OG0002012	-					WP_129423276.1, WP_129424168.1
N1.HOG0001486	OG0002013	-					WP_129424557.1, WP_129423338.1
N1.HOG0001487	OG0002014	-					WP_129423339.1, WP_129424555.1
N1.HOG0001488	OG0002015	-					WP_161566625.1, WP_129424533.1
N1.HOG0001489	OG0002016	-					WP_129424586.1, WP_129425922.1
N1.HOG0001490	OG0002017	-					WP_129425051.1, WP_129425053.1
N1.HOG0001491	OG0002018	-					WP_129425786.1, WP_236648298.1
N1.HOG0001492	OG0002019	-					WP_201738638.1, WP_201738715.1
