Orthogroup	senegalimassilia_anaerobia	collinsella_provencensis
OG0000000	WP_042434583.1	WP_102338502.1
OG0000000	WP_042434586.1	WP_234346283.1, WP_102338269.1, WP_199824882.1, WP_102338104.1, WP_234346259.1, WP_102338268.1, WP_102338152.1, WP_102337401.1
OG0000001	WP_042435685.1	WP_102338223.1
OG0000001	WP_202898049.1	WP_102338559.1
OG0000002	WP_042433509.1	WP_102338115.1
OG0000002	WP_042434968.1, WP_042434970.1	WP_102338631.1
OG0000002	WP_042432516.1	WP_102338300.1, WP_102338059.1
OG0000003	WP_042436049.1	WP_102337299.1
OG0000003	WP_042436074.1	WP_199824816.1, WP_159060018.1
OG0000005	WP_052297769.1, WP_052297788.1	WP_102337688.1, WP_102337713.1
OG0000008	WP_042436896.1	WP_102337648.1
OG0000008	WP_081469081.1	WP_234346204.1, WP_102338289.1
OG0000013	WP_042435327.1	WP_234346375.1
OG0000014	WP_042433088.1	WP_102337818.1
OG0000014	WP_042435885.1	WP_102338452.1
OG0000017	WP_042435955.1, WP_081468888.1, WP_202898044.1	WP_199824895.1
OG0000020	WP_042434755.1	WP_102337790.1
OG0000020	WP_042432008.1	WP_102338001.1
OG0000022	WP_202898145.1	WP_102338397.1, WP_102337694.1
OG0000023	WP_238318300.1	WP_102338351.1
OG0000025	WP_081469046.1, WP_042433182.1	WP_234346262.1
OG0000026	WP_238318299.1	WP_102338435.1
OG0000026	WP_042434823.1	WP_102338182.1
OG0000028	WP_187364748.1	WP_102338291.1
OG0000028	WP_042433329.1	WP_102337624.1
OG0000029	WP_081468868.1	WP_234346370.1
OG0000030	WP_042436298.1	WP_102338083.1
OG0000030	WP_042432256.1	WP_102338111.1
OG0000032	WP_042433891.1	WP_102337994.1, WP_102337749.1
OG0000033	WP_202898091.1	WP_234346367.1
OG0000034	WP_042434285.1	WP_102338196.1, WP_102337336.1, WP_102337642.1, WP_102338533.1
OG0000035	WP_042433930.1, WP_042432045.1	WP_102338197.1, WP_102338195.1, WP_102337641.1
OG0000039	WP_042436286.1	WP_102338463.1, WP_159060034.1, WP_234346347.1
OG0000040	WP_042436486.1, WP_042434287.1, WP_148514770.1	WP_102338185.1, WP_102338191.1
OG0000041	WP_042432724.1	WP_102338147.1
OG0000042	WP_238318301.1	WP_102338301.1
OG0000043	WP_042432478.1	WP_102338044.1
OG0000044	WP_042432446.1	WP_102337294.1
OG0000045	WP_042432415.1	WP_102338202.1, WP_102338615.1
OG0000046	WP_042432412.1	WP_234346298.1, WP_102338273.1
OG0000050	WP_042436574.1	WP_102338054.1
OG0000051	WP_202898133.1	WP_102337232.1
OG0000052	WP_042434877.1, WP_052297894.1, WP_202898112.1	WP_102337982.1
OG0000053	WP_081468936.1	WP_102338329.1
OG0000053	WP_042436478.1	WP_159060046.1
OG0000054	WP_042432110.1	WP_102337966.1, WP_159060021.1, WP_102338260.1, WP_159060055.1, WP_159060075.1
OG0000055	WP_042434966.1	WP_159060078.1
OG0000057	WP_042432335.1, WP_042435861.1	WP_234346226.1
OG0000059	WP_162096578.1	WP_234346365.1
OG0000060	WP_081469072.1	WP_234346328.1, WP_159060033.1
OG0000061	WP_042436060.1, WP_042435450.1	WP_234346136.1
OG0000062	WP_042434075.1	WP_102337362.1
OG0000063	WP_052297766.1	WP_102337654.1
OG0000064	WP_042432040.1, WP_042435806.1	WP_102337905.1
OG0000065	WP_238318321.1	WP_102338092.1
OG0000066	WP_042436791.1	WP_102338179.1
OG0000066	WP_042434429.1	WP_102338409.1
OG0000067	WP_081468843.1	WP_102338257.1
OG0000069	WP_042434631.1, WP_081468997.1	WP_234346193.1
OG0000070	WP_042435849.1, WP_042436453.1, WP_042434022.1, WP_042432358.1, WP_042434388.1	WP_102338323.1
OG0000073	WP_042434986.1	WP_102338380.1
OG0000074	WP_042433868.1	WP_102338307.1
OG0000075	WP_042436406.1, WP_042436419.1, WP_042433967.1	WP_102337422.1
OG0000078	WP_042434316.1, WP_042434766.1	WP_199824830.1
OG0000079	WP_042434487.1	WP_102337478.1
OG0000080	WP_042434821.1	WP_199824855.1
OG0000082	WP_042432935.1	WP_102337735.1
OG0000083	WP_042433865.1	WP_102338306.1
OG0000087	WP_052297937.1, WP_042436814.1	WP_102337770.1
OG0000088	WP_158574162.1	WP_102337591.1
OG0000089	WP_042432670.1	WP_102338479.1
OG0000090	WP_042435396.1	WP_102337709.1, WP_199824826.1
OG0000091	WP_042432712.1, WP_042436618.1	WP_102337894.1
OG0000092	WP_042435847.1, WP_081469038.1, WP_042432946.1	WP_102338171.1
OG0000093	WP_042433094.1	WP_102337418.1
OG0000094	WP_081468938.1	WP_102337870.1
OG0000095	WP_042435809.1	WP_102337656.1
OG0000097	WP_238318310.1, WP_042435452.1	WP_102337368.1
OG0000098	WP_042435718.1	WP_102338153.1
OG0000099	WP_042436476.1, WP_042436974.1	WP_234346146.1
OG0000102	WP_042432637.1, WP_042432184.1	WP_102338359.1
OG0000103	WP_238318246.1	WP_102338554.1
OG0000104	WP_042432819.1	WP_102338305.1, WP_197713856.1
OG0000105	WP_042433975.1	WP_234346155.1
OG0000111	WP_042433932.1	WP_102338198.1, WP_102337640.1
OG0000112	WP_042433996.1	WP_102337317.1
OG0000113	WP_042431951.1	WP_102338199.1
OG0000114	WP_042432023.1	WP_102338018.1
OG0000115	WP_042434626.1	WP_102337652.1
OG0000117	WP_081468844.1	WP_102338553.1, WP_102338633.1
OG0000118	WP_202898100.1	WP_102337445.1
OG0000120	WP_052297754.1	WP_102337250.1
OG0000121	WP_042435671.1	WP_102337973.1
OG0000123	WP_042431935.1, WP_042434874.1	WP_102337981.1
OG0000124	WP_042437040.1	WP_102338290.1, WP_234346315.1
OG0000126	WP_042436301.1, WP_042432246.1	WP_102338108.1
OG0000127	WP_042432121.1	WP_102337965.1, WP_102337967.1, WP_102338188.1
OG0000128	WP_042435716.1	WP_102338364.1
OG0000130	WP_042432753.1, WP_238318243.1	WP_102338262.1
OG0000131	WP_042434083.1	WP_102337557.1
OG0000132	WP_042434753.1	WP_102337788.1
OG0000133	WP_042434205.1	WP_102337456.1
OG0000134	WP_042432155.1	WP_102337547.1, WP_102338064.1
OG0000136	WP_238318258.1	WP_102337705.1
OG0000137	WP_202898117.1	WP_102337526.1
OG0000138	WP_042436582.1	WP_102338449.1
OG0000139	WP_081468878.1	WP_102337728.1, WP_102337895.1
OG0000142	WP_042436071.1	WP_102338496.1
OG0000144	WP_042435914.1, WP_202898047.1	WP_102338010.1
OG0000145	WP_238318232.1	WP_102338154.1
OG0000150	WP_202898027.1	WP_102337310.1
OG0000151	WP_042435995.1	WP_102337441.1
OG0000153	WP_042434527.1	WP_102337358.1, WP_102337405.1
OG0000154	WP_042436083.1	WP_102337602.1
OG0000155	WP_042433999.1	WP_102337724.1, WP_102337319.1
OG0000156	WP_042436283.1	WP_102337245.1
OG0000159	WP_042436779.1	WP_102337968.1
OG0000161	WP_042432484.1	WP_102338266.1, WP_102338468.1
OG0000162	WP_042434444.1	WP_102338079.1, WP_102338245.1
OG0000163	WP_042437065.1	WP_102338065.1, WP_199824825.1
OG0000164	WP_042432751.1	WP_102337877.1, WP_102338067.1
OG0000165	WP_042435001.1	WP_102338379.1
OG0000167	WP_162096592.1, WP_202898088.1	WP_234346318.1
OG0000169	WP_162096579.1	WP_102338295.1
OG0000171	WP_042434441.1	WP_234346181.1, WP_102338460.1
OG0000172	WP_238318254.1	WP_102338052.1, WP_102337635.1
OG0000173	WP_042436041.1	WP_102337355.1
OG0000174	WP_042435898.1	WP_102337593.1
OG0000175	WP_042432048.1	WP_102337322.1, WP_102337639.1
OG0000178	WP_081469012.1, WP_202898140.1	WP_102338176.1, WP_102338177.1
OG0000180	WP_042434922.1	WP_102337521.1
OG0000181	WP_202898134.1	WP_102337522.1
OG0000182	WP_042434375.1	WP_102337564.1
OG0000183	WP_042434381.1	WP_102337566.1
OG0000184	WP_042433346.1	WP_102337609.1
OG0000185	WP_042433305.1	WP_102337634.1
OG0000186	WP_042433993.1	WP_102337315.1
OG0000187	WP_042434638.1	WP_102338482.1
OG0000188	WP_042432390.1	WP_102338368.1
OG0000189	WP_042434827.1	WP_102338183.1
OG0000190	WP_042432722.1	WP_102337796.1
OG0000191	WP_042434763.1	WP_102337794.1
OG0000192	WP_042434717.1	WP_102338418.1
OG0000193	WP_042433264.1	WP_102338391.1
OG0000194	WP_042433267.1	WP_102338392.1
OG0000195	WP_042433275.1	WP_102338399.1
OG0000196	WP_042433278.1	WP_102338400.1
OG0000197	WP_042432869.1	WP_102338402.1
OG0000198	WP_042432872.1	WP_102338403.1
OG0000199	WP_042432875.1	WP_102338404.1
OG0000200	WP_009306348.1	WP_102338406.1
OG0000201	WP_042432881.1	WP_102338407.1
OG0000202	WP_042432884.1	WP_006720295.1
OG0000203	WP_187364758.1	WP_102338408.1
OG0000204	WP_042432175.1	WP_199824841.1
OG0000205	WP_042432560.1	WP_102337993.1
OG0000206	WP_042437063.1	WP_102338032.1
OG0000207	WP_042434781.1	WP_102338168.1
OG0000208	WP_042432199.1	WP_102338157.1
OG0000209	WP_042432896.1	WP_102337786.1
OG0000210	WP_042432900.1	WP_102337785.1
OG0000211	WP_042432903.1	WP_102337784.1
OG0000212	WP_042432910.1	WP_102337782.1
OG0000213	WP_042432913.1	WP_102337781.1
OG0000214	WP_042434709.1	WP_102337778.1
OG0000215	WP_042436927.1	WP_102337776.1
OG0000216	WP_042436924.1	WP_102337775.1
OG0000217	WP_042436921.1	WP_102337774.1
OG0000218	WP_042436918.1	WP_102337773.1
OG0000219	WP_238318326.1	WP_102337771.1
OG0000220	WP_042433290.1	WP_102337767.1
OG0000221	WP_042435877.1	WP_102337282.1
OG0000222	WP_042436489.1	WP_102337342.1
OG0000223	WP_042435683.1	WP_102338222.1
OG0000224	WP_042435058.1	WP_102338251.1
OG0000225	WP_042435055.1	WP_102338252.1
OG0000226	WP_042435050.1	WP_102338254.1
OG0000227	WP_042435046.1	WP_102338255.1
OG0000228	WP_238318233.1	WP_199824853.1
OG0000229	WP_042432234.1	WP_102338056.1
OG0000230	WP_042432253.1	WP_102338110.1
OG0000231	WP_042432258.1	WP_006721899.1
OG0000232	WP_042434175.1	WP_102337468.1
OG0000233	WP_042434188.1	WP_102337464.1
OG0000234	WP_042434605.1	WP_102338516.1
OG0000235	WP_042433844.1	WP_102337487.1
OG0000236	WP_042433961.1	WP_102337420.1
OG0000237	WP_042432840.1	WP_102337426.1
OG0000238	WP_238318329.1	WP_102337429.1
OG0000239	WP_238318286.1	WP_102337559.1
OG0000240	WP_042434102.1	WP_102337555.1
OG0000241	WP_081468856.1	WP_102338138.1
OG0000242	WP_006363204.1	WP_006363204.1
OG0000243	WP_042432297.1	WP_102338139.1
OG0000244	WP_042434204.1	WP_102337457.1
OG0000245	WP_042436955.1	WP_102338113.1
OG0000246	WP_181859460.1	WP_102338133.1
OG0000247	WP_042432302.1	WP_102338135.1
OG0000248	WP_042434711.1	WP_102338419.1
OG0000249	WP_042434518.1	WP_102337408.1
OG0000250	WP_042434636.1	WP_102338483.1
OG0000251	WP_042433269.1	WP_102338393.1
OG0000252	WP_042433704.1	WP_102338394.1
OG0000253	WP_042435060.1	WP_102338250.1
OG0000254	WP_042435062.1	WP_102338249.1
OG0000255	WP_042436929.1	WP_102337777.1
OG0000256	WP_042432893.1	WP_039910329.1
OG0000257	WP_042432634.1	WP_102338358.1
OG0000260	WP_202898054.1	WP_102337633.1
OG0000261	WP_042434577.1	WP_102338034.1
OG0000262	WP_042435372.1	WP_102337948.1
OG0000263	WP_042432566.1	WP_102338363.1
OG0000264	WP_042432563.1	WP_102338362.1
OG0000265	WP_081468927.1	WP_199824873.1
OG0000266	WP_042434542.1	WP_102337400.1
OG0000267	WP_042432842.1	WP_102337427.1
OG0000268	WP_042434499.1	WP_102337482.1
OG0000269	WP_042436492.1	WP_102337343.1
OG0000270	WP_042432493.1	WP_102338484.1
OG0000271	WP_042435988.1	WP_234346114.1
OG0000272	WP_081468885.1	WP_102337731.1
OG0000273	WP_114621217.1	WP_102337720.1
OG0000274	WP_042434344.1	WP_102337715.1
OG0000275	WP_042433928.1	WP_102337798.1
OG0000276	WP_042432480.1	WP_102337273.1
OG0000278	WP_187364750.1	WP_102337584.1
OG0000279	WP_042434903.1	WP_102337308.1
OG0000280	WP_042432519.1	WP_199824844.1
OG0000281	WP_042432196.1	WP_102338158.1
OG0000282	WP_042433225.1	WP_199824835.1
OG0000283	WP_081469063.1	WP_102337270.1
OG0000284	WP_042436811.1	WP_199824829.1
OG0000285	WP_042436934.1	WP_009141477.1
OG0000286	WP_042435669.1	WP_102337953.1
OG0000287	WP_042434504.1	WP_102337413.1
OG0000288	WP_042434954.1	WP_102337531.1
OG0000289	WP_042433296.1	WP_102337518.1
OG0000290	WP_042434157.1	WP_102337506.1
OG0000291	WP_042434108.1	WP_102337553.1
OG0000292	WP_042434081.1	WP_102337558.1
OG0000293	WP_042433842.1	WP_102338515.1
OG0000294	WP_042432465.1	WP_102338210.1
OG0000295	WP_042432938.1	WP_234346360.1
OG0000296	WP_042434524.1	WP_102337406.1
OG0000297	WP_222859225.1	WP_102338204.1
OG0000298	WP_042434202.1	WP_102337459.1
OG0000299	WP_042436881.1	WP_102337428.1
OG0000300	WP_042434596.1	WP_102337491.1
OG0000301	WP_042434490.1	WP_102337479.1
OG0000302	WP_042434545.1	WP_102337447.1
OG0000303	WP_081468969.1	WP_102337446.1
OG0000304	WP_042434552.1	WP_102337444.1
OG0000305	WP_202898154.1	WP_102337443.1
OG0000306	WP_042435991.1	WP_102337442.1
OG0000307	WP_042435380.1	WP_102338436.1
OG0000309	WP_148514769.1	WP_234346237.1
OG0000310	WP_042437053.1	WP_102337284.1
OG0000311	WP_042436613.1	WP_102337271.1
OG0000312	WP_238318237.1	WP_102337264.1
OG0000313	WP_042436539.1	WP_102337883.1
OG0000314	WP_042432922.1	WP_102338366.1
OG0000315	WP_042433253.1	WP_102337974.1
OG0000316	WP_042433334.1	WP_102337622.1
OG0000317	WP_042433340.1	WP_102337611.1
OG0000318	WP_042434618.1	WP_102337305.1
OG0000319	WP_042432940.1	WP_102337737.1
OG0000320	WP_042435168.1	WP_102337238.1
OG0000321	WP_042434296.1	WP_102337237.1
OG0000322	WP_042434299.1	WP_102337236.1
OG0000323	WP_081468953.1	WP_102338042.1
OG0000324	WP_042432952.1	WP_102338283.1
OG0000325	WP_042432906.1	WP_102337783.1
OG0000326	WP_042432830.1	WP_102337888.1
OG0000327	WP_042435202.1	WP_102338244.1
OG0000328	WP_042433303.1	WP_102337636.1
OG0000329	WP_042432164.1	WP_102338234.1
OG0000331	WP_052297942.1	WP_102338231.1
OG0000332	WP_238318240.1	WP_199824838.1
OG0000333	WP_238318282.1	WP_102337560.1
OG0000334	WP_042435704.1	WP_102338415.1
OG0000335	WP_042432326.1	WP_199824881.1
OG0000336	WP_238318256.1	WP_102338137.1
OG0000337	WP_081468892.1	WP_102338424.1
OG0000338	WP_042433317.1	WP_102337629.1
OG0000339	WP_042433715.1	WP_102337613.1
OG0000340	WP_042436015.1	WP_102337438.1
OG0000341	WP_042432855.1	WP_102337268.1
OG0000342	WP_042435389.1	WP_102337263.1
OG0000344	WP_042433272.1	WP_102338398.1
OG0000345	WP_042434723.1	WP_102338416.1
OG0000346	WP_042432569.1	WP_102337797.1
OG0000347	WP_042432250.1	WP_102338109.1
OG0000348	WP_222859228.1	WP_102338569.1
OG0000349	WP_042434778.1	WP_102338169.1
OG0000350	WP_042434641.1	WP_102338648.1
OG0000351	WP_042434252.1	WP_234346159.1
OG0000352	WP_042432916.1	WP_102337780.1
OG0000353	WP_042433921.1	WP_102337745.1
OG0000354	WP_238318288.1	WP_102337738.1
OG0000355	WP_042432929.1	WP_102337732.1
OG0000356	WP_081468910.1	WP_102338265.1
OG0000357	WP_042435662.1	WP_234346308.1
OG0000358	WP_081469034.1	WP_102338264.1
OG0000359	WP_181859389.1	WP_102338049.1
OG0000360	WP_042434353.1	WP_102337718.1
OG0000361	WP_042434350.1	WP_102337717.1
OG0000362	WP_042434372.1	WP_234346175.1
OG0000363	WP_042434947.1	WP_102337529.1
OG0000364	WP_238318268.1	WP_102337554.1
OG0000365	WP_042433874.1	WP_102337758.1
OG0000366	WP_042432683.1	WP_102338332.1
OG0000367	WP_042432209.1	WP_102338236.1
OG0000368	WP_081469060.1	WP_102338448.1
OG0000369	WP_042435881.1	WP_102337902.1
OG0000370	WP_042437043.1	WP_102338288.1
OG0000371	WP_042433281.1	WP_102338338.1
OG0000372	WP_042434668.1	WP_102338493.1
OG0000373	WP_042435731.1	WP_102338099.1
OG0000374	WP_042435732.1	WP_102338095.1
OG0000375	WP_042434602.1	WP_102337493.1
OG0000376	WP_042436869.1	WP_102337431.1
OG0000377	WP_042434802.1	WP_102337316.1
OG0000378	WP_042435368.1	WP_102337949.1
OG0000379	WP_042434347.1	WP_102337716.1
OG0000380	WP_202898183.1	WP_234346113.1
OG0000381	WP_238318279.1	WP_102337230.1
OG0000382	WP_042436577.1	WP_102338278.1
OG0000384	WP_042433833.1	WP_102338340.1
OG0000385	WP_081468925.1	WP_102337388.1
OG0000386	WP_042433564.1	WP_102337519.1
OG0000387	WP_042434672.1	WP_102337951.1
OG0000389	WP_042432136.1	WP_102338281.1
OG0000391	WP_042433853.1	WP_102337330.1
OG0000392	WP_042433850.1	WP_102337329.1
OG0000393	WP_042434293.1	WP_102337685.1
OG0000394	WP_042437058.1	WP_102338486.1
OG0000395	WP_042432510.1	WP_102338274.1
OG0000396	WP_042432180.1	WP_159060068.1
OG0000397	WP_042435600.1	WP_199824842.1
OG0000398	WP_042434880.1	WP_234346239.1
OG0000399	WP_042434707.1	WP_102337740.1
OG0000400	WP_042436967.1	WP_102338093.1
OG0000401	WP_042432858.1	WP_102337987.1
OG0000403	WP_042434334.1	WP_102337748.1
OG0000404	WP_042433326.1	WP_102337625.1
OG0000405	WP_042432847.1	WP_102338342.1
OG0000406	WP_238318261.1	WP_102337753.1
OG0000407	WP_042432987.1	WP_102338558.1
OG0000408	WP_042434148.1	WP_102337509.1
OG0000411	WP_042435674.1	WP_102338048.1
OG0000412	WP_042434599.1	WP_102337492.1
OG0000413	WP_202898055.1	WP_102337628.1
OG0000414	WP_081468899.1	WP_102337627.1
OG0000415	WP_042433323.1	WP_102337626.1
OG0000416	WP_081468898.1	WP_234346184.1
OG0000417	WP_081469056.1	WP_102338446.1
OG0000418	WP_052297809.1	WP_234346338.1
OG0000419	WP_081468928.1	WP_102337473.1
OG0000420	WP_042434145.1	WP_102337510.1
OG0000421	WP_042434722.1	WP_006720939.1
OG0000422	WP_042436952.1	WP_102337301.1
OG0000423	WP_042432546.1	WP_102338470.1
OG0000424	WP_042437078.1	WP_102337233.1
OG0000425	WP_042432943.1	WP_102338543.1
OG0000426	WP_042433880.1	WP_234346200.1
OG0000427	WP_042436938.1	WP_102337569.1
OG0000428	WP_042434916.1	WP_234346170.1
OG0000429	WP_042436018.1	WP_102337437.1
OG0000431	WP_042434589.1	WP_102337488.1
OG0000432	WP_042432686.1	WP_102338333.1
OG0000433	WP_238318322.1	WP_102337272.1
OG0000435	WP_042436498.1	WP_102337346.1
OG0000436	WP_042434170.1	WP_102337471.1
OG0000437	WP_042436874.1	WP_102337430.1
OG0000438	WP_042435950.1	WP_102337288.1
OG0000439	WP_202898114.1	WP_102337978.1
OG0000440	WP_042435644.1	WP_102338037.1
OG0000441	WP_042435784.1	WP_102337997.1
OG0000442	WP_148514751.1	WP_102337424.1
OG0000443	WP_042432285.1	WP_102338145.1
OG0000444	WP_042432020.1	WP_102338017.1
OG0000445	WP_042432017.1	WP_102338016.1
OG0000446	WP_042434996.1	WP_102337972.1
OG0000447	WP_042434731.1	WP_102337960.1
OG0000448	WP_202898107.1	WP_234346230.1
OG0000449	WP_042434687.1	WP_102337956.1
OG0000450	WP_042434684.1	WP_102337955.1
OG0000452	WP_042432926.1	WP_102337937.1
OG0000453	WP_042436488.1	WP_102337347.1
OG0000454	WP_042433871.1	WP_102337759.1
OG0000455	WP_042433862.1	WP_102337765.1
OG0000456	WP_042433859.1	WP_102337766.1
OG0000457	WP_081468958.1	WP_234346361.1
OG0000459	WP_042434720.1	WP_102338417.1
OG0000460	WP_042434751.1	WP_102338412.1
OG0000461	WP_202898096.1	WP_102337453.1
OG0000462	WP_042434200.1	WP_102337461.1
OG0000463	WP_202898087.1	WP_102337462.1
OG0000464	WP_238318270.1	WP_102337463.1
OG0000465	WP_042434185.1	WP_102337465.1
OG0000466	WP_042434182.1	WP_102337466.1
OG0000467	WP_042434178.1	WP_102337467.1
OG0000468	WP_052297798.1	WP_102337472.1
OG0000469	WP_042434160.1	WP_102337505.1
OG0000470	WP_042434143.1	WP_102337511.1
OG0000472	WP_042434277.1	WP_102337542.1
OG0000473	WP_042434280.1	WP_102337544.1
OG0000474	WP_202898043.1	WP_102338102.1
OG0000476	WP_042432288.1	WP_102338143.1
OG0000477	WP_042435283.1	WP_234346310.1
OG0000478	WP_042432664.1	WP_102338478.1
OG0000479	WP_042432667.1	WP_199824894.1
OG0000480	WP_081469059.1	WP_102337969.1
OG0000481	WP_052297743.1	WP_102337795.1
OG0000482	WP_042433925.1	WP_102337800.1
OG0000483	WP_042433313.1	WP_102338227.1
OG0000484	WP_042434341.1	WP_102337714.1
OG0000485	WP_042434338.1	WP_102337712.1
OG0000486	WP_042434125.1	WP_102337516.1
OG0000487	WP_081469020.1	WP_234346158.1
OG0000488	WP_042434448.1	WP_102338276.1
OG0000489	WP_042435044.1	WP_234346306.1
OG0000490	WP_238318275.1	WP_102338055.1
OG0000491	WP_042433911.1	WP_102337986.1
OG0000492	WP_081469082.1	WP_102337307.1
OG0000494	WP_042434784.1	WP_102338275.1
OG0000495	WP_042432824.1	WP_102337287.1
OG0000496	WP_042436064.1	WP_102337364.1
OG0000497	WP_238318266.1	WP_102337538.1
OG0000498	WP_081468940.1	WP_102337571.1
OG0000499	WP_042433228.1	WP_102338282.1
OG0000500	WP_042435074.1	WP_102338248.1
OG0000501	WP_042436622.1	WP_102337691.1
OG0000502	WP_042432202.1	WP_102338156.1
OG0000503	WP_052297821.1	WP_102338567.1
OG0000504	WP_042433987.1	WP_102337645.1
OG0000505	WP_042436837.1	WP_102337750.1
OG0000506	WP_042435365.1	WP_102337320.1
OG0000507	WP_042434484.1	WP_102337477.1
OG0000508	WP_042432349.1	WP_102337769.1
OG0000510	WP_042432549.1	WP_102338285.1
OG0000512	WP_042432011.1	WP_102338014.1
OG0000513	WP_042434760.1	WP_102337793.1
OG0000514	WP_042432852.1	WP_102338343.1
OG0000515	WP_042432524.1	WP_102338457.1
OG0000517	WP_052297781.1	WP_102337498.1
OG0000518	WP_042432468.1	WP_102338045.1
OG0000519	WP_042432343.1	WP_102338046.1
OG0000520	WP_042434558.1	WP_102338263.1
OG0000521	WP_042434833.1	WP_102337229.1
OG0000522	WP_042433633.1	WP_102338401.1
OG0000523	WP_081468842.1	WP_102338267.1
OG0000524	WP_042436008.1	WP_102337500.1
OG0000525	WP_202898135.1	WP_102337532.1
OG0000527	WP_042432660.1	WP_102337240.1
OG0000528	WP_042434515.1	WP_102337409.1
OG0000529	WP_042435042.1	WP_102337267.1
OG0000530	WP_042432291.1	WP_102338142.1
OG0000531	WP_238318234.1	WP_102338146.1
OG0000532	WP_042432274.1	WP_102338062.1
OG0000534	WP_042432241.1	WP_102338107.1
OG0000535	WP_042432238.1	WP_102338106.1
OG0000536	WP_042435779.1	WP_102338094.1
OG0000537	WP_042432271.1	WP_234346269.1
OG0000538	WP_042434211.1	WP_102338286.1
OG0000539	WP_042432037.1	WP_102338287.1
OG0000540	WP_202898019.1	WP_102338277.1
OG0000541	WP_042432014.1	WP_102338015.1
OG0000542	WP_042432206.1	WP_102338155.1
OG0000543	WP_042436571.1	WP_102338200.1
OG0000544	WP_042432676.1	WP_102338203.1
OG0000545	WP_042432678.1	WP_102338270.1
OG0000546	WP_042432407.1	WP_102338272.1
OG0000547	WP_042435248.1	WP_102338033.1
OG0000548	WP_042434302.1	WP_102337289.1
OG0000549	WP_042434561.1	WP_102338030.1
OG0000550	WP_202898102.1	WP_102338029.1
OG0000551	WP_042436851.1	WP_102337921.1
OG0000552	WP_042432212.1	WP_102337992.1
OG0000553	WP_042434651.1	WP_234346246.1
OG0000554	WP_042436846.1	WP_102337989.1
OG0000555	WP_042432714.1	WP_102338620.1
OG0000556	WP_042432717.1	WP_102338297.1
OG0000557	WP_042432720.1	WP_102338298.1
OG0000558	WP_081468879.1	WP_102338299.1
OG0000559	WP_042432170.1	WP_102338036.1
OG0000560	WP_042434799.1	WP_102338224.1
OG0000561	WP_042432394.1	WP_102337961.1
OG0000562	WP_042434797.1	WP_102337919.1
OG0000563	WP_042434794.1	WP_102337917.1
OG0000565	WP_042433830.1	WP_102338339.1
OG0000566	WP_042436885.1	WP_102337890.1
OG0000567	WP_238318291.1	WP_102337889.1
OG0000568	WP_042436536.1	WP_102337882.1
OG0000569	WP_042436534.1	WP_102337881.1
OG0000572	WP_042432706.1	WP_102338369.1
OG0000573	WP_042432568.1	WP_102338370.1
OG0000574	WP_042437060.1	WP_102337869.1
OG0000575	WP_042436573.1	WP_102338552.1
OG0000576	WP_042434748.1	WP_102338413.1
OG0000577	WP_042435702.1	WP_234346329.1
OG0000579	WP_042435383.1	WP_102338437.1
OG0000582	WP_042432919.1	WP_102337779.1
OG0000583	WP_042432323.1	WP_102337768.1
OG0000584	WP_042432586.1	WP_102338292.1
OG0000585	WP_042433916.1	WP_102337755.1
OG0000586	WP_042436853.1	WP_102337399.1
OG0000587	WP_081468934.1	WP_102337683.1
OG0000589	WP_238318323.1	WP_102337262.1
OG0000590	WP_042436087.1	WP_102337805.1
OG0000591	WP_148514786.1	WP_159060010.1
OG0000592	WP_042432949.1	WP_102337266.1
OG0000593	WP_042432482.1	WP_102337274.1
OG0000594	WP_042436856.1	WP_102337276.1
OG0000595	WP_042432822.1	WP_102337279.1
OG0000596	WP_042437056.1	WP_102337281.1
OG0000597	WP_042435874.1	WP_102337312.1
OG0000598	WP_042436024.1	WP_102337690.1
OG0000599	WP_042433814.1	WP_102337644.1
OG0000601	WP_238318276.1	WP_102337328.1
OG0000602	WP_042433936.1	WP_102337333.1
OG0000603	WP_042436495.1	WP_102337344.1
OG0000604	WP_162096575.1	WP_102337353.1
OG0000605	WP_042436052.1	WP_159060015.1
OG0000606	WP_042434938.1	WP_102337504.1
OG0000607	WP_042434943.1	WP_102337501.1
OG0000608	WP_042434941.1	WP_102337499.1
OG0000609	WP_042434623.1	WP_102337494.1
OG0000610	WP_042434594.1	WP_102337490.1
OG0000611	WP_042434592.1	WP_199824822.1
OG0000612	WP_081468944.1	WP_102337489.1
OG0000613	WP_238318262.1	WP_102337484.1
OG0000614	WP_042434290.1	WP_102337483.1
OG0000615	WP_042434481.1	WP_102337476.1
OG0000616	WP_042434477.1	WP_102337475.1
OG0000617	WP_042434474.1	WP_102337474.1
OG0000618	WP_042433964.1	WP_102337421.1
OG0000619	WP_042433969.1	WP_102338506.1
OG0000620	WP_202898174.1	WP_102337432.1
OG0000621	WP_042436984.1	WP_102337433.1
OG0000622	WP_042434099.1	WP_102337556.1
OG0000623	WP_042434110.1	WP_102337552.1
OG0000624	WP_042434113.1	WP_102337551.1
OG0000625	WP_162096557.1	WP_159060022.1
OG0000626	WP_042434116.1	WP_102337549.1
OG0000627	WP_042434130.1	WP_234346169.1
OG0000628	WP_042434133.1	WP_102337514.1
OG0000629	WP_042435134.1	WP_102338520.1
OG0000630	WP_222859219.1	WP_102337512.1
OG0000631	WP_042434152.1	WP_102337507.1
OG0000632	WP_052297799.1	WP_102337470.1
OG0000633	WP_238318274.1	WP_102337454.1
OG0000634	WP_042436002.1	WP_199824821.1
OG0000635	WP_042436005.1	WP_102337439.1
OG0000636	WP_042436021.1	WP_102337436.1
OG0000637	WP_042436032.1	WP_102337434.1
OG0000638	WP_202898084.1	WP_102337390.1
OG0000639	WP_042434017.1	WP_102337389.1
OG0000640	WP_042433782.1	WP_102337386.1
OG0000641	WP_042433795.1	WP_102337387.1
OG0000642	WP_042433247.1	WP_102337385.1
OG0000643	WP_081468902.1	WP_102337376.1
OG0000644	WP_042434886.1	WP_102337517.1
OG0000645	WP_042434919.1	WP_102337520.1
OG0000646	WP_187364749.1	WP_102337528.1
OG0000647	WP_042434960.1	WP_102337533.1
OG0000648	WP_042434655.1	WP_102337541.1
OG0000649	WP_042434509.1	WP_102337412.1
OG0000650	WP_042434511.1	WP_234346138.1
OG0000651	WP_042434521.1	WP_102337407.1
OG0000652	WP_042434530.1	WP_102337404.1
OG0000653	WP_042434533.1	WP_102337403.1
OG0000654	WP_042434536.1	WP_102337402.1
OG0000655	WP_042434012.1	WP_102337561.1
OG0000656	WP_052297807.1	WP_102337562.1
OG0000657	WP_042434378.1	WP_102337565.1
OG0000658	WP_042435194.1	WP_102337567.1
OG0000659	WP_042436913.1	WP_102337568.1
OG0000660	WP_042435664.1	WP_102338528.1
OG0000661	WP_042433957.1	WP_102337573.1
OG0000662	WP_042434365.1	WP_102337586.1
OG0000663	WP_238318267.1	WP_234346178.1
OG0000664	WP_202898082.1	WP_102338565.1
OG0000665	WP_042432776.1	WP_102337589.1
OG0000666	WP_042436817.1	WP_102337304.1
OG0000667	WP_042436818.1	WP_102337303.1
OG0000668	WP_042433838.1	WP_102337302.1
OG0000669	WP_042432990.1	WP_102337605.1
OG0000670	WP_042432672.1	WP_102337606.1
OG0000671	WP_042433337.1	WP_102337612.1
OG0000672	WP_042433315.1	WP_102337630.1
OG0000673	WP_042433299.1	WP_102337637.1
OG0000674	WP_202898029.1	WP_102337324.1
OG0000675	WP_042434002.1	WP_102337321.1
OG0000676	WP_042433990.1	WP_102337313.1
OG0000677	WP_042433985.1	WP_102337646.1
OG0000678	WP_202898176.1	WP_102337647.1
OG0000679	WP_042436890.1	WP_102337649.1
OG0000680	WP_042434042.1	WP_102338433.1
OG0000681	WP_042434216.1	WP_234346188.1
OG0000682	WP_052297913.1	WP_159060026.1
OG0000683	WP_042432703.1	WP_102337664.1
OG0000684	WP_238318320.1	WP_102337665.1
OG0000685	WP_162096589.1	WP_102338537.1
OG0000686	WP_042432346.1	WP_102337249.1
OG0000687	WP_042436081.1	WP_102337248.1
OG0000689	WP_042432932.1	WP_102337730.1
OG0000691	WP_042432681.1	WP_102337455.1
OG0000694	WP_148514756.1	WP_102337278.1
OG0000695	WP_081468889.1	WP_234346323.1
OG0000696	WP_042435862.1	WP_102338372.1
OG0000697	WP_042436943.1	WP_102338459.1
OG0000699	WP_042436615.1	WP_102338344.1
OG0000700	WP_042435068.1	WP_102337513.1
OG0000701	WP_052297932.1	WP_102337910.1
OG0000702	WP_052297727.1	WP_102337592.1
OG0000703	WP_042433036.1	WP_234346346.1, WP_102337904.1
OG0000705	WP_042432124.1	WP_102337962.1, WP_102338186.1
OG0000706	WP_042434675.1	WP_102337952.1
OG0000707	WP_042434696.1	WP_102337957.1
OG0000708	WP_042433234.1	WP_234346231.1
OG0000709	WP_202898169.1	WP_102338279.1
OG0000710	WP_052297815.1	WP_234346316.1
OG0000711	WP_042436972.1	WP_102338294.1
OG0000712	WP_042434009.1	WP_102338293.1
OG0000713	WP_042432844.1	WP_102338256.1
OG0000714	WP_181859444.1	WP_102338253.1
OG0000715	WP_042435842.1	WP_102338043.1
OG0000716	WP_042433805.1	WP_108722517.1
OG0000717	WP_162096548.1	WP_102338119.1
OG0000718	WP_081468906.1	WP_234346371.1
OG0000719	WP_042435948.1	WP_102338149.1
OG0000720	WP_042435979.1	WP_102338225.1
OG0000721	WP_042436175.1	WP_199824851.1
OG0000722	WP_081468866.1	WP_102338215.1
OG0000723	WP_042432521.1	WP_102338057.1
OG0000724	WP_118350840.1	WP_102338058.1
OG0000725	WP_202898033.1	WP_102338060.1
OG0000726	WP_042434154.1	WP_102338061.1
OG0000727	WP_042436555.1	WP_159060066.1
OG0000728	WP_202898023.1	WP_102338129.1
OG0000729	WP_238318235.1	WP_234346281.1
OG0000730	WP_042432308.1	WP_102338130.1
OG0000731	WP_042432299.1	WP_102338136.1
OG0000732	WP_042432404.1	WP_199824840.1
OG0000733	WP_187364753.1	WP_102338494.1
OG0000734	WP_202898081.1	WP_234346147.1
OG0000735	WP_042434096.1	WP_102338524.1
OG0000736	WP_042435114.1	WP_102337314.1
OG0000737	WP_148514768.1	WP_102338161.1
OG0000738	WP_162096550.1	WP_102337999.1
OG0000739	WP_042436057.1	WP_102337357.1
OG0000740	WP_042432616.1	WP_102337958.1
OG0000741	WP_042432555.1	WP_159060052.1
OG0000742	WP_202898080.1	WP_102337384.1
OG0000743	WP_081468954.1	WP_102337537.1
OG0000744	WP_155815086.1	WP_102338434.1
OG0000745	WP_202898036.1	WP_102337751.1
OG0000746	WP_052297813.1	WP_159060049.1
OG0000747	WP_081469019.1	WP_234346377.1
OG0000748	WP_042434496.1	WP_102337481.1
OG0000749	WP_042432889.1	WP_102337787.1
OG0000750	WP_042434539.1	WP_199824819.1
OG0000751	WP_042435677.1	WP_199824843.1
OG0000752	WP_042434243.1	WP_102337450.1
OG0000753	WP_081469077.1	WP_199824852.1
OG0000754	WP_042435712.1	WP_199824863.1
OG0000755	WP_042436848.1	WP_199824880.1
OG0000756	WP_042434819.1	WP_199824856.1
OG0000757	WP_042434150.1	WP_102337508.1
OG0000758	WP_042432423.1	WP_102337604.1
OG0000759	WP_081468867.1	WP_199824850.1
OG0000760	WP_081468858.1	WP_102338132.1
OG0000761	WP_042433433.1	WP_102338141.1
OG0000762	WP_042432500.1	WP_102338105.1
OG0000763	WP_042432084.1	WP_234346287.1
OG0000764	WP_081469051.1	WP_102337345.1
OG0000765	WP_042433847.1	WP_102337486.1
OG0000766	WP_238318283.1	WP_234346168.1
OG0000767	WP_042436013.1	WP_234346356.1
OG0000768	WP_042434883.1	WP_234346241.1
OG0000769	WP_042434173.1	WP_102337469.1
OG0000770	WP_042434950.1	WP_234346172.1
OG0000771	WP_042434621.1	WP_199824823.1
OG0000772	WP_238318331.1	WP_199824827.1
OG0000773	WP_238318277.1	WP_102338184.1
OG0000774	WP_081468930.1	WP_234346248.1
OG0000775	WP_042434167.1	WP_102338513.1
OG0000776	WP_042436267.1	WP_102337351.1
OG0000777	WP_042433343.1	WP_234346357.1
OG0000778	WP_081468900.1	WP_102337623.1
OG0000779	WP_202898089.1	WP_102337543.1
OG0000780	WP_042434869.1	WP_234346366.1
OG0000781	WP_042436871.1	WP_234346156.1
OG0000782	WP_042436000.1	WP_102337440.1
OG0000783	WP_042434272.1	WP_102337448.1
OG0000784	WP_042434369.1	WP_234346173.1
OG0000785	WP_052297823.1	WP_102337585.1
OG0000787	WP_042435256.1	WP_102337326.1
OG0000788	WP_042435889.1	WP_102337297.1
OG0000789	WP_202898053.1	WP_159060031.1
OG0000790	WP_042433358.1	WP_102338352.1
OG0000791	WP_042435330.1	WP_234346222.1
OG0000792	WP_042433284.1	WP_234346322.1
OG0000793	WP_202898106.1	WP_234346229.1
OG0000794	WP_042434742.1	WP_102337235.1
OG0000795	WP_042436500.1	WP_234346369.1
OG0000796	WP_042432305.1	WP_102338134.1
OG0000797	WP_081468855.1	WP_102338140.1
OG0000798	WP_042435699.1	WP_234346278.1
OG0000799	WP_202898021.1	WP_102338232.1
OG0000802	WP_081468977.1	WP_234346117.1
OG0000803	WP_202898144.1	WP_234346194.1
OG0000804	WP_148514758.1	WP_234346167.1
OG0000805	WP_042436863.1	WP_102338508.1
OG0000807	WP_202898159.1	WP_102338382.1
OG0000808	WP_042433799.1	WP_234346354.1
OG0000809	WP_042432628.1	WP_102338536.1
OG0000810	WP_238318255.1	WP_234346368.1
OG0000811	WP_042433091.1, WP_042433139.1	WP_102338461.1
OG0000813	WP_238318325.1	WP_159060009.1
OG0000814	WP_042435393.1	WP_159060024.1
OG0000815	WP_042433824.1	WP_102338348.1
OG0000819	WP_042433110.1	WP_102337906.1
OG0000819	WP_042436180.1	WP_102338020.1
OG0000820	WP_042432178.1, WP_042432090.1	WP_102338009.1
OG0000828	WP_042434871.1	WP_102337979.1
OG0000831	WP_042434714.1	WP_006723104.1
OG0000836	WP_081469018.1	WP_102337603.1
OG0000840	WP_042435868.1	WP_102338242.1
OG0000844	WP_042436011.1	WP_102338519.1
OG0000854	WP_042436043.1	WP_102337354.1
OG0000864	WP_202898104.1	WP_102337570.1
OG0000866	WP_042433673.1	WP_102337452.1
OG0000868	WP_042435435.1	WP_102337988.1
OG0000870	WP_081469026.1	WP_234346353.1
OG0000874	WP_042433222.1	WP_159060063.1
OG0000875	WP_042435630.1	WP_102337760.1
OG0000890	WP_238318318.1	WP_102337298.1
OG0000896	WP_052297779.1	WP_102337813.1
OG0000902	WP_202898163.1	WP_102338646.1
OG0000907	WP_042434574.1	WP_102337502.1
OG0000908	WP_042432552.1	WP_102337396.1
OG0000928	WP_042432993.1	WP_102338360.1
OG0000941	WP_052297780.1	WP_159060044.1
OG0000945	WP_052297735.1	WP_234346331.1
OG0000946	WP_042432133.1	WP_102338211.1
OG0000947	WP_042436523.1	WP_102338101.1
OG0000949	WP_042436352.1	WP_159060064.1
OG0000950	WP_042432535.1, WP_042432532.1	WP_159060079.1
OG0000963	WP_042435977.1	WP_102337686.1
OG0000965	WP_042432877.1	WP_102338405.1
OG0000967	WP_042433827.1	WP_102338349.1
OG0000968	WP_202898092.1	WP_102337719.1
OG0000969	WP_042434928.1	WP_102337251.1
OG0000970	WP_042435377.1	WP_102337290.1
OG0000971	WP_042433811.1	WP_102337295.1
OG0000972	WP_052297764.1	WP_102337334.1
OG0000976	WP_042433942.1	WP_102337419.1
OG0000978	WP_042435386.1	WP_102338112.1
OG0000980	WP_042431963.1	WP_102337916.1, WP_102338550.1
OG0000983	WP_042432709.1	WP_102338350.1
OG0000984	WP_042432700.1	WP_102338371.1
OG0000987	WP_042435547.1	WP_102338216.1
OG0000989	WP_202898147.1	WP_102337348.1, WP_102338481.1
OG0000990	WP_148514817.1, WP_081468952.1	WP_102337352.1
OG0000991	WP_042435603.1	WP_102337523.1
OG0000992	WP_162096572.1	WP_102337815.1
OG0000995	WP_238318251.1, WP_042433067.1	WP_102337908.1
OG0000996	WP_042433063.1, WP_042433098.1	WP_102337923.1
OG0000997	WP_042436046.1	WP_159060017.1
OG0000998	WP_042433101.1	WP_234346223.1
OG0001339	WP_042432961.1	WP_234346363.1
OG0001357	WP_042436473.1	WP_102337275.1
OG0001358	WP_042432507.1	WP_102337338.1
OG0001359	WP_042433244.1	WP_102337695.1
OG0001360	WP_042435858.1	WP_102337791.1
OG0001361	WP_052297897.1	WP_102338069.1, WP_102337875.1
OG0001363	WP_042435554.1	WP_102337893.1
OG0001364	WP_042436559.1	WP_102338325.1
OG0001366	WP_081468884.1	WP_159060048.1
OG0001367	WP_202898162.1	WP_159060086.1
OG0001368	WP_052297889.1	WP_234346208.1
OG0001617	WP_042433241.1	WP_102337696.1
OG0001626	WP_238318257.1	WP_108722513.1
OG0001628	WP_052297879.1	WP_159060016.1
OG0001630	WP_042436446.1	WP_159060053.1
OG0001633	WP_238318319.1	WP_234346263.1
