Orthogroup	senegalimassilia_anaerobia	collinsella_aerofaciens
OG0000000	WP_042434583.1	WP_124786514.1
OG0000000	WP_042434586.1	WP_124786625.1, WP_124786617.1, WP_117773874.1, WP_124785716.1, WP_117773875.1, WP_124786618.1, WP_124786626.1, WP_124786513.1
OG0000001	WP_042435685.1	WP_206428141.1
OG0000001	WP_202898049.1	WP_117584246.1
OG0000002	WP_042432605.1	WP_124786504.1
OG0000002	WP_042433509.1	WP_117772844.1
OG0000002	WP_042434968.1, WP_042434970.1	WP_089572665.1
OG0000002	WP_042432516.1	WP_206428096.1, WP_124785856.1, WP_055250129.1, WP_006236208.1
OG0000003	WP_042436074.1	WP_124786183.1
OG0000004	WP_042435737.1	WP_117584077.1, WP_022095206.1
OG0000005	WP_052297769.1, WP_052297788.1	WP_124786548.1, WP_117773004.1, WP_124785713.1, WP_124785914.1
OG0000008	WP_042436896.1	WP_124786342.1
OG0000008	WP_081469081.1	WP_124785974.1
OG0000009	WP_042432387.1, WP_202898150.1, WP_222859231.1, WP_238318272.1, WP_052297765.1, WP_042435680.1	WP_117840575.1
OG0000013	WP_042435327.1	WP_206428106.1
OG0000013	WP_042434983.1	WP_197032117.1
OG0000014	WP_042435885.1	WP_124786633.1
OG0000017	WP_042435955.1, WP_081468888.1, WP_202898044.1	WP_124786414.1
OG0000017	WP_042436936.1	WP_117786325.1
OG0000020	WP_042434755.1	WP_117840011.1
OG0000020	WP_042432008.1	WP_124785761.1
OG0000022	WP_202898145.1	WP_117647594.1, WP_118335365.1, WP_118335363.1, WP_089572215.1
OG0000023	WP_238318300.1	WP_117756883.1
OG0000024	WP_042433056.1	WP_124786433.1
OG0000024	WP_042436862.1	WP_117840579.1
OG0000025	WP_081469046.1, WP_042433182.1	WP_124785719.1
OG0000026	WP_238318299.1	WP_124785981.1
OG0000026	WP_042434823.1	WP_124785892.1
OG0000027	WP_081468876.1	WP_241154650.1, WP_233504193.1, WP_124786094.1, WP_164473292.1
OG0000028	WP_187364748.1	WP_124786583.1
OG0000028	WP_042433329.1	WP_124786325.1
OG0000029	WP_081468868.1	WP_241154610.1
OG0000030	WP_042432256.1	WP_006235830.1
OG0000031	WP_042434991.1	WP_117637295.1
OG0000032	WP_042433891.1	WP_124785993.1, WP_124786612.1, WP_124786436.1, WP_117645711.1
OG0000033	WP_081469013.1	WP_117647433.1
OG0000033	WP_202898091.1	WP_206428103.1
OG0000034	WP_042434285.1	WP_117716559.1, WP_124786719.1
OG0000035	WP_042433930.1, WP_042432045.1	WP_117774421.1
OG0000038	WP_081468861.1, WP_202898034.1, WP_042435618.1	WP_124786179.1
OG0000039	WP_042436286.1	WP_124786311.1, WP_124786497.1
OG0000040	WP_042436486.1, WP_042434287.1, WP_148514770.1	WP_164473328.1, WP_124786519.1
OG0000041	WP_042432724.1	WP_158558606.1, WP_124786636.1, WP_124786634.1
OG0000042	WP_148514760.1	WP_158548925.1
OG0000043	WP_042432478.1	WP_158558637.1
OG0000043	WP_238318264.1	WP_241154599.1
OG0000045	WP_042432415.1	WP_124785789.1, WP_006235156.1
OG0000046	WP_042432412.1	WP_241154625.1, WP_006235157.1
OG0000048	WP_042434989.1	WP_124786073.1
OG0000050	WP_042436574.1	WP_124786035.1, WP_124786006.1, WP_089572633.1
OG0000051	WP_202898133.1	WP_089573604.1
OG0000052	WP_042434877.1, WP_052297894.1, WP_202898112.1	WP_117634305.1
OG0000053	WP_081468936.1	WP_117803937.1
OG0000053	WP_042436478.1	WP_117840391.1, WP_124786450.1
OG0000054	WP_042432110.1	WP_124785727.1
OG0000055	WP_042434966.1	WP_124785857.1
OG0000056	WP_042435033.1	WP_124785863.1
OG0000056	WP_052297822.1	WP_241154627.1
OG0000057	WP_042432335.1, WP_042435861.1	WP_124785865.1
OG0000059	WP_162096578.1	WP_124786526.1, WP_124785984.1
OG0000060	WP_081469072.1	WP_124786004.1, WP_158565399.1
OG0000061	WP_042436060.1, WP_042435450.1	WP_124786119.1
OG0000062	WP_042434075.1	WP_124786185.1
OG0000063	WP_052297766.1	WP_124786345.1
OG0000064	WP_042432040.1	WP_206428088.1
OG0000064	WP_042435806.1	WP_124786420.1
OG0000065	WP_238318321.1	WP_124786438.1
OG0000066	WP_042434429.1	WP_124786492.1
OG0000067	WP_081468843.1	WP_124786599.1
OG0000068	WP_042432827.1	WP_197032151.1
OG0000069	WP_042434631.1, WP_081468997.1	WP_206428115.1
OG0000073	WP_042434986.1	WP_117773008.1, WP_006234250.1
OG0000074	WP_042433868.1	WP_117839926.1, WP_124786637.1, WP_006235309.1
OG0000075	WP_042436406.1, WP_042436419.1, WP_042433967.1	WP_006236100.1
OG0000076	WP_042436029.1	WP_022094220.1, WP_117774312.1, WP_124786031.1, WP_117774287.1
OG0000078	WP_042434316.1, WP_042434766.1	WP_022094895.1
OG0000079	WP_162096553.1	WP_124786366.1
OG0000079	WP_042434487.1	WP_055250011.1
OG0000080	WP_042434821.1	WP_055252669.1, WP_089573098.1
OG0000082	WP_042432935.1	WP_089573612.1
OG0000083	WP_042433865.1	WP_192934535.1, WP_124786638.1, WP_117634793.1
OG0000084	WP_238318304.1	WP_206428087.1, WP_124785739.1
OG0000086	WP_042435880.1	WP_117773363.1, WP_124786386.1, WP_124786415.1
OG0000087	WP_052297937.1, WP_042436814.1	WP_117773369.1
OG0000088	WP_158574162.1	WP_117773490.1, WP_124786493.1
OG0000089	WP_042432670.1	WP_117774296.1
OG0000090	WP_042435396.1	WP_117776113.1
OG0000091	WP_042432712.1, WP_042436618.1	WP_117840248.1
OG0000092	WP_042435847.1, WP_081469038.1, WP_042432946.1	WP_124785781.1
OG0000093	WP_042433094.1	WP_124785912.1, WP_124786228.1, WP_124786432.1
OG0000094	WP_081468938.1	WP_124786418.1, WP_124785940.1
OG0000095	WP_042435809.1	WP_124786099.1, WP_124785986.1, WP_124786356.1
OG0000096	WP_238318311.1	WP_124786105.1, WP_124786104.1
OG0000096	WP_052297880.1	WP_124786117.1
OG0000097	WP_238318310.1, WP_042435452.1	WP_124786120.1
OG0000098	WP_042435718.1	WP_124786184.1, WP_124786624.1
OG0000099	WP_042436476.1, WP_042436974.1	WP_124786229.1
OG0000101	WP_042436531.1, WP_042436529.1, WP_162096559.1, WP_052297864.1, WP_052297831.1	WP_124786443.1
OG0000102	WP_042432637.1, WP_042432184.1	WP_124786473.1
OG0000103	WP_238318246.1	WP_241154656.1, WP_124786506.1
OG0000104	WP_042432819.1	WP_124786639.1, WP_241154608.1
OG0000105	WP_042433975.1	WP_241154648.1
OG0000106	WP_238318292.1, WP_238318313.1	WP_241154653.1, WP_241154576.1
OG0000111	WP_042433932.1	WP_006234279.1
OG0000112	WP_042433996.1	WP_006234305.1, WP_124786335.1
OG0000113	WP_042431951.1	WP_006235166.1
OG0000114	WP_042432023.1	WP_006235216.1
OG0000115	WP_042434626.1	WP_006235398.1, WP_055250894.1
OG0000117	WP_081468844.1	WP_035136926.1
OG0000118	WP_202898100.1	WP_055250138.1
OG0000120	WP_052297754.1	WP_055251520.1, WP_164473279.1
OG0000121	WP_042435671.1	WP_099432234.1
OG0000123	WP_042431935.1, WP_042434874.1	WP_117563706.1
OG0000124	WP_042437040.1	WP_117563816.1
OG0000125	WP_042435024.1	WP_117773016.1, WP_117583755.1
OG0000126	WP_042436301.1, WP_042432246.1	WP_117634693.1
OG0000127	WP_042432121.1	WP_117635777.1
OG0000128	WP_042435716.1	WP_117640103.1, WP_124785831.1
OG0000130	WP_042432753.1, WP_238318243.1	WP_117646636.1
OG0000131	WP_042434083.1	WP_117773385.1, WP_124786147.1
OG0000132	WP_042434753.1	WP_117773483.1
OG0000133	WP_042434205.1	WP_117773504.1
OG0000134	WP_042432155.1	WP_117774253.1
OG0000136	WP_238318258.1	WP_117806836.1
OG0000137	WP_202898117.1	WP_124786276.1, WP_117820254.1
OG0000138	WP_042436582.1	WP_124786359.1, WP_117840168.1
OG0000139	WP_081468878.1	WP_117840247.1
OG0000142	WP_042436071.1	WP_118334449.1
OG0000143	WP_042435157.1	WP_124786293.1, WP_124786295.1, WP_124786292.1, WP_124785733.1
OG0000144	WP_042435914.1, WP_202898047.1	WP_124785763.1
OG0000145	WP_238318232.1	WP_124785766.1, WP_124786467.1
OG0000146	WP_052297904.1, WP_052297909.1, WP_238318308.1	WP_124785817.1
OG0000147	WP_042436758.1	WP_124785932.1
OG0000148	WP_042435894.1, WP_042433136.1	WP_124785969.1
OG0000150	WP_202898027.1	WP_124786072.1
OG0000151	WP_042435995.1	WP_124786164.1
OG0000153	WP_042434527.1	WP_124786235.1
OG0000154	WP_042436083.1	WP_124786307.1
OG0000155	WP_042433999.1	WP_124786334.1
OG0000156	WP_042436283.1	WP_124786391.1
OG0000157	WP_042433116.1	WP_124786464.1
OG0000158	WP_042432607.1, WP_202898030.1	WP_124786503.1
OG0000159	WP_042436779.1	WP_124786525.1
OG0000161	WP_042432484.1	WP_124786598.1
OG0000162	WP_042434444.1	WP_124786604.1
OG0000163	WP_042437065.1	WP_124786623.1
OG0000164	WP_042432751.1	WP_124786631.1
OG0000165	WP_042435001.1	WP_124786687.1
OG0000166	WP_042436062.1, WP_042435447.1	WP_124786700.1
OG0000167	WP_162096592.1, WP_202898088.1	WP_164473273.1
OG0000168	WP_042435494.1	WP_164473275.1
OG0000169	WP_162096579.1	WP_164473320.1
OG0000171	WP_042434441.1	WP_164473349.1
OG0000172	WP_238318254.1	WP_172674638.1
OG0000173	WP_042436041.1	WP_199412404.1
OG0000180	WP_042434922.1	WP_006233982.1
OG0000181	WP_202898134.1	WP_006233983.1
OG0000182	WP_042434375.1	WP_006234038.1
OG0000183	WP_042434381.1	WP_006234042.1
OG0000184	WP_042433346.1	WP_006234242.1
OG0000185	WP_042433305.1	WP_006234269.1
OG0000186	WP_042433993.1	WP_006234311.1
OG0000187	WP_042434638.1	WP_006234422.1
OG0000188	WP_042432390.1	WP_006234690.1
OG0000189	WP_042434827.1	WP_006234774.1
OG0000190	WP_042432722.1	WP_006234957.1
OG0000191	WP_042434763.1	WP_006234960.1
OG0000192	WP_042434717.1	WP_006234984.1
OG0000193	WP_042433264.1	WP_006235012.1
OG0000194	WP_042433267.1	WP_006235013.1
OG0000195	WP_042433275.1	WP_006235032.1
OG0000196	WP_042433278.1	WP_006235033.1
OG0000197	WP_042432869.1	WP_006235035.1
OG0000198	WP_042432872.1	WP_006235036.1
OG0000199	WP_042432875.1	WP_006235037.1
OG0000200	WP_009306348.1	WP_006235039.1
OG0000201	WP_042432881.1	WP_006235040.1
OG0000202	WP_042432884.1	WP_006235041.1
OG0000203	WP_187364758.1	WP_006235043.1
OG0000204	WP_042432175.1	WP_006235069.1
OG0000205	WP_042432560.1	WP_006235124.1
OG0000206	WP_042437063.1	WP_006235152.1
OG0000207	WP_042434781.1	WP_006235174.1
OG0000208	WP_042432199.1	WP_006235180.1
OG0000209	WP_042432896.1	WP_006235262.1
OG0000210	WP_042432900.1	WP_006235263.1
OG0000211	WP_042432903.1	WP_006235264.1
OG0000212	WP_042432910.1	WP_006235266.1
OG0000213	WP_042432913.1	WP_006235267.1
OG0000214	WP_042434709.1	WP_006235270.1
OG0000215	WP_042436927.1	WP_006235274.1
OG0000216	WP_042436924.1	WP_006235275.1
OG0000217	WP_042436921.1	WP_006235276.1
OG0000218	WP_042436918.1	WP_006235277.1
OG0000219	WP_238318326.1	WP_006235280.1
OG0000220	WP_042433290.1	WP_006235303.1
OG0000221	WP_042435877.1	WP_006235414.1
OG0000222	WP_042436489.1	WP_006235561.1
OG0000223	WP_042435683.1	WP_006235606.1
OG0000224	WP_042435058.1	WP_006235712.1
OG0000225	WP_042435055.1	WP_006235713.1
OG0000226	WP_042435050.1	WP_006235716.1
OG0000227	WP_042435046.1	WP_006235717.1
OG0000228	WP_238318233.1	WP_006235731.1
OG0000229	WP_042432234.1	WP_006235810.1
OG0000230	WP_042432253.1	WP_006235829.1
OG0000231	WP_042432258.1	WP_006235831.1
OG0000232	WP_042434175.1	WP_006235976.1
OG0000233	WP_042434188.1	WP_006235982.1
OG0000234	WP_042434605.1	WP_006236061.1
OG0000235	WP_042433844.1	WP_006236075.1
OG0000236	WP_042433961.1	WP_006236098.1
OG0000237	WP_042432840.1	WP_006236109.1
OG0000238	WP_238318329.1	WP_006236112.1
OG0000239	WP_238318286.1	WP_006236123.1
OG0000240	WP_042434102.1	WP_006236130.1
OG0000241	WP_081468856.1	WP_006236191.1
OG0000242	WP_006363204.1	WP_006363204.1
OG0000243	WP_042432297.1	WP_019127408.1
OG0000244	WP_042434204.1	WP_022093781.1
OG0000245	WP_042436955.1	WP_022093797.1
OG0000246	WP_181859460.1	WP_022093800.1
OG0000247	WP_042432302.1	WP_022093802.1
OG0000248	WP_042434711.1	WP_022093892.1
OG0000249	WP_042434518.1	WP_022094017.1
OG0000250	WP_042434636.1	WP_022094123.1
OG0000251	WP_042433269.1	WP_022094183.1
OG0000252	WP_042433704.1	WP_022094184.1
OG0000253	WP_042435060.1	WP_022094262.1
OG0000254	WP_042435062.1	WP_022094263.1
OG0000255	WP_042436929.1	WP_022094275.1
OG0000256	WP_042432893.1	WP_022094280.1
OG0000257	WP_042432634.1	WP_022094351.1
OG0000260	WP_202898054.1	WP_022094482.1
OG0000261	WP_042434577.1	WP_022094514.1
OG0000262	WP_042435372.1	WP_022094615.1
OG0000263	WP_042432566.1	WP_022094634.1
OG0000264	WP_042432563.1	WP_022094635.1
OG0000265	WP_081468927.1	WP_022094721.1
OG0000266	WP_042434542.1	WP_022094725.1
OG0000267	WP_042432842.1	WP_022094736.1
OG0000268	WP_042434499.1	WP_022094749.1
OG0000269	WP_042436492.1	WP_022094821.1
OG0000270	WP_042432493.1	WP_022094855.1
OG0000271	WP_042435988.1	WP_022094864.1
OG0000272	WP_081468885.1	WP_022094876.1
OG0000273	WP_114621217.1	WP_022094878.1
OG0000274	WP_042434344.1	WP_022094882.1
OG0000275	WP_042433928.1	WP_022094898.1
OG0000276	WP_042432480.1	WP_022095139.1
OG0000278	WP_187364750.1	WP_022095182.1
OG0000279	WP_042434903.1	WP_022095232.1
OG0000280	WP_042432519.1	WP_035136481.1
OG0000281	WP_042432196.1	WP_035136732.1
OG0000282	WP_042433225.1	WP_035136929.1
OG0000283	WP_081469063.1	WP_035137351.1
OG0000284	WP_042436811.1	WP_035137437.1
OG0000285	WP_042436934.1	WP_035137443.1
OG0000286	WP_042435669.1	WP_035137685.1
OG0000287	WP_042434504.1	WP_035138144.1
OG0000288	WP_042434954.1	WP_035138185.1
OG0000289	WP_042433296.1	WP_035138200.1
OG0000290	WP_042434157.1	WP_035138510.1
OG0000291	WP_042434108.1	WP_035138532.1
OG0000292	WP_042434081.1	WP_035138537.1
OG0000293	WP_042433842.1	WP_035138585.1
OG0000294	WP_042432465.1	WP_035138721.1
OG0000295	WP_042432938.1	WP_035138893.1
OG0000296	WP_042434524.1	WP_040358176.1
OG0000297	WP_222859225.1	WP_040359532.1
OG0000298	WP_042434202.1	WP_040359862.1
OG0000299	WP_042436881.1	WP_040359955.1
OG0000300	WP_042434596.1	WP_055249986.1
OG0000301	WP_042434490.1	WP_055250008.1
OG0000302	WP_042434545.1	WP_055250135.1
OG0000303	WP_081468969.1	WP_055250137.1
OG0000304	WP_042434552.1	WP_055250140.1
OG0000305	WP_202898154.1	WP_055250142.1
OG0000306	WP_042435991.1	WP_055250144.1
OG0000307	WP_042435380.1	WP_055250258.1
OG0000309	WP_148514769.1	WP_055250542.1
OG0000310	WP_042437053.1	WP_055250876.1
OG0000311	WP_042436613.1	WP_055250934.1
OG0000312	WP_238318237.1	WP_055250947.1
OG0000313	WP_042436539.1	WP_055250987.1
OG0000314	WP_042432922.1	WP_055251013.1
OG0000315	WP_042433253.1	WP_055251253.1
OG0000316	WP_042433334.1	WP_055251674.1
OG0000317	WP_042433340.1	WP_055251691.1
OG0000318	WP_042434618.1	WP_055251725.1
OG0000319	WP_042432940.1	WP_055251823.1
OG0000320	WP_042435168.1	WP_055252065.1
OG0000321	WP_042434296.1	WP_055252067.1
OG0000322	WP_042434299.1	WP_055252068.1
OG0000323	WP_081468953.1	WP_055252160.1
OG0000324	WP_042432952.1	WP_055252194.1
OG0000325	WP_042432906.1	WP_055252236.1
OG0000326	WP_042432830.1	WP_055252447.1
OG0000327	WP_042435202.1	WP_055252487.1
OG0000328	WP_042433303.1	WP_055252564.1
OG0000329	WP_042432164.1	WP_055252569.1
OG0000330	WP_081468890.1	WP_164473281.1, WP_055285183.1
OG0000331	WP_052297942.1	WP_055285343.1
OG0000332	WP_238318240.1	WP_055285525.1
OG0000333	WP_238318282.1	WP_055286388.1
OG0000334	WP_042435704.1	WP_055309418.1
OG0000335	WP_042432326.1	WP_082421874.1
OG0000336	WP_238318256.1	WP_082421942.1
OG0000337	WP_081468892.1	WP_082435590.1
OG0000338	WP_042433317.1	WP_089571579.1
OG0000339	WP_042433715.1	WP_089571585.1
OG0000340	WP_042436015.1	WP_089571912.1
OG0000341	WP_042432855.1	WP_089572163.1
OG0000342	WP_042435389.1	WP_089572175.1
OG0000344	WP_042433272.1	WP_089572481.1
OG0000345	WP_042434723.1	WP_089572520.1
OG0000346	WP_042432569.1	WP_089572532.1
OG0000347	WP_042432250.1	WP_089572584.1
OG0000348	WP_222859228.1	WP_089572694.1
OG0000349	WP_042434778.1	WP_089573257.1
OG0000350	WP_042434641.1	WP_089573296.1
OG0000351	WP_042434252.1	WP_089573364.1
OG0000352	WP_042432916.1	WP_089573561.1
OG0000353	WP_042433921.1	WP_089573609.1
OG0000354	WP_238318288.1	WP_089573611.1
OG0000355	WP_042432929.1	WP_089573615.1
OG0000356	WP_081468910.1	WP_089573670.1
OG0000357	WP_042435662.1	WP_089573671.1
OG0000358	WP_081469034.1	WP_089573672.1
OG0000359	WP_181859389.1	WP_089573682.1
OG0000360	WP_042434353.1	WP_099431435.1
OG0000361	WP_042434350.1	WP_099431436.1
OG0000362	WP_042434372.1	WP_099431635.1
OG0000363	WP_042434947.1	WP_099431674.1
OG0000364	WP_238318268.1	WP_099431806.1
OG0000365	WP_042433874.1	WP_099432018.1
OG0000366	WP_042432683.1	WP_099432166.1
OG0000367	WP_042432209.1	WP_099432471.1
OG0000368	WP_081469060.1	WP_117563514.1
OG0000369	WP_042435881.1	WP_117563534.1
OG0000370	WP_042437043.1	WP_117563814.1
OG0000371	WP_042433281.1	WP_117563856.1
OG0000372	WP_042434668.1	WP_117563965.1
OG0000373	WP_042435731.1	WP_117564038.1
OG0000374	WP_042435732.1	WP_117564039.1
OG0000375	WP_042434602.1	WP_117564242.1
OG0000376	WP_042436869.1	WP_117564265.1
OG0000377	WP_042434802.1	WP_117564389.1
OG0000378	WP_042435368.1	WP_117564743.1
OG0000379	WP_042434347.1	WP_117564871.1
OG0000380	WP_202898183.1	WP_117564881.1
OG0000381	WP_238318279.1	WP_117564883.1
OG0000382	WP_042436577.1	WP_117564915.1
OG0000384	WP_042433833.1	WP_117583361.1
OG0000385	WP_081468925.1	WP_117583490.1
OG0000386	WP_042433564.1	WP_117583507.1
OG0000387	WP_042434672.1	WP_117583571.1
OG0000388	WP_042432625.1	WP_117583579.1
OG0000389	WP_042432136.1	WP_117583590.1
OG0000390	WP_042432622.1	WP_117772878.1, WP_117583629.1
OG0000391	WP_042433853.1	WP_117583748.1
OG0000392	WP_042433850.1	WP_117583750.1
OG0000393	WP_042434293.1	WP_117583949.1
OG0000394	WP_042437058.1	WP_117584002.1
OG0000395	WP_042432510.1	WP_117584170.1
OG0000396	WP_042432180.1	WP_117584196.1
OG0000397	WP_042435600.1	WP_117628983.1
OG0000398	WP_042434880.1	WP_117628993.1
OG0000399	WP_042434707.1	WP_117629769.1
OG0000400	WP_042436967.1	WP_117629799.1
OG0000401	WP_042432858.1	WP_117634311.1
OG0000403	WP_042434334.1	WP_117635941.1
OG0000404	WP_042433326.1	WP_117636008.1
OG0000405	WP_042432847.1	WP_117637654.1
OG0000406	WP_238318261.1	WP_117638060.1
OG0000407	WP_042432987.1	WP_117639738.1
OG0000408	WP_042434148.1	WP_117639888.1
OG0000411	WP_042435674.1	WP_117646163.1
OG0000412	WP_042434599.1	WP_117646379.1
OG0000413	WP_202898055.1	WP_117647214.1
OG0000414	WP_081468899.1	WP_117647216.1
OG0000415	WP_042433323.1	WP_117647217.1
OG0000416	WP_081468898.1	WP_117647346.1
OG0000417	WP_081469056.1	WP_117647466.1
OG0000418	WP_052297809.1	WP_117647468.1
OG0000419	WP_081468928.1	WP_117654800.1
OG0000420	WP_042434145.1	WP_117654802.1
OG0000421	WP_042434722.1	WP_117655047.1
OG0000422	WP_042436952.1	WP_117655131.1
OG0000423	WP_042432546.1	WP_117655181.1
OG0000424	WP_042437078.1	WP_117655644.1
OG0000425	WP_042432943.1	WP_117655648.1
OG0000426	WP_042433880.1	WP_117735979.1
OG0000427	WP_042436938.1	WP_117736274.1
OG0000428	WP_042434916.1	WP_117736309.1
OG0000429	WP_042436018.1	WP_117742779.1
OG0000430	WP_042434705.1, WP_042435039.1	WP_117745773.1
OG0000431	WP_042434589.1	WP_117745946.1
OG0000432	WP_042432686.1	WP_117756859.1
OG0000433	WP_238318322.1	WP_117757788.1
OG0000434	WP_222859227.1	WP_117757953.1
OG0000435	WP_042436498.1	WP_117758331.1
OG0000436	WP_042434170.1	WP_117758513.1
OG0000437	WP_042436874.1	WP_117758534.1
OG0000438	WP_042435950.1	WP_117758558.1
OG0000439	WP_202898114.1	WP_117759589.1
OG0000440	WP_042435644.1	WP_117759599.1
OG0000441	WP_042435784.1	WP_117766417.1
OG0000442	WP_148514751.1	WP_117766657.1
OG0000443	WP_042432285.1	WP_117769723.1
OG0000444	WP_042432020.1	WP_117770263.1
OG0000445	WP_042432017.1	WP_117770264.1
OG0000446	WP_042434996.1	WP_117772872.1
OG0000447	WP_042434731.1	WP_117772874.1
OG0000448	WP_202898107.1	WP_117772884.1
OG0000449	WP_042434687.1	WP_117772886.1
OG0000450	WP_042434684.1	WP_117772888.1
OG0000452	WP_042432926.1	WP_117772908.1
OG0000453	WP_042436488.1	WP_117772965.1
OG0000454	WP_042433871.1	WP_117773345.1
OG0000455	WP_042433862.1	WP_117773347.1
OG0000456	WP_042433859.1	WP_117773349.1
OG0000457	WP_081468958.1	WP_117773373.1
OG0000458	WP_042434993.1, WP_042432975.1	WP_117773474.1
OG0000459	WP_042434720.1	WP_117773477.1
OG0000460	WP_042434751.1	WP_117773482.1
OG0000461	WP_202898096.1	WP_117773502.1
OG0000462	WP_042434200.1	WP_117773507.1
OG0000463	WP_202898087.1	WP_117773508.1
OG0000464	WP_238318270.1	WP_117773509.1
OG0000465	WP_042434185.1	WP_117773510.1
OG0000466	WP_042434182.1	WP_117773511.1
OG0000467	WP_042434178.1	WP_117773512.1
OG0000468	WP_052297798.1	WP_117773515.1
OG0000469	WP_042434160.1	WP_117773517.1
OG0000470	WP_042434143.1	WP_117773519.1
OG0000471	WP_042436030.1	WP_117773744.1, WP_124786030.1
OG0000472	WP_042434277.1	WP_117773847.1
OG0000473	WP_042434280.1	WP_117773849.1
OG0000474	WP_202898043.1	WP_117773877.1
OG0000476	WP_042432288.1	WP_117774224.1
OG0000477	WP_042435283.1	WP_117774255.1
OG0000478	WP_042432664.1	WP_117774294.1
OG0000479	WP_042432667.1	WP_117774295.1
OG0000480	WP_081469059.1	WP_117774350.1
OG0000481	WP_052297743.1	WP_117774375.1
OG0000482	WP_042433925.1	WP_117774377.1
OG0000483	WP_042433313.1	WP_117774379.1
OG0000484	WP_042434341.1	WP_117776110.1
OG0000485	WP_042434338.1	WP_117776111.1
OG0000486	WP_042434125.1	WP_117776228.1
OG0000487	WP_081469020.1	WP_117776261.1
OG0000488	WP_042434448.1	WP_117776407.1
OG0000489	WP_042435044.1	WP_117776573.1
OG0000490	WP_238318275.1	WP_117776583.1
OG0000491	WP_042433911.1	WP_117778978.1
OG0000492	WP_081469082.1	WP_117779341.1
OG0000493	WP_042436307.1, WP_042436363.1, WP_148514812.1	WP_117779350.1
OG0000494	WP_042434784.1	WP_117779374.1
OG0000495	WP_042432824.1	WP_117786324.1
OG0000496	WP_042436064.1	WP_117786522.1
OG0000497	WP_238318266.1	WP_117790368.1
OG0000498	WP_081468940.1	WP_117798188.1
OG0000499	WP_042433228.1	WP_117799806.1
OG0000500	WP_042435074.1	WP_117800340.1
OG0000501	WP_042436622.1	WP_117800446.1
OG0000502	WP_042432202.1	WP_117800809.1
OG0000503	WP_052297821.1	WP_117803619.1
OG0000504	WP_042433987.1	WP_117806506.1
OG0000505	WP_042436837.1	WP_117817160.1
OG0000506	WP_042435365.1	WP_117817796.1
OG0000507	WP_042434484.1	WP_117820562.1
OG0000508	WP_042432349.1	WP_117839678.1
OG0000510	WP_042432549.1	WP_117839940.1
OG0000511	WP_162096564.1, WP_148514816.1	WP_117839953.1
OG0000512	WP_042432011.1	WP_117839958.1
OG0000513	WP_042434760.1	WP_117840013.1
OG0000514	WP_042432852.1	WP_117840019.1
OG0000515	WP_042432524.1	WP_117840158.1
OG0000516	WP_042436296.1, WP_042434415.1	WP_117840163.1
OG0000517	WP_052297781.1	WP_117840306.1
OG0000518	WP_042432468.1	WP_117840346.1
OG0000519	WP_042432343.1	WP_117840348.1
OG0000520	WP_042434558.1	WP_117840453.1
OG0000521	WP_042434833.1	WP_117843120.1
OG0000522	WP_042433633.1	WP_118079381.1
OG0000523	WP_081468842.1	WP_118081984.1
OG0000524	WP_042436008.1	WP_118094275.1
OG0000525	WP_202898135.1	WP_118225837.1
OG0000527	WP_042432660.1	WP_118377125.1
OG0000528	WP_042434515.1	WP_118387804.1
OG0000529	WP_042435042.1	WP_118935108.1
OG0000530	WP_042432291.1	WP_124785704.1
OG0000531	WP_238318234.1	WP_124785706.1
OG0000532	WP_042432274.1	WP_124785708.1
OG0000534	WP_042432241.1	WP_124785714.1
OG0000535	WP_042432238.1	WP_124785715.1
OG0000536	WP_042435779.1	WP_124785721.1
OG0000537	WP_042432271.1	WP_124785723.1
OG0000538	WP_042434211.1	WP_124785751.1
OG0000539	WP_042432037.1	WP_124785752.1
OG0000540	WP_202898019.1	WP_124785755.1
OG0000541	WP_042432014.1	WP_124785758.1
OG0000542	WP_042432206.1	WP_124785768.1
OG0000543	WP_042436571.1	WP_124785783.1
OG0000544	WP_042432676.1	WP_124785791.1
OG0000545	WP_042432678.1	WP_124785793.1
OG0000546	WP_042432407.1	WP_124785795.1
OG0000547	WP_042435248.1	WP_124785797.1
OG0000548	WP_042434302.1	WP_124785799.1
OG0000549	WP_042434561.1	WP_124785801.1
OG0000550	WP_202898102.1	WP_124785803.1
OG0000551	WP_042436851.1	WP_124785808.1
OG0000552	WP_042432212.1	WP_124785823.1
OG0000553	WP_042434651.1	WP_124785825.1
OG0000554	WP_042436846.1	WP_124785832.1
OG0000555	WP_042432714.1	WP_124785844.1
OG0000556	WP_042432717.1	WP_124785846.1
OG0000557	WP_042432720.1	WP_124785847.1
OG0000558	WP_081468879.1	WP_124785849.1
OG0000559	WP_042432170.1	WP_124785851.1
OG0000560	WP_042434799.1	WP_124785853.1
OG0000561	WP_042432394.1	WP_124785860.1
OG0000562	WP_042434797.1	WP_124785870.1
OG0000563	WP_042434794.1	WP_124785882.1
OG0000565	WP_042433830.1	WP_124785902.1
OG0000566	WP_042436885.1	WP_124785906.1
OG0000567	WP_238318291.1	WP_124785908.1
OG0000568	WP_042436536.1	WP_124785926.1
OG0000569	WP_042436534.1	WP_124785928.1
OG0000570	WP_162096591.1	WP_164473329.1
OG0000572	WP_042432706.1	WP_124785946.1
OG0000573	WP_042432568.1	WP_124785951.1
OG0000574	WP_042437060.1	WP_124785962.1
OG0000575	WP_042436573.1	WP_124785967.1
OG0000576	WP_042434748.1	WP_124785976.1
OG0000577	WP_042435702.1	WP_124785977.1
OG0000578	WP_042434362.1	WP_124785982.1
OG0000579	WP_042435383.1	WP_124785987.1
OG0000580	WP_042432144.1, WP_042434925.1	WP_124785995.1
OG0000581	WP_042433019.1	WP_124786007.1, WP_124786280.1
OG0000582	WP_042432919.1	WP_124786012.1
OG0000583	WP_042432323.1	WP_124786014.1
OG0000584	WP_042432586.1	WP_124786017.1
OG0000585	WP_042433916.1	WP_124786019.1
OG0000586	WP_042436853.1	WP_124786027.1
OG0000587	WP_081468934.1	WP_124786029.1
OG0000589	WP_238318323.1	WP_124786046.1
OG0000590	WP_042436087.1	WP_124786047.1
OG0000591	WP_148514786.1	WP_124786048.1
OG0000592	WP_042432949.1	WP_124786049.1
OG0000593	WP_042432482.1	WP_124786061.1
OG0000594	WP_042436856.1	WP_124786062.1
OG0000595	WP_042432822.1	WP_124786066.1
OG0000596	WP_042437056.1	WP_124786067.1
OG0000597	WP_042435874.1	WP_124786074.1
OG0000598	WP_042436024.1	WP_124786080.1
OG0000599	WP_042433814.1	WP_124786090.1
OG0000601	WP_238318276.1	WP_124786092.1
OG0000602	WP_042433936.1	WP_124786097.1
OG0000603	WP_042436495.1	WP_124786101.1
OG0000604	WP_162096575.1	WP_124786113.1, WP_124786112.1
OG0000605	WP_042436052.1	WP_124786114.1
OG0000606	WP_042434938.1	WP_124786123.1
OG0000607	WP_042434943.1	WP_124786126.1
OG0000608	WP_042434941.1	WP_124786127.1
OG0000609	WP_042434623.1	WP_124786129.1
OG0000610	WP_042434594.1	WP_124786130.1
OG0000611	WP_042434592.1	WP_124786131.1
OG0000612	WP_081468944.1	WP_124786132.1
OG0000613	WP_238318262.1	WP_124786135.1
OG0000614	WP_042434290.1	WP_124786136.1
OG0000615	WP_042434481.1	WP_124786138.1
OG0000616	WP_042434477.1	WP_124786139.1
OG0000617	WP_042434474.1	WP_124786140.1
OG0000618	WP_042433964.1	WP_124786141.1
OG0000619	WP_042433969.1	WP_124786142.1
OG0000620	WP_202898174.1	WP_124786144.1
OG0000621	WP_042436984.1	WP_124786145.1
OG0000622	WP_042434099.1	WP_124786148.1
OG0000623	WP_042434110.1	WP_124786149.1
OG0000624	WP_042434113.1	WP_124786150.1
OG0000625	WP_162096557.1	WP_124786151.1
OG0000626	WP_042434116.1	WP_124786152.1
OG0000627	WP_042434130.1	WP_124786153.1
OG0000628	WP_042434133.1	WP_124786154.1
OG0000629	WP_042435134.1	WP_124786155.1
OG0000630	WP_222859219.1	WP_124786156.1
OG0000631	WP_042434152.1	WP_124786157.1
OG0000632	WP_052297799.1	WP_124786158.1
OG0000633	WP_238318274.1	WP_124786161.1
OG0000634	WP_042436002.1	WP_124786165.1
OG0000635	WP_042436005.1	WP_124786166.1
OG0000636	WP_042436021.1	WP_124786168.1
OG0000637	WP_042436032.1	WP_124786169.1
OG0000638	WP_202898084.1	WP_124786196.1
OG0000639	WP_042434017.1	WP_124786197.1
OG0000640	WP_042433782.1	WP_124786199.1
OG0000641	WP_042433795.1	WP_124786200.1
OG0000642	WP_042433247.1	WP_124786201.1
OG0000643	WP_081468902.1	WP_124786213.1
OG0000644	WP_042434886.1	WP_124786216.1
OG0000645	WP_042434919.1	WP_124786217.1
OG0000646	WP_187364749.1	WP_124786218.1
OG0000647	WP_042434960.1	WP_124786220.1
OG0000648	WP_042434655.1	WP_124786222.1
OG0000649	WP_042434509.1	WP_124786232.1
OG0000650	WP_042434511.1	WP_124786233.1
OG0000651	WP_042434521.1	WP_124786234.1
OG0000652	WP_042434530.1	WP_124786236.1
OG0000653	WP_042434533.1	WP_124786237.1
OG0000654	WP_042434536.1	WP_124786238.1
OG0000655	WP_042434012.1	WP_124786239.1
OG0000656	WP_052297807.1	WP_124786240.1
OG0000657	WP_042434378.1	WP_124786241.1
OG0000658	WP_042435194.1	WP_124786242.1
OG0000659	WP_042436913.1	WP_124786243.1
OG0000660	WP_042435664.1	WP_124786277.1
OG0000661	WP_042433957.1	WP_124786278.1
OG0000662	WP_042434365.1	WP_124786282.1
OG0000663	WP_238318267.1	WP_124786287.1
OG0000664	WP_202898082.1	WP_124786297.1
OG0000665	WP_042432776.1	WP_124786305.1
OG0000666	WP_042436817.1	WP_124786314.1
OG0000667	WP_042436818.1	WP_124786315.1
OG0000668	WP_042433838.1	WP_124786316.1
OG0000669	WP_042432990.1	WP_124786321.1
OG0000670	WP_042432672.1	WP_124786322.1
OG0000671	WP_042433337.1	WP_124786324.1
OG0000672	WP_042433315.1	WP_124786326.1
OG0000673	WP_042433299.1	WP_124786327.1
OG0000674	WP_202898029.1	WP_124786331.1
OG0000675	WP_042434002.1	WP_124786333.1
OG0000676	WP_042433990.1	WP_124786337.1
OG0000677	WP_042433985.1	WP_124786338.1
OG0000678	WP_202898176.1	WP_124786341.1
OG0000679	WP_042436890.1	WP_124786343.1
OG0000680	WP_042434042.1	WP_124786347.1
OG0000681	WP_042434216.1	WP_124786354.1
OG0000682	WP_052297913.1	WP_124786361.1
OG0000683	WP_042432703.1	WP_124786371.1
OG0000684	WP_238318320.1	WP_124786373.1
OG0000685	WP_162096589.1	WP_124786374.1
OG0000686	WP_042432346.1	WP_124786389.1
OG0000687	WP_042436081.1	WP_124786390.1
OG0000689	WP_042432932.1	WP_124786393.1
OG0000690	WP_052297866.1, WP_052297731.1	WP_124786406.1
OG0000691	WP_042432681.1	WP_124786409.1
OG0000692	WP_042433002.1	WP_124786413.1
OG0000694	WP_148514756.1	WP_124786427.1
OG0000695	WP_081468889.1	WP_124786429.1
OG0000696	WP_042435862.1	WP_124786437.1
OG0000697	WP_042436943.1	WP_124786453.1
OG0000699	WP_042436615.1	WP_124786477.1
OG0000700	WP_042435068.1	WP_124786478.1
OG0000701	WP_052297932.1	WP_124786487.1
OG0000702	WP_052297727.1	WP_197032147.1, WP_124786494.1
OG0000703	WP_042433036.1	WP_124786500.1
OG0000704	WP_081469040.1, WP_042434446.1	WP_124786517.1
OG0000705	WP_042432124.1	WP_124786523.1
OG0000706	WP_042434675.1	WP_124786546.1
OG0000707	WP_042434696.1	WP_124786549.1
OG0000708	WP_042433234.1	WP_124786553.1
OG0000709	WP_202898169.1	WP_124786554.1
OG0000710	WP_052297815.1	WP_124786558.1
OG0000711	WP_042436972.1	WP_124786559.1
OG0000712	WP_042434009.1	WP_124786560.1
OG0000713	WP_042432844.1	WP_124786600.1
OG0000714	WP_181859444.1	WP_124786601.1
OG0000715	WP_042435842.1	WP_124786607.1
OG0000716	WP_042433805.1	WP_124786614.1
OG0000717	WP_162096548.1	WP_124786620.1
OG0000718	WP_081468906.1	WP_124786622.1
OG0000719	WP_042435948.1	WP_124786629.1
OG0000720	WP_042435979.1	WP_124786643.1
OG0000721	WP_042436175.1	WP_124786645.1
OG0000722	WP_081468866.1	WP_124786646.1
OG0000723	WP_042432521.1	WP_124786655.1
OG0000724	WP_118350840.1	WP_124786656.1
OG0000725	WP_202898033.1	WP_124786657.1
OG0000726	WP_042434154.1	WP_124786658.1
OG0000727	WP_042436555.1	WP_124786666.1
OG0000728	WP_202898023.1	WP_124786667.1
OG0000729	WP_238318235.1	WP_124786668.1
OG0000730	WP_042432308.1	WP_124786669.1
OG0000731	WP_042432299.1	WP_124786671.1
OG0000732	WP_042432404.1	WP_124786679.1
OG0000733	WP_187364753.1	WP_124786697.1
OG0000734	WP_202898081.1	WP_124786701.1
OG0000735	WP_042434096.1	WP_124786703.1
OG0000736	WP_042435114.1	WP_124786720.1
OG0000737	WP_148514768.1	WP_158551940.1
OG0000738	WP_162096550.1	WP_158564553.1
OG0000739	WP_042436057.1	WP_158564979.1
OG0000740	WP_042432616.1	WP_158571639.1
OG0000741	WP_042432555.1	WP_164473271.1
OG0000742	WP_202898080.1	WP_164473302.1
OG0000743	WP_081468954.1	WP_164473304.1
OG0000744	WP_155815086.1	WP_164473312.1
OG0000745	WP_202898036.1	WP_164473316.1
OG0000746	WP_052297813.1	WP_164473333.1
OG0000747	WP_081469019.1	WP_164473351.1
OG0000748	WP_042434496.1	WP_171021534.1
OG0000749	WP_042432889.1	WP_171021546.1
OG0000750	WP_042434539.1	WP_187361832.1
OG0000751	WP_042435677.1	WP_192934494.1
OG0000752	WP_042434243.1	WP_192934514.1
OG0000753	WP_081469077.1	WP_192934533.1
OG0000754	WP_042435712.1	WP_195644174.1
OG0000755	WP_042436848.1	WP_197032141.1
OG0000756	WP_042434819.1	WP_197032236.1
OG0000757	WP_042434150.1	WP_197032771.1
OG0000758	WP_042432423.1	WP_206428082.1
OG0000759	WP_081468867.1	WP_206428097.1
OG0000760	WP_081468858.1	WP_206428098.1
OG0000761	WP_042433433.1	WP_206428099.1
OG0000762	WP_042432500.1	WP_206428100.1
OG0000763	WP_042432084.1	WP_206428110.1
OG0000764	WP_081469051.1	WP_206428119.1
OG0000765	WP_042433847.1	WP_206428120.1
OG0000766	WP_238318283.1	WP_206428129.1
OG0000767	WP_042436013.1	WP_206428131.1
OG0000768	WP_042434883.1	WP_226790441.1
OG0000769	WP_042434173.1	WP_231500751.1
OG0000770	WP_042434950.1	WP_231500808.1
OG0000771	WP_042434621.1	WP_231500813.1
OG0000772	WP_238318331.1	WP_231500818.1
OG0000773	WP_238318277.1	WP_231500839.1
OG0000774	WP_081468930.1	WP_231501535.1
OG0000775	WP_042434167.1	WP_231501558.1
OG0000776	WP_042436267.1	WP_231501564.1
OG0000777	WP_042433343.1	WP_231501569.1
OG0000778	WP_081468900.1	WP_231501570.1
OG0000779	WP_202898089.1	WP_231501590.1
OG0000780	WP_042434869.1	WP_233502825.1
OG0000781	WP_042436871.1	WP_233502990.1
OG0000782	WP_042436000.1	WP_233505669.1
OG0000783	WP_042434272.1	WP_240139041.1
OG0000784	WP_042434369.1	WP_241154575.1
OG0000785	WP_052297823.1	WP_241154577.1
OG0000786	WP_042433042.1, WP_042432767.1	WP_241154578.1
OG0000787	WP_042435256.1	WP_241154583.1
OG0000788	WP_042435889.1	WP_241154587.1
OG0000789	WP_202898053.1	WP_241154592.1
OG0000790	WP_042433358.1	WP_241154597.1
OG0000791	WP_042435330.1	WP_241154601.1
OG0000792	WP_042433284.1	WP_241154602.1
OG0000793	WP_202898106.1	WP_241154605.1
OG0000794	WP_042434742.1	WP_241154607.1
OG0000795	WP_042436500.1	WP_241154611.1
OG0000796	WP_042432305.1	WP_241154612.1
OG0000797	WP_081468855.1	WP_241154613.1
OG0000798	WP_042435699.1	WP_241154614.1
OG0000799	WP_202898021.1	WP_241154616.1
OG0000800	WP_042431902.1	WP_241154618.1
OG0000801	WP_042432770.1	WP_241154628.1
OG0000802	WP_081468977.1	WP_241154639.1
OG0000803	WP_202898144.1	WP_241154643.1
OG0000804	WP_148514758.1	WP_241154647.1
OG0000805	WP_042436863.1	WP_241154649.1
OG0000806	WP_042435441.1	WP_241154654.1
OG0000807	WP_202898159.1	WP_241154655.1
OG0000808	WP_042433799.1	WP_241154657.1
OG0000809	WP_042432628.1	WP_241154658.1
OG0000810	WP_238318255.1	WP_241154664.1
OG0000828	WP_042434871.1	WP_006235089.1
OG0000831	WP_042434714.1	WP_022093893.1
OG0000832	WP_042434261.1	WP_117773676.1, WP_022095195.1
OG0000833	WP_042432748.1	WP_035137477.1
OG0000834	WP_042435696.1	WP_055250497.1
OG0000835	WP_042434456.1	WP_055251579.1
OG0000836	WP_081469018.1	WP_055251626.1
OG0000840	WP_042435868.1	WP_117563517.1
OG0000841	WP_238318236.1	WP_117563694.1
OG0000842	WP_042437044.1	WP_117637582.1, WP_117563813.1
OG0000844	WP_042436011.1	WP_117564237.1
OG0000848	WP_052297874.1	WP_117565016.1
OG0000851	WP_042434089.1	WP_117584039.1
OG0000853	WP_052297834.1	WP_117655710.1
OG0000854	WP_042436043.1	WP_117655878.1
OG0000857	WP_042435695.1	WP_117736214.1
OG0000862	WP_052297775.1	WP_117773381.1
OG0000863	WP_052297774.1	WP_117773383.1
OG0000864	WP_202898104.1	WP_117773484.1
OG0000865	WP_042436551.1	WP_117773500.1
OG0000866	WP_042433673.1	WP_117773501.1
OG0000868	WP_042435435.1	WP_117774095.1
OG0000870	WP_081469026.1	WP_117786524.1
OG0000871	WP_202898113.1	WP_117803620.1
OG0000874	WP_042433222.1	WP_117839941.1
OG0000875	WP_042435630.1	WP_117839952.1
OG0000876	WP_081469021.1	WP_117839954.1
OG0000877	WP_081468921.1	WP_117840418.1, WP_206428109.1
OG0000879	WP_042434836.1	WP_117862100.1
OG0000880	WP_042434064.1, WP_042432093.1	WP_124786283.1, WP_118080421.1
OG0000881	WP_042435830.1	WP_118094316.1, WP_124786163.1, WP_241154596.1
OG0000882	WP_042435917.1	WP_118205874.1
OG0000884	WP_042436027.1	WP_118227044.1
OG0000885	WP_042433977.1	WP_118377249.1
OG0000887	WP_042434093.1	WP_124785718.1
OG0000888	WP_042432539.1	WP_124785720.1
OG0000889	WP_081469022.1	WP_124785757.1
OG0000890	WP_238318318.1	WP_124785805.1
OG0000891	WP_042435687.1	WP_124785829.1
OG0000892	WP_042435693.1	WP_124785859.1
OG0000894	WP_081468945.1	WP_124785878.1
OG0000896	WP_052297779.1	WP_124785968.1
OG0000897	WP_042433142.1	WP_124785970.1
OG0000902	WP_202898163.1	WP_124786036.1
OG0000904	WP_042432187.1	WP_124786442.1, WP_124786069.1
OG0000906	WP_052297861.1	WP_124786109.1, WP_241154645.1
OG0000907	WP_042434574.1	WP_124786125.1
OG0000908	WP_042432552.1	WP_124786191.1
OG0000912	WP_238318263.1	WP_124786225.1
OG0000913	WP_042433954.1	WP_124786279.1
OG0000914	WP_042434072.1	WP_124786298.1
OG0000915	WP_042432764.1	WP_124786302.1
OG0000916	WP_042435639.1	WP_124786303.1
OG0000917	WP_042435637.1	WP_124786304.1
OG0000919	WP_042435658.1	WP_124786319.1
OG0000920	WP_042434305.1	WP_124786353.1
OG0000921	WP_042432075.1	WP_124786355.1
OG0000925	WP_042436504.1	WP_124786428.1
OG0000928	WP_042432993.1	WP_124786441.1
OG0000930	WP_042435416.1	WP_124786461.1
OG0000931	WP_042435418.1	WP_124786462.1
OG0000932	WP_042433118.1	WP_124786465.1
OG0000933	WP_042433120.1	WP_124786466.1
OG0000934	WP_042434208.1, WP_238318231.1	WP_124786472.1, WP_241154631.1
OG0000935	WP_042434912.1	WP_124786486.1
OG0000936	WP_042433902.1	WP_124786495.1
OG0000937	WP_042432662.1	WP_124786496.1
OG0000941	WP_052297780.1	WP_124786581.1
OG0000942	WP_042436803.1	WP_124786602.1
OG0000944	WP_042434897.1	WP_124786635.1
OG0000945	WP_052297735.1	WP_124786642.1
OG0000946	WP_042432133.1	WP_124786648.1
OG0000947	WP_042436523.1	WP_124786652.1
OG0000948	WP_042434268.1	WP_124786660.1
OG0000949	WP_042436352.1	WP_124786661.1
OG0000950	WP_042432535.1, WP_042432532.1	WP_164473296.1
OG0000953	WP_042434906.1	WP_199407998.1
OG0000954	WP_238318248.1	WP_199408659.1, WP_206428107.1
OG0000955	WP_238318259.1	WP_206428076.1
OG0000956	WP_042436563.1	WP_206428108.1
OG0000958	WP_042434555.1	WP_233514485.1
OG0000959	WP_042435720.1	WP_241154582.1
OG0000960	WP_042435594.1	WP_241154595.1
OG0000961	WP_238318309.1	WP_241154623.1
OG0000963	WP_042435977.1	WP_241154637.1
OG0000964	WP_042432773.1	WP_241154667.1
OG0001019	WP_042436481.1	WP_055252229.1, WP_006234575.1
OG0001020	WP_042435666.1	WP_006235019.1
OG0001027	WP_052297898.1, WP_052297902.1	WP_022094981.1
OG0001028	WP_042434458.1	WP_035137063.1
OG0001030	WP_202898164.1	WP_050766086.1
OG0001032	WP_042432833.1	WP_055250999.1
OG0001037	WP_042432998.1	WP_055252221.1
OG0001038	WP_042432745.1	WP_055252227.1
OG0001053	WP_042435020.1	WP_089573081.1
OG0001058	WP_042432068.1	WP_089573632.1
OG0001061	WP_042433896.1	WP_099432064.1
OG0001071	WP_042436916.1	WP_117564903.1
OG0001072	WP_042435715.1	WP_117583614.1
OG0001078	WP_042432364.1	WP_117629416.1
OG0001086	WP_052297811.1	WP_117646257.1
OG0001088	WP_042436825.1	WP_117648252.1
OG0001091	WP_081469004.1	WP_117655936.1
OG0001092	WP_042435985.1	WP_117736467.1
OG0001093	WP_202898078.1	WP_117736575.1
OG0001094	WP_042436822.1	WP_117745772.1
OG0001099	WP_042432814.1	WP_117759418.1
OG0001101	WP_042433129.1	WP_117765683.1
OG0001104	WP_042432983.1	WP_117770240.1
OG0001105	WP_052297787.1	WP_117772852.1
OG0001110	WP_042432527.1	WP_117773343.1
OG0001112	WP_042433021.1	WP_117773379.1
OG0001116	WP_081468933.1	WP_117773677.1
OG0001117	WP_042434258.1	WP_117773678.1
OG0001118	WP_042434255.1	WP_117773679.1
OG0001119	WP_081468994.1	WP_117773681.1
OG0001123	WP_042436828.1	WP_117774044.1
OG0001127	WP_202898035.1	WP_117778699.1
OG0001131	WP_081468901.1	WP_117798206.1
OG0001132	WP_042433355.1	WP_117800350.1
OG0001135	WP_042436970.1	WP_117806474.1
OG0001137	WP_042435621.1	WP_117839918.1
OG0001138	WP_042432029.1	WP_117839950.1
OG0001139	WP_081469073.1	WP_117840014.1
OG0001141	WP_042434450.1	WP_117840157.1
OG0001144	WP_042435975.1	WP_117840577.1
OG0001145	WP_052297778.1	WP_117840679.1
OG0001148	WP_042432736.1	WP_118094505.1
OG0001151	WP_042434907.1	WP_118237071.1
OG0001153	WP_042432127.1	WP_118270739.1
OG0001154	WP_042435708.1	WP_118334445.1
OG0001155	WP_042434628.1	WP_118334448.1
OG0001162	WP_042435819.1	WP_124785738.1
OG0001163	WP_042435811.1	WP_124785740.1
OG0001164	WP_042435827.1	WP_124785741.1
OG0001165	WP_042435825.1	WP_124785742.1
OG0001166	WP_042435814.1	WP_124785743.1
OG0001167	WP_042432026.1	WP_124785753.1
OG0001168	WP_042432070.1	WP_124785754.1
OG0001176	WP_148514749.1	WP_124785948.1
OG0001177	WP_042433762.1	WP_124785949.1
OG0001182	WP_042432476.1	WP_124785991.1
OG0001183	WP_042433888.1	WP_124785992.1
OG0001184	WP_042432610.1	WP_124786005.1
OG0001186	WP_042432042.1	WP_124786021.1
OG0001187	WP_081468877.1	WP_124786022.1
OG0001188	WP_042432690.1	WP_124786023.1
OG0001190	WP_052297915.1	WP_124786037.1
OG0001192	WP_042433899.1	WP_124786052.1
OG0001194	WP_042434283.1	WP_124786064.1
OG0001200	WP_042435569.1	WP_124786088.1
OG0001203	WP_042435706.1	WP_124786121.1
OG0001213	WP_042435541.1	WP_124786226.1, WP_206428075.1
OG0001215	WP_042432489.1	WP_124786244.1
OG0001217	WP_042434047.1	WP_124786285.1
OG0001218	WP_042432435.1	WP_124786286.1
OG0001219	WP_081469058.1	WP_124786296.1
OG0001220	WP_042434060.1	WP_124786299.1
OG0001225	WP_042434164.1	WP_124786352.1
OG0001228	WP_042432739.1	WP_124786380.1
OG0001229	WP_202898039.1	WP_124786381.1
OG0001230	WP_042432742.1	WP_124786382.1
OG0001235	WP_042432130.1	WP_124786407.1
OG0001237	WP_042434739.1	WP_124786416.1
OG0001238	WP_042434733.1	WP_124786417.1
OG0001239	WP_081469023.1	WP_124786422.1
OG0001240	WP_042435804.1	WP_124786423.1
OG0001241	WP_042433210.1	WP_124786426.1
OG0001244	WP_042433053.1	WP_124786434.1
OG0001245	WP_052297773.1	WP_124786435.1
OG0001247	WP_042435424.1	WP_124786448.1
OG0001249	WP_202898075.1	WP_124786460.1
OG0001254	WP_042434908.1	WP_124786484.1
OG0001255	WP_052297745.1	WP_124786488.1
OG0001256	WP_042436844.1	WP_124786491.1
OG0001262	WP_042434005.1	WP_124786562.1
OG0001263	WP_042434549.1	WP_124786563.1
OG0001264	WP_042432817.1	WP_124786565.1
OG0001265	WP_042432811.1	WP_124786566.1
OG0001266	WP_042432809.1	WP_124786567.1
OG0001267	WP_042432807.1	WP_124786568.1
OG0001268	WP_238318245.1	WP_124786570.1
OG0001269	WP_238318244.1	WP_124786571.1
OG0001275	WP_042432078.1	WP_124786653.1
OG0001283	WP_042432481.1	WP_158551631.1
OG0001285	WP_042433010.1	WP_161194465.1
OG0001286	WP_042435822.1	WP_164473268.1
OG0001287	WP_042434313.1	WP_164473272.1
OG0001290	WP_042436069.1	WP_164473295.1
OG0001293	WP_042434775.1	WP_164473311.1
OG0001297	WP_042432806.1	WP_164473335.1
OG0001300	WP_042434049.1	WP_206428077.1
OG0001301	WP_042434067.1	WP_206428080.1
OG0001302	WP_042434162.1	WP_206428085.1
OG0001304	WP_042432353.1	WP_206428091.1
OG0001307	WP_042434736.1	WP_225093307.1
OG0001309	WP_081468941.1	WP_231500791.1
OG0001318	WP_042431913.1	WP_241154603.1
OG0001319	WP_042432972.1	WP_241154615.1
OG0001320	WP_042432066.1	WP_241154622.1
OG0001321	WP_042432836.1	WP_241154629.1
OG0001322	WP_202898109.1	WP_241154630.1
OG0001323	WP_042433893.1	WP_241154633.1
OG0001324	WP_081468923.1	WP_241154634.1
OG0001416	WP_162096562.1	WP_035137751.1
OG0001421	WP_042435508.1	WP_089571779.1
OG0001422	WP_042435511.1	WP_089571781.1
OG0001423	WP_042435920.1	WP_117563504.1
OG0001424	WP_238318293.1	WP_117564107.1
OG0001434	WP_042435922.1	WP_117647479.1
OG0001436	WP_042435519.1	WP_117654692.1
OG0001437	WP_081469008.1	WP_117655540.1
OG0001441	WP_162096571.1	WP_117757939.1
OG0001446	WP_042435500.1	WP_117773020.1
OG0001447	WP_042436455.1	WP_117773858.1
OG0001448	WP_081468853.1	WP_117797210.1
OG0001449	WP_042435575.1	WP_117807058.1
OG0001450	WP_042435531.1	WP_117820233.1
OG0001463	WP_052297841.1	WP_118094584.1
OG0001464	WP_042435514.1	WP_118225780.1
OG0001465	WP_042436110.1	WP_118372829.1
OG0001467	WP_042432980.1	WP_124785712.1
OG0001483	WP_042434809.1	WP_124786056.1
OG0001492	WP_042435528.1	WP_124786207.1
OG0001493	WP_081468985.1	WP_124786208.1
OG0001494	WP_052297838.1	WP_124786209.1
OG0001495	WP_042435525.1	WP_124786210.1
OG0001496	WP_052297837.1	WP_124786212.1
OG0001508	WP_042435655.1	WP_124786412.1
OG0001509	WP_042436483.1	WP_124786451.1
OG0001511	WP_238318306.1	WP_124786454.1
OG0001512	WP_238318305.1	WP_124786455.1
OG0001513	WP_042433030.1	WP_124786459.1
OG0001519	WP_042434399.1	WP_124786537.1
OG0001524	WP_042433788.1	WP_124786591.1
OG0001528	WP_042435534.1	WP_124786709.1
OG0001530	WP_042436055.1	WP_158564977.1
OG0001534	WP_052297840.1	WP_164473303.1
OG0001535	WP_052297833.1	WP_164473309.1
OG0001537	WP_042435544.1	WP_206428074.1
OG0001543	WP_202898160.1	WP_206428142.1
OG0001546	WP_238318296.1	WP_241154570.1
OG0001547	WP_238318295.1	WP_241154571.1
OG0001548	WP_238318294.1	WP_241154572.1
OG0001549	WP_042435522.1	WP_241154573.1
OG0001550	WP_042435517.1	WP_241154574.1
OG0001552	WP_042436077.1	WP_241154598.1
