Orthogroup	senegalimassilia_anaerobia	collinsella_intestinalis
OG0000000	WP_042434583.1	WP_226803214.1
OG0000000	WP_042434586.1	WP_152063499.1, WP_152063539.1, WP_152062772.1, WP_152063471.1, WP_152062773.1, WP_193221201.1, WP_193221195.1, WP_152063060.1
OG0000001	WP_042435685.1	WP_152062722.1
OG0000001	WP_202898049.1	WP_152062998.1
OG0000002	WP_042432605.1	WP_039910579.1
OG0000002	WP_042434968.1, WP_042434970.1	WP_118271855.1
OG0000002	WP_042432516.1	WP_152063347.1, WP_039910684.1, WP_152063430.1, WP_226803317.1, WP_039910408.1
OG0000005	WP_052297769.1, WP_052297788.1	WP_226803352.1, WP_152063801.1, WP_152063280.1, WP_152063576.1, WP_152062718.1
OG0000008	WP_042436896.1	WP_152062938.1
OG0000008	WP_081469081.1	WP_152062873.1, WP_152063528.1
OG0000013	WP_042435327.1	WP_152063856.1
OG0000013	WP_042434983.1	WP_226803286.1
OG0000014	WP_042433088.1	WP_193221206.1
OG0000017	WP_042435955.1, WP_081468888.1, WP_202898044.1	WP_152063340.1
OG0000018	WP_042435911.1, WP_042434463.1, WP_042435759.1, WP_042434469.1, WP_052297829.1	WP_006723532.1
OG0000020	WP_042434755.1	WP_152063689.1
OG0000020	WP_042432008.1	WP_152062836.1
OG0000022	WP_202898145.1	WP_152062854.1, WP_226803184.1
OG0000023	WP_238318300.1	WP_152063590.1
OG0000025	WP_202898146.1, WP_052297757.1	WP_226803228.1
OG0000025	WP_081469046.1, WP_042433182.1	WP_226803165.1
OG0000026	WP_238318299.1	WP_152062855.1
OG0000026	WP_042434823.1	WP_152063613.1
OG0000027	WP_081468876.1	WP_152063844.1
OG0000028	WP_187364748.1	WP_152063529.1
OG0000028	WP_042433329.1	WP_006722396.1
OG0000029	WP_081468868.1	WP_152062726.1
OG0000030	WP_042432256.1	WP_152063093.1, WP_006723465.1
OG0000031	WP_042434991.1	WP_152063352.1
OG0000032	WP_042433891.1	WP_182282158.1
OG0000033	WP_202898091.1	WP_152063556.1, WP_193221203.1
OG0000034	WP_042434285.1	WP_152063312.1
OG0000035	WP_042433930.1, WP_042432045.1	WP_006722378.1
OG0000039	WP_042436286.1	WP_226803257.1, WP_226803284.1, WP_226803258.1
OG0000041	WP_042432724.1	WP_152063554.1, WP_152063393.1, WP_152063492.1
OG0000042	WP_148514760.1	WP_152062901.1
OG0000043	WP_042432478.1	WP_039910414.1
OG0000043	WP_238318264.1	WP_226803355.1
OG0000044	WP_042432446.1	WP_152062957.1
OG0000045	WP_042432415.1	WP_152063517.1, WP_006723319.1
OG0000046	WP_042432412.1	WP_152063516.1, WP_152063542.1
OG0000048	WP_042434989.1	WP_006722295.1
OG0000050	WP_042436574.1	WP_152062760.1
OG0000051	WP_202898133.1	WP_226803173.1
OG0000051	WP_081468991.1	WP_152063752.1
OG0000052	WP_042434877.1, WP_052297894.1, WP_202898112.1	WP_039910689.1
OG0000055	WP_042434966.1	WP_226803318.1, WP_226803255.1, WP_152063346.1, WP_226803359.1
OG0000056	WP_042435033.1	WP_152063798.1
OG0000056	WP_052297822.1	WP_152063799.1
OG0000057	WP_042432335.1, WP_042435861.1	WP_193221204.1
OG0000059	WP_162096578.1	WP_152063574.1, WP_226803351.1, WP_152063578.1
OG0000060	WP_081469072.1	WP_152062872.1, WP_152062874.1
OG0000061	WP_042436060.1, WP_042435450.1	WP_152063204.1, WP_152063021.1, WP_152063215.1
OG0000062	WP_042434075.1	WP_152063223.1
OG0000063	WP_052297766.1	WP_226803192.1
OG0000063	WP_042436959.1	WP_152063275.1
OG0000064	WP_042432040.1, WP_042435806.1	WP_152063587.1
OG0000065	WP_238318321.1	WP_118272173.1
OG0000066	WP_042434429.1	WP_226803206.1
OG0000067	WP_081468843.1	WP_152062785.1
OG0000068	WP_042432827.1, WP_042434725.1, WP_042433173.1	WP_152062801.1
OG0000069	WP_042434631.1, WP_081468997.1	WP_226803186.1
OG0000070	WP_042435849.1, WP_042436453.1, WP_042434022.1, WP_042432358.1, WP_042434388.1	WP_152062864.1
OG0000073	WP_042434986.1	WP_006722296.1, WP_152063294.1
OG0000074	WP_042433868.1	WP_152063802.1
OG0000075	WP_042436406.1, WP_042436419.1, WP_042433967.1	WP_006722708.1
OG0000076	WP_042436029.1	WP_226803314.1
OG0000078	WP_042434316.1, WP_042434766.1	WP_006723121.1
OG0000079	WP_042434487.1	WP_193221165.1
OG0000080	WP_042434821.1	WP_118272283.1
OG0000082	WP_042432935.1	WP_006723629.1
OG0000083	WP_042433865.1	WP_152063803.1
OG0000086	WP_042435880.1	WP_152062876.1, WP_226803252.1
OG0000087	WP_052297937.1, WP_042436814.1	WP_193221135.1
OG0000089	WP_042432670.1	WP_152063723.1
OG0000090	WP_042435396.1	WP_118272307.1, WP_226803212.1
OG0000091	WP_042432712.1, WP_042436618.1	WP_226803363.1
OG0000092	WP_042435847.1, WP_081469038.1, WP_042432946.1	WP_152063512.1
OG0000093	WP_042433094.1	WP_193221156.1
OG0000094	WP_081468938.1	WP_193221225.1, WP_193221211.1
OG0000095	WP_042435809.1	WP_152062965.1
OG0000096	WP_238318311.1	WP_193221153.1
OG0000096	WP_052297880.1	WP_152063017.1
OG0000097	WP_238318310.1, WP_042435452.1	WP_226803224.1, WP_152063022.1
OG0000098	WP_042435718.1	WP_193221168.1, WP_152062700.1
OG0000099	WP_042436476.1, WP_042436974.1	WP_006722714.1
OG0000102	WP_042432637.1, WP_042432184.1	WP_118271881.1
OG0000103	WP_238318246.1	WP_118272368.1, WP_152063760.1
OG0000104	WP_042432819.1	WP_152063804.1
OG0000105	WP_042433975.1	WP_226803280.1
OG0000106	WP_238318292.1, WP_238318313.1	WP_226803226.1
OG0000111	WP_042433932.1	WP_039910204.1
OG0000112	WP_042433996.1	WP_152063363.1
OG0000113	WP_042431951.1	WP_006723372.1
OG0000114	WP_042432023.1	WP_226803175.1, WP_039910702.1
OG0000115	WP_042434626.1	WP_152062934.1
OG0000117	WP_081468844.1	WP_006723205.1
OG0000118	WP_202898100.1	WP_152063475.1, WP_152063152.1
OG0000120	WP_052297754.1	WP_152062823.1
OG0000121	WP_042435671.1	WP_152063573.1
OG0000123	WP_042431935.1, WP_042434874.1	WP_152063814.1
OG0000124	WP_042437040.1	WP_118102418.1
OG0000125	WP_042435024.1	WP_193221144.1, WP_182282004.1
OG0000126	WP_042436301.1, WP_042432246.1	WP_006723455.1
OG0000128	WP_042435716.1	WP_152063671.1
OG0000130	WP_042432753.1, WP_238318243.1	WP_152062738.1
OG0000131	WP_042434083.1	WP_152063264.1
OG0000132	WP_042434753.1	WP_152063690.1
OG0000133	WP_042434205.1	WP_152063158.1
OG0000134	WP_042432155.1	WP_152062710.1
OG0000136	WP_238318258.1	WP_152062819.1
OG0000137	WP_202898117.1	WP_152063244.1
OG0000138	WP_042436582.1	WP_152063733.1
OG0000139	WP_081468878.1	WP_152063851.1
OG0000142	WP_042436071.1	WP_152063019.1
OG0000144	WP_042435914.1, WP_202898047.1	WP_152062741.1
OG0000145	WP_238318232.1	WP_152063502.1
OG0000146	WP_052297904.1, WP_052297909.1, WP_238318308.1	WP_152063555.1
OG0000150	WP_202898027.1	WP_152063551.1, WP_152063353.1
OG0000151	WP_042435995.1	WP_118271163.1
OG0000153	WP_042434527.1	WP_006722725.1
OG0000154	WP_042436083.1	WP_152063289.1
OG0000155	WP_042433999.1	WP_152063362.1
OG0000156	WP_042436283.1	WP_152062821.1, WP_152062716.1
OG0000157	WP_042433116.1	WP_152063329.1
OG0000159	WP_042436779.1	WP_152063575.1
OG0000161	WP_042432484.1	WP_152062733.1
OG0000162	WP_042434444.1	WP_152062777.1
OG0000163	WP_042437065.1	WP_152062698.1
OG0000164	WP_042432751.1	WP_152063494.1
OG0000165	WP_042435001.1	WP_152063206.1, WP_152062856.1
OG0000166	WP_042436062.1, WP_042435447.1	WP_152063216.1, WP_152063018.1
OG0000167	WP_162096592.1, WP_202898088.1	WP_152063806.1
OG0000168	WP_042435494.1	WP_226803310.1
OG0000169	WP_162096579.1	WP_152063327.1, WP_152062896.1
OG0000171	WP_042434441.1	WP_193221150.1
OG0000172	WP_238318254.1	WP_193221177.1
OG0000174	WP_042435898.1	WP_006722528.1
OG0000175	WP_042432048.1	WP_152062970.1, WP_152063311.1
OG0000176	WP_042433113.1, WP_042434396.1, WP_202898094.1	WP_152063495.1
OG0000177	WP_042432231.1, WP_042434240.1, WP_042434030.1	WP_152063677.1
OG0000180	WP_042434922.1	WP_118103422.1
OG0000181	WP_202898134.1	WP_006722505.1
OG0000182	WP_042434375.1	WP_006722460.1
OG0000183	WP_042434381.1	WP_152063269.1
OG0000184	WP_042433346.1	WP_006722411.1
OG0000185	WP_042433305.1	WP_006722386.1
OG0000186	WP_042433993.1	WP_039910177.1
OG0000187	WP_042434638.1	WP_006723875.1
OG0000188	WP_042432390.1	WP_118102598.1
OG0000189	WP_042434827.1	WP_118102501.1
OG0000190	WP_042432722.1	WP_152063686.1
OG0000191	WP_042434763.1	WP_006723120.1
OG0000192	WP_042434717.1	WP_006723105.1
OG0000193	WP_042433264.1	WP_039910333.1
OG0000194	WP_042433267.1	WP_006723068.1
OG0000195	WP_042433275.1	WP_006723051.1
OG0000196	WP_042433278.1	WP_006723050.1
OG0000197	WP_042432869.1	WP_006723048.1
OG0000198	WP_042432872.1	WP_152062869.1
OG0000199	WP_042432875.1	WP_152062870.1
OG0000200	WP_009306348.1	WP_006723045.1
OG0000201	WP_042432881.1	WP_006723044.1
OG0000202	WP_042432884.1	WP_006720295.1
OG0000203	WP_187364758.1	WP_006723043.1
OG0000204	WP_042432175.1	WP_193221126.1
OG0000205	WP_042432560.1	WP_152063558.1
OG0000206	WP_042437063.1	WP_006723314.1
OG0000207	WP_042434781.1	WP_006723383.1
OG0000208	WP_042432199.1	WP_006723393.1
OG0000209	WP_042432896.1	WP_006723038.1
OG0000210	WP_042432900.1	WP_006723037.1
OG0000211	WP_042432903.1	WP_006723036.1
OG0000212	WP_042432910.1	WP_006723034.1
OG0000213	WP_042432913.1	WP_006723033.1
OG0000214	WP_042434709.1	WP_118102730.1
OG0000215	WP_042436927.1	WP_006723026.1
OG0000216	WP_042436924.1	WP_006723025.1
OG0000217	WP_042436921.1	WP_118271669.1
OG0000218	WP_042436918.1	WP_118102736.1
OG0000219	WP_238318326.1	WP_039910324.1
OG0000220	WP_042433290.1	WP_006723011.1
OG0000221	WP_042435877.1	WP_152063661.1
OG0000222	WP_042436489.1	WP_152063004.1
OG0000223	WP_042435683.1	WP_039910715.1
OG0000224	WP_042435058.1	WP_118272239.1
OG0000225	WP_042435055.1	WP_006723596.1
OG0000226	WP_042435050.1	WP_006723598.1
OG0000227	WP_042435046.1	WP_006723599.1
OG0000228	WP_238318233.1	WP_039910709.1
OG0000229	WP_042432234.1	WP_152062757.1
OG0000230	WP_042432253.1	WP_006723464.1
OG0000231	WP_042432258.1	WP_118102345.1
OG0000232	WP_042434175.1	WP_006722649.1
OG0000233	WP_042434188.1	WP_118103255.1
OG0000234	WP_042434605.1	WP_006722612.1
OG0000235	WP_042433844.1	WP_006722622.1
OG0000236	WP_042433961.1	WP_006721252.1
OG0000237	WP_042432840.1	WP_039910265.1
OG0000238	WP_238318329.1	WP_118103185.1
OG0000239	WP_238318286.1	WP_006722469.1
OG0000240	WP_042434102.1	WP_039910222.1
OG0000241	WP_081468856.1	WP_152063450.1
OG0000242	WP_006363204.1	WP_006363204.1
OG0000243	WP_042432297.1	WP_039910401.1
OG0000244	WP_042434204.1	WP_039910259.1
OG0000245	WP_042436955.1	WP_193221193.1
OG0000246	WP_181859460.1	WP_006723484.1
OG0000247	WP_042432302.1	WP_152063452.1
OG0000248	WP_042434711.1	WP_006723103.1
OG0000249	WP_042434518.1	WP_039910269.1
OG0000250	WP_042434636.1	WP_006720998.1
OG0000251	WP_042433269.1	WP_006723067.1
OG0000252	WP_042433704.1	WP_039910332.1
OG0000253	WP_042435060.1	WP_118272240.1
OG0000254	WP_042435062.1	WP_152062782.1
OG0000255	WP_042436929.1	WP_006723027.1
OG0000256	WP_042432893.1	WP_039910329.1
OG0000257	WP_042432634.1	WP_006723971.1
OG0000260	WP_202898054.1	WP_152063308.1
OG0000261	WP_042434577.1	WP_152063544.1
OG0000262	WP_042435372.1	WP_152063785.1
OG0000263	WP_042432566.1	WP_006723148.1
OG0000264	WP_042432563.1	WP_152063670.1
OG0000265	WP_081468927.1	WP_193221188.1
OG0000266	WP_042434542.1	WP_006721280.1
OG0000267	WP_042432842.1	WP_152063078.1
OG0000268	WP_042434499.1	WP_006722631.1
OG0000269	WP_042436492.1	WP_152063003.1
OG0000270	WP_042432493.1	WP_039910428.1
OG0000271	WP_042435988.1	WP_152062799.1
OG0000272	WP_081468885.1	WP_152062807.1
OG0000273	WP_114621217.1	WP_152062809.1
OG0000274	WP_042434344.1	WP_152062813.1
OG0000275	WP_042433928.1	WP_152063683.1
OG0000276	WP_042432480.1	WP_152063379.1
OG0000278	WP_187364750.1	WP_006722436.1
OG0000279	WP_042434903.1	WP_006722287.1
OG0000280	WP_042432519.1	WP_193221129.1
OG0000281	WP_042432196.1	WP_152063505.1
OG0000282	WP_042433225.1	WP_152063622.1
OG0000283	WP_081469063.1	WP_118103763.1
OG0000284	WP_042436811.1	WP_006723016.1
OG0000285	WP_042436934.1	WP_039910571.1
OG0000286	WP_042435669.1	WP_006723981.1
OG0000287	WP_042434504.1	WP_152063068.1
OG0000288	WP_042434954.1	WP_006722499.1
OG0000289	WP_042433296.1	WP_152063242.1
OG0000290	WP_042434157.1	WP_006721138.1
OG0000291	WP_042434108.1	WP_039910223.1
OG0000292	WP_042434081.1	WP_118271280.1
OG0000293	WP_042433842.1	WP_039910251.1
OG0000294	WP_042432465.1	WP_006723843.1
OG0000295	WP_042432938.1	WP_152062806.1
OG0000296	WP_042434524.1	WP_006722724.1
OG0000297	WP_222859225.1	WP_118104086.1
OG0000298	WP_042434202.1	WP_039910258.1
OG0000299	WP_042436881.1	WP_006722701.1
OG0000300	WP_042434596.1	WP_152063185.1
OG0000301	WP_042434490.1	WP_152063173.1
OG0000302	WP_042434545.1	WP_152063154.1
OG0000303	WP_081468969.1	WP_152063153.1
OG0000304	WP_042434552.1	WP_152063151.1
OG0000305	WP_202898154.1	WP_039910262.1
OG0000306	WP_042435991.1	WP_193221163.1
OG0000307	WP_042435380.1	WP_118102682.1
OG0000309	WP_148514769.1	WP_226803360.1
OG0000310	WP_042437053.1	WP_118271400.1
OG0000311	WP_042436613.1	WP_152063381.1
OG0000312	WP_238318237.1	WP_006722211.1
OG0000313	WP_042436539.1	WP_118271744.1
OG0000314	WP_042432922.1	WP_006723144.1
OG0000315	WP_042433253.1	WP_152063563.1
OG0000316	WP_042433334.1	WP_152063299.1
OG0000317	WP_042433340.1	WP_006722409.1
OG0000318	WP_042434618.1	WP_211203994.1
OG0000319	WP_042432940.1	WP_039910419.1
OG0000320	WP_042435168.1	WP_152063400.1
OG0000321	WP_042434296.1	WP_039910316.1
OG0000322	WP_042434299.1	WP_152062890.1
OG0000323	WP_081468953.1	WP_152062707.1
OG0000324	WP_042432952.1	WP_006723764.1
OG0000325	WP_042432906.1	WP_006723035.1
OG0000326	WP_042432830.1	WP_152063761.1
OG0000327	WP_042435202.1	WP_152062776.1
OG0000328	WP_042433303.1	WP_152063342.1
OG0000329	WP_042432164.1	WP_226803157.1
OG0000331	WP_052297942.1	WP_152063518.1
OG0000332	WP_238318240.1	WP_193221226.1
OG0000333	WP_238318282.1	WP_006722465.1
OG0000334	WP_042435704.1	WP_006723110.1
OG0000335	WP_042432326.1	WP_006723811.1
OG0000336	WP_238318256.1	WP_118272202.1
OG0000337	WP_081468892.1	WP_152063745.1
OG0000338	WP_042433317.1	WP_152063305.1
OG0000339	WP_042433715.1	WP_152063298.1
OG0000340	WP_042436015.1	WP_152063145.1
OG0000341	WP_042432855.1	WP_006722223.1
OG0000342	WP_042435389.1	WP_152063388.1
OG0000344	WP_042433272.1	WP_006723052.1
OG0000345	WP_042434723.1	WP_006723109.1
OG0000346	WP_042432569.1	WP_006723124.1
OG0000347	WP_042432250.1	WP_006723463.1
OG0000348	WP_222859228.1	WP_152063857.1
OG0000349	WP_042434778.1	WP_152063508.1
OG0000350	WP_042434641.1	WP_006723876.1
OG0000351	WP_042434252.1	WP_006722668.1
OG0000352	WP_042432916.1	WP_006723032.1
OG0000353	WP_042433921.1	WP_006723619.1
OG0000354	WP_238318288.1	WP_226803172.1
OG0000355	WP_042432929.1	WP_006723630.1
OG0000356	WP_081468910.1	WP_152062734.1
OG0000357	WP_042435662.1	WP_152062735.1
OG0000358	WP_081469034.1	WP_152062736.1
OG0000359	WP_181859389.1	WP_006723561.1
OG0000360	WP_042434353.1	WP_152062811.1
OG0000361	WP_042434350.1	WP_006723640.1
OG0000362	WP_042434372.1	WP_226803238.1
OG0000363	WP_042434947.1	WP_152063246.1
OG0000364	WP_238318268.1	WP_006722476.1
OG0000365	WP_042433874.1	WP_152062881.1
OG0000366	WP_042432683.1	WP_006723743.1
OG0000367	WP_042432209.1	WP_152062708.1
OG0000368	WP_081469060.1	WP_152063734.1
OG0000369	WP_042435881.1	WP_118102479.1
OG0000370	WP_042437043.1	WP_152063527.1
OG0000371	WP_042433281.1	WP_006723739.1
OG0000372	WP_042434668.1	WP_226803201.1
OG0000373	WP_042435731.1	WP_152063477.1
OG0000374	WP_042435732.1	WP_152063478.1
OG0000375	WP_042434602.1	WP_152063187.1
OG0000376	WP_042436869.1	WP_152063137.1
OG0000377	WP_042434802.1	WP_152063364.1
OG0000378	WP_042435368.1	WP_006723977.1
OG0000379	WP_042434347.1	WP_152062812.1
OG0000380	WP_202898183.1	WP_152062798.1
OG0000381	WP_238318279.1	WP_152062795.1
OG0000382	WP_042436577.1	WP_152062841.1
OG0000384	WP_042433833.1	WP_006723207.1
OG0000385	WP_081468925.1	WP_152063048.1
OG0000386	WP_042433564.1	WP_118271253.1
OG0000387	WP_042434672.1	WP_152063787.1
OG0000388	WP_042432625.1	WP_152062702.1
OG0000389	WP_042432136.1	WP_006723768.1
OG0000390	WP_042432622.1	WP_152062701.1
OG0000391	WP_042433853.1	WP_152062984.1
OG0000392	WP_042433850.1	WP_152062982.1
OG0000393	WP_042434293.1	WP_226803185.1
OG0000394	WP_042437058.1	WP_152063370.1
OG0000395	WP_042432510.1	WP_152063543.1
OG0000396	WP_042432180.1	WP_193221196.1
OG0000397	WP_042435600.1	WP_152062713.1
OG0000398	WP_042434880.1	WP_193221229.1
OG0000399	WP_042434707.1	WP_006723622.1
OG0000400	WP_042436967.1	WP_152063482.1
OG0000401	WP_042432858.1	WP_152063818.1
OG0000403	WP_042434334.1	WP_152062800.1
OG0000404	WP_042433326.1	WP_152063301.1
OG0000405	WP_042432847.1	WP_039910734.1
OG0000406	WP_238318261.1	WP_006723000.1
OG0000407	WP_042432987.1	WP_152063614.1
OG0000408	WP_042434148.1	WP_152063233.1
OG0000411	WP_042435674.1	WP_152062761.1
OG0000412	WP_042434599.1	WP_152063186.1
OG0000413	WP_202898055.1	WP_152063304.1
OG0000414	WP_081468899.1	WP_152063303.1
OG0000415	WP_042433323.1	WP_152063302.1
OG0000416	WP_081468898.1	WP_226803250.1
OG0000417	WP_081469056.1	WP_226803362.1
OG0000418	WP_052297809.1	WP_226803347.1
OG0000419	WP_081468928.1	WP_152063168.1
OG0000420	WP_042434145.1	WP_152063234.1
OG0000421	WP_042434722.1	WP_039910339.1
OG0000422	WP_042436952.1	WP_152062932.1
OG0000423	WP_042432546.1	WP_152063728.1
OG0000424	WP_042437078.1	WP_152062797.1
OG0000425	WP_042432943.1	WP_152062805.1
OG0000426	WP_042433880.1	WP_152062882.1
OG0000427	WP_042436938.1	WP_006722450.1
OG0000428	WP_042434916.1	WP_152063243.1
OG0000429	WP_042436018.1	WP_006722684.1
OG0000431	WP_042434589.1	WP_152063181.1
OG0000432	WP_042432686.1	WP_152063830.1
OG0000433	WP_238318322.1	WP_152063380.1
OG0000435	WP_042436498.1	WP_152063001.1
OG0000436	WP_042434170.1	WP_152063165.1
OG0000437	WP_042436874.1	WP_152063136.1
OG0000438	WP_042435950.1	WP_152062949.1
OG0000439	WP_202898114.1	WP_006723709.1
OG0000440	WP_042435644.1	WP_152062711.1
OG0000441	WP_042435784.1	WP_152062839.1
OG0000442	WP_148514751.1	WP_152063076.1
OG0000443	WP_042432285.1	WP_152063446.1
OG0000444	WP_042432020.1	WP_152062833.1
OG0000445	WP_042432017.1	WP_039910700.1
OG0000446	WP_042434996.1	WP_006723288.1
OG0000447	WP_042434731.1	WP_152063796.1
OG0000448	WP_202898107.1	WP_152063792.1
OG0000449	WP_042434687.1	WP_152063791.1
OG0000450	WP_042434684.1	WP_152063790.1
OG0000452	WP_042432926.1	WP_152063593.1
OG0000453	WP_042436488.1	WP_152063005.1
OG0000454	WP_042433871.1	WP_152062886.1, WP_152062880.1
OG0000455	WP_042433862.1	WP_152062879.1
OG0000456	WP_042433859.1	WP_152062878.1
OG0000457	WP_081468958.1	WP_226803179.1
OG0000458	WP_042434993.1, WP_042432975.1	WP_152063695.1
OG0000459	WP_042434720.1	WP_152063693.1
OG0000460	WP_042434751.1	WP_006723113.1
OG0000461	WP_202898096.1	WP_193221164.1
OG0000462	WP_042434200.1	WP_152063159.1
OG0000463	WP_202898087.1	WP_152063160.1
OG0000464	WP_238318270.1	WP_152063161.1
OG0000465	WP_042434185.1	WP_006722652.1
OG0000466	WP_042434182.1	WP_006722651.1
OG0000467	WP_042434178.1	WP_152063162.1
OG0000468	WP_052297798.1	WP_152063166.1
OG0000469	WP_042434160.1	WP_152063198.1
OG0000470	WP_042434143.1	WP_152063235.1
OG0000471	WP_042436030.1	WP_193221197.1
OG0000472	WP_042434277.1	WP_152063253.1
OG0000473	WP_042434280.1	WP_152063255.1
OG0000474	WP_202898043.1	WP_152063473.1
OG0000476	WP_042432288.1	WP_152063447.1
OG0000477	WP_042435283.1	WP_152063524.1
OG0000478	WP_042432664.1	WP_152063724.1
OG0000479	WP_042432667.1	WP_226803345.1
OG0000480	WP_081469059.1	WP_152063713.1
OG0000481	WP_052297743.1	WP_006723122.1
OG0000482	WP_042433925.1	WP_226803342.1
OG0000483	WP_042433313.1	WP_152062732.1
OG0000484	WP_042434341.1	WP_152062814.1
OG0000485	WP_042434338.1	WP_152062815.1
OG0000486	WP_042434125.1	WP_152063240.1
OG0000487	WP_081469020.1	WP_152063150.1
OG0000488	WP_042434448.1	WP_006723794.1
OG0000489	WP_042435044.1	WP_006723600.1
OG0000490	WP_238318275.1	WP_152062759.1
OG0000491	WP_042433911.1	WP_152062935.1
OG0000492	WP_081469082.1	WP_152063355.1
OG0000494	WP_042434784.1	WP_152062699.1
OG0000495	WP_042432824.1	WP_152062945.1
OG0000496	WP_042436064.1	WP_152063008.1
OG0000497	WP_238318266.1	WP_006722492.1
OG0000498	WP_081468940.1	WP_039910217.1
OG0000499	WP_042433228.1	WP_152063843.1
OG0000500	WP_042435074.1	WP_152062793.1
OG0000501	WP_042436622.1	WP_039910310.1
OG0000502	WP_042432202.1	WP_152063504.1
OG0000503	WP_052297821.1	WP_152063812.1
OG0000504	WP_042433987.1	WP_152062941.1
OG0000505	WP_042436837.1	WP_152062887.1
OG0000506	WP_042435365.1	WP_118103710.1
OG0000507	WP_042434484.1	WP_152063172.1
OG0000508	WP_042432349.1	WP_006723013.1
OG0000510	WP_042432549.1	WP_152062697.1
OG0000512	WP_042432011.1	WP_006723782.1
OG0000513	WP_042434760.1	WP_152063687.1
OG0000514	WP_042432852.1	WP_152063768.1
OG0000515	WP_042432524.1	WP_152062863.1
OG0000517	WP_052297781.1	WP_152063192.1
OG0000518	WP_042432468.1	WP_152062766.1
OG0000519	WP_042432343.1	WP_152062765.1
OG0000520	WP_042434558.1	WP_152062737.1
OG0000521	WP_042434833.1	WP_152063831.1
OG0000522	WP_042433633.1	WP_006723049.1
OG0000523	WP_081468842.1	WP_152063525.1
OG0000524	WP_042436008.1	WP_152063194.1
OG0000525	WP_202898135.1	WP_152063247.1
OG0000527	WP_042432660.1	WP_226803276.1
OG0000528	WP_042434515.1	WP_152063065.1
OG0000529	WP_042435042.1	WP_118271424.1
OG0000530	WP_042432291.1	WP_006723493.1
OG0000531	WP_238318234.1	WP_152063444.1
OG0000532	WP_042432274.1	WP_152062749.1
OG0000534	WP_042432241.1	WP_152063468.1
OG0000535	WP_042432238.1	WP_152063469.1
OG0000536	WP_042435779.1	WP_152063479.1
OG0000537	WP_042432271.1	WP_152063481.1
OG0000538	WP_042434211.1	WP_152062696.1
OG0000539	WP_042432037.1	WP_152062695.1
OG0000540	WP_202898019.1	WP_152062694.1
OG0000541	WP_042432014.1	WP_152062834.1
OG0000542	WP_042432206.1	WP_152063503.1
OG0000543	WP_042436571.1	WP_152063514.1
OG0000544	WP_042432676.1	WP_152062731.1
OG0000545	WP_042432678.1	WP_152063540.1
OG0000546	WP_042432407.1	WP_152063541.1
OG0000547	WP_042435248.1	WP_152063545.1
OG0000548	WP_042434302.1	WP_152062950.1
OG0000549	WP_042434561.1	WP_006723310.1
OG0000550	WP_202898102.1	WP_152063549.1
OG0000551	WP_042436851.1	WP_226803326.1
OG0000552	WP_042432212.1	WP_152063577.1
OG0000553	WP_042434651.1	WP_152063579.1
OG0000554	WP_042436846.1	WP_152063582.1
OG0000555	WP_042432714.1	WP_152063810.1
OG0000556	WP_042432717.1	WP_118271848.1
OG0000557	WP_042432720.1	WP_152063809.1
OG0000558	WP_081468879.1	WP_152063808.1
OG0000559	WP_042432170.1	WP_006723866.1
OG0000560	WP_042434799.1	WP_152062721.1
OG0000561	WP_042432394.1	WP_152063800.1
OG0000562	WP_042434797.1	WP_152063607.1
OG0000563	WP_042434794.1	WP_152063609.1
OG0000565	WP_042433830.1	WP_152063615.1
OG0000566	WP_042436885.1	WP_152063616.1
OG0000567	WP_238318291.1	WP_193221213.1
OG0000568	WP_042436536.1	WP_152063667.1
OG0000569	WP_042436534.1	WP_152063668.1
OG0000572	WP_042432706.1	WP_152063674.1
OG0000573	WP_042432568.1	WP_152063675.1
OG0000574	WP_042437060.1	WP_152063652.1
OG0000575	WP_042436573.1	WP_152063621.1
OG0000576	WP_042434748.1	WP_152063691.1
OG0000577	WP_042435702.1	WP_152063692.1
OG0000578	WP_042434362.1	WP_226803337.1
OG0000579	WP_042435383.1	WP_006723075.1
OG0000582	WP_042432919.1	WP_006723031.1
OG0000583	WP_042432323.1	WP_152062877.1
OG0000584	WP_042432586.1	WP_118272059.1
OG0000585	WP_042433916.1	WP_118102768.1
OG0000586	WP_042436853.1	WP_152062905.1
OG0000587	WP_081468934.1	WP_152062907.1
OG0000589	WP_238318323.1	WP_152063390.1
OG0000590	WP_042436087.1	WP_152063389.1
OG0000591	WP_148514786.1	WP_226803270.1
OG0000592	WP_042432949.1	WP_152063385.1
OG0000593	WP_042432482.1	WP_152063378.1
OG0000594	WP_042436856.1	WP_152063376.1
OG0000595	WP_042432822.1	WP_152063373.1
OG0000596	WP_042437056.1	WP_152063371.1
OG0000597	WP_042435874.1	WP_152063350.1
OG0000598	WP_042436024.1	WP_152062902.1
OG0000599	WP_042433814.1	WP_152063313.1
OG0000601	WP_238318276.1	WP_152062980.1
OG0000602	WP_042433936.1	WP_118271544.1
OG0000603	WP_042436495.1	WP_152063002.1
OG0000605	WP_042436052.1	WP_152063010.1
OG0000606	WP_042434938.1	WP_152063197.1
OG0000607	WP_042434943.1	WP_152063195.1
OG0000608	WP_042434941.1	WP_152063193.1
OG0000609	WP_042434623.1	WP_152063189.1
OG0000610	WP_042434594.1	WP_152063184.1
OG0000611	WP_042434592.1	WP_152063183.1
OG0000612	WP_081468944.1	WP_152063182.1
OG0000613	WP_238318262.1	WP_152063177.1
OG0000614	WP_042434290.1	WP_152063175.1
OG0000615	WP_042434481.1	WP_152063171.1
OG0000616	WP_042434477.1	WP_152063170.1
OG0000617	WP_042434474.1	WP_193221187.1
OG0000618	WP_042433964.1	WP_152063073.1
OG0000619	WP_042433969.1	WP_152063074.1
OG0000620	WP_202898174.1	WP_226803220.1
OG0000621	WP_042436984.1	WP_152063139.1
OG0000622	WP_042434099.1	WP_152063261.1
OG0000623	WP_042434110.1	WP_152063260.1
OG0000624	WP_042434113.1	WP_226803236.1
OG0000625	WP_162096557.1	WP_152063258.1
OG0000626	WP_042434116.1	WP_152063257.1
OG0000627	WP_042434130.1	WP_193221171.1
OG0000628	WP_042434133.1	WP_226803230.1
OG0000629	WP_042435134.1	WP_152063237.1
OG0000630	WP_222859219.1	WP_152063236.1
OG0000631	WP_042434152.1	WP_152063231.1
OG0000632	WP_052297799.1	WP_152063164.1
OG0000633	WP_238318274.1	WP_226803222.1
OG0000634	WP_042436002.1	WP_152063148.1
OG0000635	WP_042436005.1	WP_152063147.1
OG0000636	WP_042436021.1	WP_152063144.1
OG0000637	WP_042436032.1	WP_152063143.1
OG0000638	WP_202898084.1	WP_193221155.1
OG0000639	WP_042434017.1	WP_152063049.1
OG0000640	WP_042433782.1	WP_152063044.1
OG0000641	WP_042433795.1	WP_006722760.1
OG0000642	WP_042433247.1	WP_152063043.1
OG0000643	WP_081468902.1	WP_226803210.1
OG0000644	WP_042434886.1	WP_152063241.1
OG0000645	WP_042434919.1	WP_006722507.1
OG0000646	WP_187364749.1	WP_006722502.1
OG0000647	WP_042434960.1	WP_118271260.1
OG0000648	WP_042434655.1	WP_006722489.1
OG0000649	WP_042434509.1	WP_152063067.1
OG0000650	WP_042434511.1	WP_152063066.1
OG0000651	WP_042434521.1	WP_006722723.1
OG0000652	WP_042434530.1	WP_152063064.1
OG0000653	WP_042434533.1	WP_152063063.1
OG0000654	WP_042434536.1	WP_152063062.1
OG0000655	WP_042434012.1	WP_152063266.1
OG0000656	WP_052297807.1	WP_152063268.1
OG0000657	WP_042434378.1	WP_118271286.1
OG0000658	WP_042435194.1	WP_118103499.1
OG0000659	WP_042436913.1	WP_152063270.1
OG0000660	WP_042435664.1	WP_152063276.1
OG0000661	WP_042433957.1	WP_152063278.1
OG0000662	WP_042434365.1	WP_006722433.1
OG0000663	WP_238318267.1	WP_226803242.1
OG0000664	WP_202898082.1	WP_152063560.1
OG0000665	WP_042432776.1	WP_226803246.1
OG0000666	WP_042436817.1	WP_152063357.1
OG0000667	WP_042436818.1	WP_152063358.1
OG0000668	WP_042433838.1	WP_152063360.1
OG0000669	WP_042432990.1	WP_152063291.1
OG0000670	WP_042432672.1	WP_152063292.1
OG0000671	WP_042433337.1	WP_152063293.1
OG0000672	WP_042433315.1	WP_152063306.1
OG0000673	WP_042433299.1	WP_006722384.1
OG0000674	WP_202898029.1	WP_152062973.1
OG0000675	WP_042434002.1	WP_152063361.1
OG0000676	WP_042433990.1	WP_152063366.1
OG0000677	WP_042433985.1	WP_152062940.1
OG0000678	WP_202898176.1	WP_152062939.1
OG0000679	WP_042436890.1	WP_152062937.1
OG0000680	WP_042434042.1	WP_152063738.1
OG0000681	WP_042434216.1	WP_152062966.1
OG0000682	WP_052297913.1	WP_152062929.1
OG0000683	WP_042432703.1	WP_152062927.1
OG0000684	WP_238318320.1	WP_152062926.1
OG0000685	WP_162096589.1	WP_152063409.1
OG0000686	WP_042432346.1	WP_152062830.1
OG0000687	WP_042436081.1	WP_152062822.1
OG0000689	WP_042432932.1	WP_006723632.1
OG0000691	WP_042432681.1	WP_006722661.1
OG0000692	WP_042433002.1	WP_152063341.1
OG0000694	WP_148514756.1	WP_152063374.1
OG0000695	WP_081468889.1	WP_152063771.1
OG0000696	WP_042435862.1	WP_152063777.1
OG0000697	WP_042436943.1	WP_152062868.1
OG0000699	WP_042436615.1	WP_006723943.1
OG0000700	WP_042435068.1	WP_152063238.1
OG0000701	WP_052297932.1	WP_152063823.1
OG0000706	WP_042434675.1	WP_118104373.1
OG0000707	WP_042434696.1	WP_152063793.1
OG0000708	WP_042433234.1	WP_152063559.1
OG0000709	WP_202898169.1	WP_152062842.1
OG0000710	WP_052297815.1	WP_152063537.1
OG0000711	WP_042436972.1	WP_152063533.1
OG0000712	WP_042434009.1	WP_152063532.1
OG0000713	WP_042432844.1	WP_152062784.1
OG0000714	WP_181859444.1	WP_152062783.1
OG0000715	WP_042435842.1	WP_152062774.1
OG0000716	WP_042433805.1	WP_226803309.1
OG0000717	WP_162096548.1	WP_152063490.1
OG0000718	WP_081468906.1	WP_152062705.1
OG0000719	WP_042435948.1	WP_152063496.1
OG0000720	WP_042435979.1	WP_152062720.1
OG0000721	WP_042436175.1	WP_226803159.1
OG0000722	WP_081468866.1	WP_152062723.1
OG0000723	WP_042432521.1	WP_226803164.1
OG0000724	WP_118350840.1	WP_118272274.1
OG0000725	WP_202898033.1	WP_152062753.1
OG0000726	WP_042434154.1	WP_152062752.1
OG0000727	WP_042436555.1	WP_152063457.1
OG0000728	WP_202898023.1	WP_152063456.1
OG0000729	WP_238318235.1	WP_226803301.1
OG0000730	WP_042432308.1	WP_152063455.1
OG0000731	WP_042432299.1	WP_152063451.1
OG0000732	WP_042432404.1	WP_152063817.1
OG0000733	WP_187364753.1	WP_152062991.1
OG0000734	WP_202898081.1	WP_152063075.1
OG0000735	WP_042434096.1	WP_152063263.1
OG0000736	WP_042435114.1	WP_152063365.1
OG0000737	WP_148514768.1	WP_226803313.1
OG0000738	WP_162096550.1	WP_152062838.1
OG0000740	WP_042432616.1	WP_193221227.1
OG0000741	WP_042432555.1	WP_006723778.1
OG0000742	WP_202898080.1	WP_152063042.1
OG0000743	WP_081468954.1	WP_152063250.1
OG0000744	WP_155815086.1	WP_193221223.1
OG0000745	WP_202898036.1	WP_152062884.1
OG0000746	WP_052297813.1	WP_152063788.1
OG0000747	WP_081469019.1	WP_193221232.1
OG0000748	WP_042434496.1	WP_006722632.1
OG0000749	WP_042432889.1	WP_006723039.1
OG0000750	WP_042434539.1	WP_182281915.1
OG0000751	WP_042435677.1	WP_006723559.1
OG0000752	WP_042434243.1	WP_006722667.1
OG0000753	WP_081469077.1	WP_226803316.1
OG0000754	WP_042435712.1	WP_193221134.1
OG0000755	WP_042436848.1	WP_182282119.1
OG0000756	WP_042434819.1	WP_193221120.1
OG0000757	WP_042434150.1	WP_152063232.1
OG0000758	WP_042432423.1	WP_006722416.1
OG0000759	WP_081468867.1	WP_193221127.1
OG0000760	WP_081468858.1	WP_118272229.1
OG0000761	WP_042433433.1	WP_152063448.1
OG0000762	WP_042432500.1	WP_152063470.1
OG0000763	WP_042432084.1	WP_226803341.1
OG0000764	WP_081469051.1	WP_193221147.1
OG0000765	WP_042433847.1	WP_152063180.1
OG0000766	WP_238318283.1	WP_152063178.1
OG0000767	WP_042436013.1	WP_152063146.1
OG0000768	WP_042434883.1	WP_152063816.1
OG0000769	WP_042434173.1	WP_006722646.1
OG0000770	WP_042434950.1	WP_226803232.1
OG0000771	WP_042434621.1	WP_152063188.1
OG0000772	WP_238318331.1	WP_226803166.1
OG0000773	WP_238318277.1	WP_006723213.1
OG0000774	WP_081468930.1	WP_152062837.1
OG0000775	WP_042434167.1	WP_152063167.1
OG0000776	WP_042436267.1	WP_226803208.1
OG0000777	WP_042433343.1	WP_006722410.1
OG0000778	WP_081468900.1	WP_152063300.1
OG0000779	WP_202898089.1	WP_226803234.1
OG0000780	WP_042434869.1	WP_039910749.1
OG0000781	WP_042436871.1	WP_226803218.1
OG0000782	WP_042436000.1	WP_152063149.1
OG0000783	WP_042434272.1	WP_152063155.1
OG0000784	WP_042434369.1	WP_152063267.1
OG0000785	WP_052297823.1	WP_118103529.1
OG0000786	WP_042433042.1, WP_042432767.1	WP_226803244.1
OG0000787	WP_042435256.1	WP_152062976.1
OG0000788	WP_042435889.1	WP_152062959.1
OG0000789	WP_202898053.1	WP_152062802.1
OG0000790	WP_042433358.1	WP_152063782.1
OG0000791	WP_042435330.1	WP_152063586.1
OG0000792	WP_042433284.1	WP_152063827.1
OG0000793	WP_202898106.1	WP_226803358.1
OG0000794	WP_042434742.1	WP_226803181.1
OG0000795	WP_042436500.1	WP_193221123.1
OG0000796	WP_042432305.1	WP_152063453.1
OG0000797	WP_081468855.1	WP_152063449.1
OG0000798	WP_042435699.1	WP_152063466.1
OG0000799	WP_202898021.1	WP_152063519.1
OG0000801	WP_042432770.1	WP_152063665.1
OG0000802	WP_081468977.1	WP_226803272.1
OG0000803	WP_202898144.1	WP_152062904.1
OG0000804	WP_148514758.1	WP_152063174.1
OG0000805	WP_042436863.1	WP_152063417.1
OG0000806	WP_042435441.1	WP_193221169.1
OG0000807	WP_202898159.1	WP_152062857.1
OG0000808	WP_042433799.1	WP_152063047.1
OG0000809	WP_042432628.1	WP_152062961.1
OG0000810	WP_238318255.1	WP_226803344.1
OG0000811	WP_042433091.1, WP_042433139.1	WP_006722349.1
OG0000812	WP_042435011.1	WP_152062769.1, WP_152063319.1, WP_152063418.1
OG0000813	WP_238318325.1	WP_152062900.1
OG0000814	WP_042435393.1	WP_152063027.1
OG0000815	WP_042433824.1	WP_152063612.1, WP_152063764.1
OG0000816	WP_042435579.1, WP_042435771.1	WP_152063633.1
OG0000831	WP_042434714.1	WP_006723104.1
OG0000833	WP_042432748.1	WP_152063553.1
OG0000834	WP_042435696.1	WP_152063228.1
OG0000835	WP_042434456.1	WP_006722445.1
OG0000836	WP_081469018.1	WP_152063290.1
OG0000841	WP_238318236.1	WP_118271896.1
OG0000848	WP_052297874.1	WP_152063509.1
OG0000851	WP_042434089.1	WP_152062790.1
OG0000857	WP_042435695.1	WP_152063229.1
OG0000865	WP_042436551.1	WP_006722665.1
OG0000866	WP_042433673.1	WP_152063156.1
OG0000868	WP_042435435.1	WP_226803295.1
OG0000871	WP_202898113.1	WP_226803365.1
OG0000876	WP_081469021.1	WP_152062693.1
OG0000879	WP_042434836.1	WP_006722448.1
OG0000882	WP_042435917.1	WP_152062703.1
OG0000884	WP_042436027.1	WP_006723789.1
OG0000885	WP_042433977.1	WP_152063748.1
OG0000887	WP_042434093.1	WP_152062755.1
OG0000888	WP_042432539.1	WP_152062758.1
OG0000889	WP_081469022.1	WP_118272146.1
OG0000890	WP_238318318.1	WP_226803197.1
OG0000891	WP_042435687.1	WP_226803343.1
OG0000892	WP_042435693.1	WP_152063230.1
OG0000894	WP_081468945.1	WP_152063531.1
OG0000912	WP_238318263.1	WP_152063256.1
OG0000913	WP_042433954.1	WP_152063279.1
OG0000915	WP_042432764.1	WP_152063282.1
OG0000916	WP_042435639.1	WP_118271305.1
OG0000917	WP_042435637.1	WP_152063283.1
OG0000919	WP_042435658.1	WP_152063288.1
OG0000920	WP_042434305.1	WP_152062969.1
OG0000921	WP_042432075.1	WP_006722860.1
OG0000925	WP_042436504.1	WP_152063740.1
OG0000930	WP_042435416.1	WP_152063627.1
OG0000931	WP_042435418.1	WP_152063626.1
OG0000935	WP_042434912.1	WP_006723735.1
OG0000936	WP_042433902.1	WP_152063581.1
OG0000937	WP_042432662.1	WP_152063348.1
OG0000942	WP_042436803.1	WP_006723591.1
OG0000944	WP_042434897.1	WP_226803311.1
OG0000947	WP_042436523.1	WP_152063474.1
OG0000949	WP_042436352.1	WP_152063462.1
OG0000953	WP_042434906.1	WP_152062942.1
OG0000958	WP_042434555.1	WP_182282062.1
OG0000959	WP_042435720.1	WP_152063349.1
OG0000960	WP_042435594.1	WP_152063642.1
OG0000961	WP_238318309.1	WP_152062692.1
OG0000964	WP_042432773.1	WP_152063664.1
OG0000965	WP_042432877.1	WP_006720292.1
OG0000966	WP_042435421.1	WP_039910738.1
OG0000967	WP_042433827.1	WP_118271902.1
OG0000968	WP_202898092.1	WP_152062810.1
OG0000969	WP_042434928.1	WP_152062824.1
OG0000970	WP_042435377.1	WP_152062951.1
OG0000971	WP_042433811.1	WP_152062958.1
OG0000972	WP_052297764.1	WP_152062992.1
OG0000975	WP_052297919.1	WP_152063046.1, WP_152063437.1
OG0000976	WP_042433942.1	WP_152063072.1
OG0000977	WP_042435904.1	WP_152063530.1, WP_152063387.1
OG0000978	WP_042435386.1	WP_152063467.1
OG0000979	WP_052297908.1	WP_152063536.1
OG0000980	WP_042431963.1	WP_152063630.1
OG0000982	WP_042435763.1	WP_152063638.1
OG0000983	WP_042432709.1	WP_152063763.1
OG0000984	WP_042432700.1	WP_152063774.1
OG0000985	WP_238318307.1, WP_042435944.1	WP_152063779.1
OG0000986	WP_042432942.1, WP_052297747.1	WP_193221174.1
OG0000987	WP_042435547.1	WP_193221202.1
OG0000988	WP_042435398.1	WP_226803278.1
OG0001030	WP_202898164.1	WP_006723585.1
OG0001249	WP_202898075.1	WP_152063659.1
OG0001290	WP_042436069.1	WP_193221151.1
OG0001319	WP_042432972.1	WP_226803162.1
OG0001329	WP_042435003.1	WP_118272255.1
OG0001330	WP_042432429.1	WP_118272279.1
OG0001331	WP_052297750.1	WP_152062750.1
OG0001332	WP_042432426.1	WP_152062751.1
OG0001333	WP_042435017.1	WP_152062767.1
OG0001334	WP_042435009.1	WP_152062770.1
OG0001335	WP_042435070.1	WP_152062888.1
OG0001337	WP_042435394.1	WP_152063028.1
OG0001339	WP_042432961.1	WP_152063588.1
OG0001341	WP_162096566.1	WP_152063618.1
OG0001342	WP_042435582.1	WP_152063643.1
OG0001343	WP_238318238.1	WP_152063676.1
OG0001344	WP_042433907.1	WP_152063739.1
OG0001345	WP_042433048.1	WP_152063746.1
OG0001347	WP_162096568.1	WP_152063833.1
OG0001348	WP_042432432.1	WP_226803163.1
OG0001349	WP_042435014.1	WP_226803167.1
OG0001350	WP_042435006.1	WP_226803168.1
OG0001351	WP_042434757.1	WP_226803178.1
OG0001353	WP_042433817.1	WP_226803297.1
OG0001354	WP_081468852.1	WP_226803319.1
OG0001355	WP_042432102.1	WP_226803328.1
OG0001356	WP_172596416.1	WP_226803331.1
OG0001567	WP_042432107.1	WP_152062849.1
OG0001590	WP_042432733.1	WP_152063534.1
OG0001591	WP_042436460.1	WP_152063535.1
OG0001593	WP_042432861.1	WP_152063564.1
OG0001600	WP_042437092.1	WP_152063778.1
OG0001607	WP_162096585.1	WP_226803330.1
OG0001609	WP_042434039.1	WP_226803349.1
