Orthogroup	senegalimassilia_anaerobia	senegalimassilia_faecalis
OG0000000	WP_042434583.1	WP_129424323.1
OG0000000	WP_042434586.1	WP_129424321.1
OG0000001	WP_042435685.1	WP_129424626.1
OG0000001	WP_202898049.1	WP_129424547.1
OG0000002	WP_042432605.1	WP_129423327.1
OG0000002	WP_042433509.1	WP_129423385.1
OG0000002	WP_042434968.1	WP_129423999.1
OG0000002	WP_042432516.1	WP_042432516.1
OG0000003	WP_042436049.1	WP_129423013.1
OG0000003	WP_042436074.1	WP_129424992.1, WP_129423015.1
OG0000004	WP_042435737.1	WP_201738679.1, WP_129424515.1, WP_129424529.1, WP_129425626.1, WP_129425246.1, WP_201738779.1, WP_129424695.1, WP_129425820.1, WP_129425634.1, WP_129424261.1, WP_129423613.1, WP_201738778.1, WP_201738767.1, WP_129423383.1, WP_129423028.1, WP_129425133.1
OG0000005	WP_052297769.1	WP_236648243.1, WP_129423375.1
OG0000005	WP_052297788.1	WP_129424287.1, WP_129423043.1
OG0000008	WP_042436896.1	WP_129423848.1
OG0000008	WP_081469081.1	WP_129425172.1
OG0000009	WP_042432387.1	WP_129423621.1
OG0000009	WP_202898150.1	WP_201738732.1
OG0000009	WP_222859231.1	WP_129423842.1
OG0000009	WP_238318272.1	WP_236648291.1
OG0000009	WP_052297765.1, WP_042435680.1	WP_129424620.1
OG0000010	WP_042432580.1	WP_129425624.1
OG0000010	WP_042432572.1	WP_129425249.1
OG0000010	WP_042432375.1	WP_129425632.1, WP_129425818.1, WP_129424697.1, WP_201738636.1, WP_129425476.1, WP_129424512.1, WP_129424527.1, WP_201738713.1, WP_129423289.1, WP_129424263.1, WP_129423611.1
OG0000013	WP_042435327.1	WP_129426113.1
OG0000013	WP_042434983.1	WP_129423997.1
OG0000014	WP_042433088.1	WP_201738608.1
OG0000014	WP_042435885.1	WP_129425548.1
OG0000017	WP_042435955.1, WP_081468888.1, WP_202898044.1	WP_201738618.1
OG0000017	WP_042433005.1	WP_129424596.1
OG0000017	WP_042436936.1	WP_129423808.1
OG0000018	WP_042434463.1	WP_129423969.1
OG0000018	WP_042435759.1	WP_129425220.1, WP_129424797.1
OG0000018	WP_042434469.1	WP_129423830.1, WP_129424428.1
OG0000018	WP_052297829.1	WP_129424224.1
OG0000020	WP_042434755.1	WP_129424174.1
OG0000020	WP_042432008.1	WP_129423771.1
OG0000021	WP_052297753.1	WP_161566596.1
OG0000021	WP_042433000.1	WP_201738610.1, WP_129424458.1, WP_129425672.1, WP_129423151.1, WP_129425255.1, WP_129422849.1, WP_129422979.1, WP_129425852.1
OG0000022	WP_202898145.1	WP_201738726.1
OG0000023	WP_238318300.1	WP_129425192.1
OG0000024	WP_042436862.1	WP_129424725.1, WP_236648234.1, WP_129424510.1, WP_161566661.1, WP_161566638.1, WP_129423872.1
OG0000025	WP_202898146.1, WP_052297757.1	WP_129424670.1
OG0000025	WP_081469046.1, WP_042433182.1	WP_117655969.1
OG0000026	WP_238318299.1	WP_129423366.1
OG0000026	WP_042434823.1	WP_129424115.1
OG0000027	WP_081468876.1	WP_161566617.1
OG0000028	WP_187364748.1	WP_129422829.1
OG0000028	WP_042433329.1	WP_129423057.1
OG0000029	WP_081468868.1	WP_129423391.1
OG0000030	WP_042436298.1	WP_129425729.1
OG0000030	WP_042432256.1	WP_129423493.1
OG0000031	WP_042434991.1	WP_129423993.1
OG0000032	WP_042433891.1	WP_129422992.1
OG0000033	WP_081469013.1	WP_129424843.1
OG0000033	WP_202898091.1	WP_201738574.1
OG0000034	WP_042434285.1	WP_129422842.1
OG0000035	WP_042433930.1	WP_129422975.1
OG0000035	WP_042432045.1	WP_129423741.1
OG0000038	WP_081468861.1	WP_129423617.1
OG0000038	WP_202898034.1	WP_129424279.1, WP_201738635.1
OG0000038	WP_042435618.1	WP_161566669.1
OG0000040	WP_042434287.1	WP_129422841.1
OG0000040	WP_148514770.1	WP_129423743.1
OG0000041	WP_042432724.1	WP_129423260.1
OG0000042	WP_238318301.1	WP_129425238.1
OG0000042	WP_148514760.1	WP_161566615.1
OG0000043	WP_042432478.1	WP_201738643.1
OG0000043	WP_238318264.1	WP_129422944.1
OG0000044	WP_042432446.1	WP_129423400.1
OG0000045	WP_042432415.1	WP_129423646.1
OG0000046	WP_042432412.1	WP_129423644.1
OG0000048	WP_042434989.1	WP_129423995.1
OG0000050	WP_042436574.1	WP_129425588.1, WP_129425556.1
OG0000051	WP_202898133.1	WP_201738841.1
OG0000051	WP_081468991.1	WP_129425401.1
OG0000052	WP_042434877.1	WP_129424072.1
OG0000052	WP_052297894.1, WP_202898112.1	WP_129424100.1
OG0000053	WP_081468936.1	WP_236648217.1
OG0000054	WP_042432110.1	WP_129423403.1
OG0000055	WP_042434966.1	WP_129424001.1
OG0000056	WP_042435033.1	WP_129423951.1
OG0000056	WP_052297822.1	WP_161566609.1
OG0000057	WP_042432335.1	WP_129423557.1
OG0000057	WP_042435861.1	WP_129423874.1, WP_129425111.1
OG0000059	WP_162096578.1	WP_236648337.1
OG0000060	WP_081469072.1	WP_129423918.1
OG0000061	WP_042436060.1, WP_042435450.1	WP_129425876.1
OG0000062	WP_042434075.1	WP_161566570.1
OG0000063	WP_052297766.1	WP_129423266.1
OG0000063	WP_042436959.1	WP_129423791.1
OG0000064	WP_042432040.1	WP_129424508.1
OG0000064	WP_042435806.1	WP_129424769.1
OG0000065	WP_238318321.1	WP_129423281.1, WP_129425135.1, WP_129425520.1
OG0000066	WP_042436791.1	WP_129425516.1
OG0000066	WP_042434429.1	WP_129424478.1
OG0000067	WP_081468843.1	WP_129424986.1, WP_129424964.1, WP_201738741.1, WP_201738671.1
OG0000068	WP_042432827.1	WP_201738623.1
OG0000068	WP_042434725.1	WP_129423074.1
OG0000068	WP_042433173.1	WP_201738603.1
OG0000069	WP_042434631.1	WP_129425159.1
OG0000069	WP_081468997.1	WP_129424632.1, WP_269089561.1
OG0000070	WP_042434388.1	WP_129424502.1
OG0000071	WP_042432592.1	WP_129423332.1
OG0000071	WP_042432384.1	WP_129423619.1
OG0000071	WP_052297848.1	WP_201738641.1, WP_129425206.1
OG0000072	WP_148514780.1	WP_161566698.1
OG0000072	WP_162096580.1	WP_201738728.1, WP_129423380.1, WP_161566705.1
OG0000072	WP_052297758.1	WP_129425251.1
OG0000073	WP_042434986.1	WP_236648265.1
OG0000074	WP_042433868.1	WP_201738817.1
OG0000075	WP_042436406.1, WP_042436419.1, WP_042433967.1	WP_161566572.1
OG0000076	WP_042436029.1	WP_161566648.1
OG0000078	WP_042434316.1	WP_129422827.1
OG0000078	WP_042434766.1	WP_161566616.1
OG0000079	WP_042434487.1	WP_129424404.1
OG0000080	WP_042434821.1	WP_129423953.1, WP_129424117.1
OG0000082	WP_042432935.1	WP_129425341.1, WP_129425343.1, WP_129423179.1
OG0000083	WP_042433865.1	WP_129422999.1
OG0000084	WP_238318304.1	WP_129424419.1
OG0000086	WP_042435880.1	WP_129424829.1
OG0000087	WP_052297937.1	WP_201738683.1
OG0000087	WP_042436814.1	WP_236648328.1
OG0000088	WP_158574162.1	WP_129425204.1
OG0000089	WP_042432670.1	WP_129423299.1
OG0000090	WP_042435396.1	WP_129425449.1
OG0000091	WP_042432712.1	WP_129423269.1
OG0000091	WP_042436618.1	WP_129425499.1
OG0000092	WP_042435847.1, WP_081469038.1, WP_042432946.1	WP_129423175.1
OG0000093	WP_042433094.1	WP_161566618.1
OG0000094	WP_081468938.1	WP_129424454.1
OG0000095	WP_042435809.1	WP_129424767.1
OG0000097	WP_238318310.1, WP_042435452.1	WP_129425435.1
OG0000098	WP_042435718.1	WP_236648283.1
OG0000099	WP_042436476.1	WP_129425776.1
OG0000099	WP_042436974.1	WP_129423777.1
OG0000101	WP_042436531.1, WP_042436529.1, WP_162096559.1, WP_052297864.1, WP_052297831.1	WP_161566697.1
OG0000102	WP_042432637.1	WP_129423313.1
OG0000102	WP_042432184.1	WP_129423441.1
OG0000103	WP_238318246.1	WP_201738617.1
OG0000104	WP_042432819.1	WP_129423221.1
OG0000105	WP_042433975.1	WP_129422956.1
OG0000106	WP_238318292.1, WP_238318313.1	WP_129425441.1, WP_201738793.1
OG0000108	WP_042432594.1	WP_129423331.1
OG0000108	WP_052297737.1	WP_129424277.1, WP_161566575.1, WP_201738642.1, WP_201738655.1
OG0000109	WP_042432602.1	WP_129423328.1
OG0000109	WP_042434773.1	WP_129424160.1
OG0000109	WP_052297791.1, WP_042435957.1	WP_161566621.1
OG0000111	WP_042433932.1	WP_129422974.1
OG0000112	WP_042433996.1	WP_129422948.1
OG0000113	WP_042431951.1	WP_129422973.1, WP_129423404.1
OG0000114	WP_042432023.1	WP_129423761.1
OG0000115	WP_042434626.1	WP_129425155.1
OG0000117	WP_081468844.1	WP_129423749.1
OG0000118	WP_202898100.1	WP_201738709.1
OG0000120	WP_052297754.1	WP_129423389.1
OG0000121	WP_042435671.1	WP_129425924.1, WP_269089566.1
OG0000123	WP_042431935.1, WP_042434874.1	WP_129424074.1
OG0000124	WP_042437040.1	WP_129425170.1
OG0000125	WP_042435024.1	WP_236648264.1
OG0000126	WP_042436301.1, WP_042432246.1	WP_129423489.1
OG0000127	WP_042432121.1	WP_129423407.1
OG0000128	WP_042435716.1	WP_129424656.1
OG0000130	WP_042432753.1, WP_238318243.1	WP_129423248.1
OG0000131	WP_042434083.1	WP_129422924.1
OG0000132	WP_042434753.1	WP_129424982.1, WP_129424176.1
OG0000133	WP_042434205.1	WP_236648310.1, WP_129422873.1
OG0000134	WP_042432155.1	WP_129423424.1
OG0000136	WP_238318258.1	WP_129423246.1, WP_161566587.1
OG0000137	WP_202898117.1	WP_129424025.1
OG0000138	WP_042436582.1	WP_129425532.1
OG0000139	WP_081468878.1	WP_129423270.1
OG0000142	WP_042436071.1	WP_129425009.1
OG0000143	WP_042435157.1	WP_129422851.1
OG0000144	WP_202898047.1	WP_201738719.1
OG0000145	WP_238318232.1	WP_236648248.1
OG0000146	WP_052297904.1, WP_052297909.1, WP_238318308.1	WP_129424865.1
OG0000147	WP_042436758.1	WP_129423284.1, WP_161566594.1, WP_129422791.1, WP_129423599.1
OG0000148	WP_042435894.1	WP_161566633.1, WP_129425842.1
OG0000148	WP_042433136.1	WP_129423120.1
OG0000150	WP_202898027.1	WP_201738668.1
OG0000151	WP_042435995.1	WP_129425596.1, WP_129424895.1
OG0000153	WP_042434527.1	WP_129424374.1
OG0000154	WP_042436083.1	WP_129423959.1
OG0000155	WP_042433999.1	WP_129422947.1
OG0000156	WP_042436283.1	WP_129425824.1
OG0000157	WP_042433116.1	WP_201738609.1
OG0000158	WP_042432607.1	WP_201738634.1
OG0000158	WP_202898030.1	WP_129422970.1, WP_201738644.1
OG0000159	WP_042436779.1	WP_129422969.1, WP_129425538.1
OG0000161	WP_042432484.1	WP_201738640.1
OG0000162	WP_042434444.1	WP_129424465.1
OG0000163	WP_042437065.1	WP_129425075.1
OG0000164	WP_042432751.1	WP_129423249.1
OG0000165	WP_042435001.1	WP_129423983.1
OG0000166	WP_042436062.1, WP_042435447.1	WP_201738796.1
OG0000167	WP_162096592.1, WP_202898088.1	WP_129422861.1
OG0000168	WP_042435494.1	WP_161566628.1, WP_129425443.1, WP_161566709.1
OG0000169	WP_162096579.1	WP_161566646.1
OG0000171	WP_042434441.1	WP_129424468.1
OG0000172	WP_238318254.1	WP_201738599.1
OG0000173	WP_042436041.1	WP_129425015.1, WP_236648294.1, WP_129424957.1
OG0000174	WP_042435898.1	WP_129425383.1
OG0000175	WP_042432048.1	WP_129423739.1
OG0000176	WP_042433113.1	WP_129425630.1
OG0000176	WP_042434396.1, WP_202898094.1	WP_129422800.1
OG0000177	WP_042432231.1	WP_129423475.1
OG0000177	WP_042434240.1	WP_129422863.1
OG0000178	WP_081469012.1	WP_129424833.1
OG0000178	WP_202898140.1	WP_201738754.1
OG0000179	WP_042436447.1	WP_129424500.1
OG0000179	WP_042434421.1	WP_129424486.1
OG0000179	WP_042434402.1	WP_129422799.1
OG0000180	WP_042434922.1	WP_129424034.1
OG0000181	WP_202898134.1	WP_129424027.1
OG0000182	WP_042434375.1	WP_129422806.1
OG0000183	WP_042434381.1	WP_129422803.1
OG0000184	WP_042433346.1	WP_129423050.1
OG0000185	WP_042433305.1	WP_129423068.1
OG0000186	WP_042433993.1	WP_129422949.1
OG0000187	WP_042434638.1	WP_129425166.1
OG0000188	WP_042432390.1	WP_129423623.1
OG0000189	WP_042434827.1	WP_129424112.1
OG0000190	WP_042432722.1	WP_129423261.1
OG0000191	WP_042434763.1	WP_129424164.1
OG0000192	WP_042434717.1	WP_129424202.1
OG0000193	WP_042433264.1	WP_129423086.1
OG0000194	WP_042433267.1	WP_129423085.1
OG0000195	WP_042433275.1	WP_129423082.1
OG0000196	WP_042433278.1	WP_129423081.1
OG0000197	WP_042432869.1	WP_129423200.1
OG0000198	WP_042432872.1	WP_129423199.1
OG0000199	WP_042432875.1	WP_129423198.1
OG0000200	WP_009306348.1	WP_009306348.1
OG0000201	WP_042432881.1	WP_129423196.1
OG0000202	WP_042432884.1	WP_042432884.1
OG0000203	WP_187364758.1	WP_201738821.1
OG0000204	WP_042432175.1	WP_129423435.1
OG0000205	WP_042432560.1	WP_129423346.1
OG0000206	WP_042437063.1	WP_129425073.1
OG0000207	WP_042434781.1	WP_129424154.1
OG0000208	WP_042432199.1	WP_129423450.1
OG0000209	WP_042432896.1	WP_129423193.1
OG0000210	WP_042432900.1	WP_129423192.1
OG0000211	WP_042432903.1	WP_129423191.1
OG0000212	WP_042432910.1	WP_129423189.1
OG0000213	WP_042432913.1	WP_129423188.1
OG0000214	WP_042434709.1	WP_129424208.1
OG0000215	WP_042436927.1	WP_129423812.1
OG0000216	WP_042436924.1	WP_129423814.1
OG0000217	WP_042436921.1	WP_129423816.1
OG0000218	WP_042436918.1	WP_129423818.1
OG0000219	WP_238318326.1	WP_129423908.1
OG0000220	WP_042433290.1	WP_129423077.1
OG0000221	WP_042435877.1	WP_129424825.1
OG0000222	WP_042436489.1	WP_129425766.1
OG0000223	WP_042435683.1	WP_129424624.1
OG0000224	WP_042435058.1	WP_201738685.1
OG0000225	WP_042435055.1	WP_129423933.1
OG0000226	WP_042435050.1	WP_129423935.1
OG0000227	WP_042435046.1	WP_129423937.1
OG0000228	WP_238318233.1	WP_129423460.1
OG0000229	WP_042432234.1	WP_129423477.1
OG0000230	WP_042432253.1	WP_042432253.1
OG0000231	WP_042432258.1	WP_129423495.1
OG0000232	WP_042434175.1	WP_129422885.1
OG0000233	WP_042434188.1	WP_129422881.1
OG0000234	WP_042434605.1	WP_042434605.1
OG0000235	WP_042433844.1	WP_129423006.1
OG0000236	WP_042433961.1	WP_129422961.1
OG0000237	WP_042432840.1	WP_129423215.1
OG0000238	WP_238318329.1	WP_236648326.1
OG0000239	WP_238318286.1	WP_129422926.1
OG0000240	WP_042434102.1	WP_129422916.1
OG0000241	WP_081468856.1	WP_129423527.1
OG0000242	WP_006363204.1	WP_006363204.1
OG0000243	WP_042432297.1	WP_042432297.1
OG0000244	WP_042434204.1	WP_129422874.1
OG0000245	WP_042436955.1	WP_129423798.1
OG0000246	WP_181859460.1	WP_201738828.1
OG0000247	WP_042432302.1	WP_129423533.1
OG0000248	WP_042434711.1	WP_129424206.1
OG0000249	WP_042434518.1	WP_129424380.1
OG0000250	WP_042434636.1	WP_129425164.1
OG0000251	WP_042433269.1	WP_129423084.1
OG0000252	WP_042433704.1	WP_042433704.1
OG0000253	WP_042435060.1	WP_042435060.1
OG0000254	WP_042435062.1	WP_129423930.1
OG0000255	WP_042436929.1	WP_129423810.1
OG0000256	WP_042432893.1	WP_022370037.1
OG0000257	WP_042432634.1	WP_129423314.1
OG0000260	WP_202898054.1	WP_236648230.1
OG0000261	WP_042434577.1	WP_129424330.1
OG0000262	WP_042435372.1	WP_129425470.1
OG0000263	WP_042432566.1	WP_129423344.1
OG0000264	WP_042432563.1	WP_129423345.1
OG0000265	WP_081468927.1	WP_129422918.1
OG0000266	WP_042434542.1	WP_129424364.1
OG0000267	WP_042432842.1	WP_129423214.1
OG0000268	WP_042434499.1	WP_129424396.1
OG0000269	WP_042436492.1	WP_129425764.1
OG0000270	WP_042432493.1	WP_129423372.1
OG0000271	WP_042435988.1	WP_129424879.1
OG0000272	WP_081468885.1	WP_129423181.1
OG0000273	WP_114621217.1	WP_201738804.1
OG0000274	WP_042434344.1	WP_129422817.1
OG0000275	WP_042433928.1	WP_236648320.1
OG0000276	WP_042432480.1	WP_129423379.1
OG0000278	WP_187364750.1	WP_201738812.1
OG0000279	WP_042434903.1	WP_129424050.1
OG0000280	WP_042432519.1	WP_129423355.1
OG0000281	WP_042432196.1	WP_129423448.1
OG0000282	WP_042433225.1	WP_236648231.1
OG0000283	WP_081469063.1	WP_129425510.1
OG0000284	WP_042436811.1	WP_129423920.1
OG0000285	WP_042436934.1	WP_042436934.1
OG0000286	WP_042435669.1	WP_129424614.1
OG0000287	WP_042434504.1	WP_129424392.1
OG0000288	WP_042434954.1	WP_129424007.1
OG0000289	WP_042433296.1	WP_129423072.1
OG0000290	WP_042434157.1	WP_129422894.1
OG0000291	WP_042434108.1	WP_129422914.1
OG0000292	WP_042434081.1	WP_129422925.1
OG0000293	WP_042433842.1	WP_129423007.1
OG0000294	WP_042432465.1	WP_129423392.1
OG0000295	WP_042432938.1	WP_129423178.1
OG0000296	WP_042434524.1	WP_129424376.1
OG0000297	WP_222859225.1	WP_236648244.1
OG0000298	WP_042434202.1	WP_129422876.1
OG0000299	WP_042436881.1	WP_129423858.1
OG0000300	WP_042434596.1	WP_129424305.1
OG0000301	WP_042434490.1	WP_129424402.1
OG0000302	WP_042434545.1	WP_129424362.1
OG0000303	WP_081468969.1	WP_201738710.1
OG0000304	WP_042434552.1	WP_129424358.1
OG0000305	WP_202898154.1	WP_201738738.1
OG0000306	WP_042435991.1	WP_129424893.1
OG0000307	WP_042435380.1	WP_129425466.1
OG0000309	WP_148514769.1	WP_129426123.1
OG0000310	WP_042437053.1	WP_129424707.1
OG0000311	WP_042436613.1	WP_129425512.1
OG0000312	WP_238318237.1	WP_129423396.1
OG0000313	WP_042436539.1	WP_129425269.1
OG0000314	WP_042432922.1	WP_129423184.1
OG0000315	WP_042433253.1	WP_129423090.1
OG0000316	WP_042433334.1	WP_129423055.1
OG0000317	WP_042433340.1	WP_129423052.1
OG0000318	WP_042434618.1	WP_042434618.1
OG0000319	WP_042432940.1	WP_129423177.1
OG0000320	WP_042435168.1	WP_236648315.1
OG0000321	WP_042434296.1	WP_129422834.1
OG0000322	WP_042434299.1	WP_129422833.1
OG0000323	WP_081468953.1	WP_129424052.1
OG0000324	WP_042432952.1	WP_129423172.1
OG0000325	WP_042432906.1	WP_129423190.1
OG0000326	WP_042432830.1	WP_129423218.1
OG0000327	WP_042435202.1	WP_129426149.1
OG0000328	WP_042433303.1	WP_129423069.1
OG0000329	WP_042432164.1	WP_129423429.1
OG0000330	WP_081468890.1	WP_201738665.1, WP_201738729.1
OG0000331	WP_052297942.1	WP_129423787.1
OG0000332	WP_238318240.1	WP_129423323.1
OG0000333	WP_238318282.1	WP_236648321.1
OG0000334	WP_042435704.1	WP_129424644.1
OG0000335	WP_042432326.1	WP_129423551.1
OG0000336	WP_238318256.1	WP_269089564.1
OG0000337	WP_081468892.1	WP_201738612.1
OG0000338	WP_042433317.1	WP_129423062.1
OG0000339	WP_042433715.1	WP_129423054.1
OG0000340	WP_042436015.1	WP_129424913.1
OG0000341	WP_042432855.1	WP_129423207.1
OG0000342	WP_042435389.1	WP_129425461.1
OG0000344	WP_042433272.1	WP_129423083.1
OG0000345	WP_042434723.1	WP_129424198.1
OG0000346	WP_042432569.1	WP_129423342.1
OG0000347	WP_042432250.1	WP_129423491.1
OG0000348	WP_222859228.1	WP_236648268.1
OG0000349	WP_042434778.1	WP_129424156.1
OG0000350	WP_042434641.1	WP_129425168.1
OG0000351	WP_042434252.1	WP_129422857.1
OG0000352	WP_042432916.1	WP_129423187.1
OG0000353	WP_042433921.1	WP_129422978.1
OG0000354	WP_238318288.1	WP_201738803.1
OG0000355	WP_042432929.1	WP_129423182.1
OG0000356	WP_081468910.1	WP_129423376.1
OG0000357	WP_042435662.1	WP_129424608.1
OG0000358	WP_081469034.1	WP_129425184.1
OG0000359	WP_181859389.1	WP_236648281.1
OG0000360	WP_042434353.1	WP_129422814.1
OG0000361	WP_042434350.1	WP_129422815.1
OG0000362	WP_042434372.1	WP_129422807.1
OG0000363	WP_042434947.1	WP_129424011.1
OG0000364	WP_238318268.1	WP_129422915.1
OG0000365	WP_042433874.1	WP_129422996.1
OG0000366	WP_042432683.1	WP_129423293.1
OG0000367	WP_042432209.1	WP_129423458.1
OG0000368	WP_081469060.1	WP_129425536.1
OG0000369	WP_042435881.1	WP_129424845.1
OG0000370	WP_042437043.1	WP_129425174.1
OG0000371	WP_042433281.1	WP_129423080.1
OG0000372	WP_042434668.1	WP_236648272.1
OG0000373	WP_042435731.1	WP_129424671.1
OG0000374	WP_042435732.1	WP_129424673.1
OG0000375	WP_042434602.1	WP_129424301.1
OG0000376	WP_042436869.1	WP_129423864.1
OG0000377	WP_042434802.1	WP_129424138.1
OG0000378	WP_042435368.1	WP_129425472.1
OG0000379	WP_042434347.1	WP_129422816.1
OG0000380	WP_202898183.1	WP_129424735.1
OG0000381	WP_238318279.1	WP_236648267.1
OG0000382	WP_042436577.1	WP_129425544.1
OG0000384	WP_042433833.1	WP_129423009.1
OG0000385	WP_081468925.1	WP_129422939.1
OG0000386	WP_042433564.1	WP_129423291.1
OG0000387	WP_042434672.1	WP_129424240.1
OG0000388	WP_042432625.1	WP_201738633.1
OG0000389	WP_042432136.1	WP_129423414.1
OG0000390	WP_042432622.1	WP_129423322.1
OG0000391	WP_042433853.1	WP_129423003.1
OG0000392	WP_042433850.1	WP_129423004.1
OG0000393	WP_042434293.1	WP_129422837.1
OG0000394	WP_042437058.1	WP_129425063.1
OG0000395	WP_042432510.1	WP_129423367.1
OG0000396	WP_042432180.1	WP_236648247.1
OG0000397	WP_042435600.1	WP_129424807.1
OG0000398	WP_042434880.1	WP_129424070.1
OG0000399	WP_042434707.1	WP_201738600.1
OG0000400	WP_042436967.1	WP_129423783.1
OG0000401	WP_042432858.1	WP_129423206.1
OG0000403	WP_042434334.1	WP_129422820.1
OG0000404	WP_042433326.1	WP_129423058.1
OG0000405	WP_042432847.1	WP_201738621.1
OG0000406	WP_238318261.1	WP_236648322.1
OG0000407	WP_042432987.1	WP_129423154.1
OG0000408	WP_042434148.1	WP_236648220.1
OG0000411	WP_042435674.1	WP_129424616.1
OG0000412	WP_042434599.1	WP_129424303.1
OG0000413	WP_202898055.1	WP_129423061.1
OG0000414	WP_081468899.1	WP_129423060.1
OG0000415	WP_042433323.1	WP_129423059.1
OG0000416	WP_081468898.1	WP_129423065.1
OG0000417	WP_081469056.1	WP_129425297.1
OG0000418	WP_052297809.1	WP_129424446.1
OG0000419	WP_081468928.1	WP_201738807.1
OG0000420	WP_042434145.1	WP_129422900.1
OG0000421	WP_042434722.1	WP_042434722.1
OG0000422	WP_042436952.1	WP_129423800.1
OG0000423	WP_042432546.1	WP_129423350.1
OG0000424	WP_042437078.1	WP_129424737.1
OG0000425	WP_042432943.1	WP_129423176.1
OG0000426	WP_042433880.1	WP_129422994.1
OG0000427	WP_042436938.1	WP_129423806.1
OG0000428	WP_042434916.1	WP_129424038.1
OG0000429	WP_042436018.1	WP_129424915.1
OG0000430	WP_042434705.1	WP_129423075.1
OG0000430	WP_042435039.1	WP_129423945.1
OG0000431	WP_042434589.1	WP_129424311.1
OG0000432	WP_042432686.1	WP_129423292.1
OG0000433	WP_238318322.1	WP_129426220.1
OG0000434	WP_222859227.1	WP_129423107.1
OG0000435	WP_042436498.1	WP_129425758.1
OG0000436	WP_042434170.1	WP_129422887.1
OG0000437	WP_042436874.1	WP_129423862.1
OG0000438	WP_042435950.1	WP_129424809.1
OG0000439	WP_202898114.1	WP_201738695.1
OG0000440	WP_042435644.1	WP_129425123.1
OG0000441	WP_042435784.1	WP_129424681.1
OG0000442	WP_148514751.1	WP_201738587.1
OG0000443	WP_042432285.1	WP_129423511.1
OG0000444	WP_042432020.1	WP_129423763.1
OG0000445	WP_042432017.1	WP_129423765.1
OG0000446	WP_042434996.1	WP_129423987.1
OG0000447	WP_042434731.1	WP_129424194.1
OG0000448	WP_202898107.1	WP_201738701.1
OG0000449	WP_042434687.1	WP_129424230.1
OG0000450	WP_042434684.1	WP_129424232.1
OG0000452	WP_042432926.1	WP_129423183.1
OG0000453	WP_042436488.1	WP_129425768.1
OG0000455	WP_042433862.1	WP_129423000.1
OG0000456	WP_042433859.1	WP_129423001.1
OG0000457	WP_081468958.1	WP_201738687.1
OG0000458	WP_042434993.1	WP_129423989.1
OG0000459	WP_042434720.1	WP_129424200.1
OG0000460	WP_042434751.1	WP_129424178.1
OG0000461	WP_202898096.1	WP_129424463.1
OG0000462	WP_042434200.1	WP_129422877.1
OG0000463	WP_202898087.1	WP_129422879.1
OG0000464	WP_238318270.1	WP_129422880.1
OG0000465	WP_042434185.1	WP_129422882.1
OG0000466	WP_042434182.1	WP_129422883.1
OG0000467	WP_042434178.1	WP_161566568.1
OG0000468	WP_052297798.1	WP_129422888.1
OG0000469	WP_042434160.1	WP_129422893.1
OG0000470	WP_042434143.1	WP_129422901.1
OG0000471	WP_042436030.1	WP_129424929.1
OG0000472	WP_042434277.1	WP_129422845.1
OG0000473	WP_042434280.1	WP_129422844.1
OG0000474	WP_202898043.1	WP_129423169.1
OG0000476	WP_042432288.1	WP_129423516.1
OG0000477	WP_042435283.1	WP_129424126.1
OG0000478	WP_042432664.1	WP_129423301.1
OG0000479	WP_042432667.1	WP_129423300.1
OG0000480	WP_081469059.1	WP_201738866.1
OG0000481	WP_052297743.1	WP_201738662.1
OG0000482	WP_042433925.1	WP_129422977.1
OG0000483	WP_042433313.1	WP_129423064.1
OG0000484	WP_042434341.1	WP_129422818.1
OG0000485	WP_042434338.1	WP_129422819.1
OG0000486	WP_042434125.1	WP_129422908.1
OG0000487	WP_081469020.1	WP_129424897.1
OG0000488	WP_042434448.1	WP_129424456.1
OG0000489	WP_042435044.1	WP_129423939.1
OG0000490	WP_238318275.1	WP_129424246.1
OG0000491	WP_042433911.1	WP_129422984.1
OG0000492	WP_081469082.1	WP_129424705.1
OG0000493	WP_042436307.1, WP_042436363.1, WP_148514812.1	WP_129424835.1
OG0000494	WP_042434784.1	WP_129424150.1
OG0000495	WP_042432824.1	WP_129423219.1
OG0000496	WP_042436064.1	WP_129425011.1
OG0000497	WP_238318266.1	WP_201738585.1
OG0000498	WP_081468940.1	WP_129424444.1
OG0000499	WP_042433228.1	WP_129423096.1
OG0000500	WP_042435074.1	WP_129426100.1
OG0000501	WP_042436622.1	WP_129425493.1
OG0000502	WP_042432202.1	WP_129423452.1
OG0000503	WP_052297821.1	WP_129424080.1
OG0000504	WP_042433987.1	WP_129422951.1
OG0000505	WP_042436837.1	WP_129423896.1
OG0000506	WP_042435365.1	WP_129425480.1
OG0000507	WP_042434484.1	WP_129424406.1
OG0000508	WP_042432349.1	WP_129423570.1
OG0000510	WP_042432549.1	WP_129423349.1
OG0000511	WP_162096564.1	WP_161566668.1
OG0000511	WP_148514816.1	WP_129424899.1
OG0000512	WP_042432011.1	WP_129423769.1
OG0000513	WP_042434760.1	WP_129424166.1
OG0000514	WP_042432852.1	WP_129423208.1
OG0000515	WP_042432524.1	WP_129423353.1
OG0000516	WP_042436296.1, WP_042434415.1	WP_129424492.1, WP_129425574.1
OG0000517	WP_052297781.1	WP_129423094.1
OG0000518	WP_042432468.1	WP_129423390.1
OG0000519	WP_042432343.1	WP_129423565.1
OG0000520	WP_042434558.1	WP_201738708.1
OG0000521	WP_042434833.1	WP_129424110.1
OG0000522	WP_042433633.1	WP_129423201.1
OG0000523	WP_081468842.1	WP_129423751.1
OG0000524	WP_042436008.1	WP_201738739.1
OG0000525	WP_202898135.1	WP_201738838.1
OG0000527	WP_042432660.1	WP_129423303.1
OG0000528	WP_042434515.1	WP_129424382.1
OG0000529	WP_042435042.1	WP_129423941.1
OG0000530	WP_042432291.1	WP_129423518.1
OG0000531	WP_238318234.1	WP_129423507.1
OG0000532	WP_042432274.1	WP_129423503.1
OG0000534	WP_042432241.1	WP_129423483.1
OG0000535	WP_042432238.1	WP_129423481.1
OG0000536	WP_042435779.1	WP_129424679.1
OG0000537	WP_042432271.1	WP_129423501.1
OG0000538	WP_042434211.1	WP_129422871.1
OG0000539	WP_042432037.1	WP_129423747.1
OG0000540	WP_202898019.1	WP_201738672.1
OG0000541	WP_042432014.1	WP_129423767.1
OG0000542	WP_042432206.1	WP_129423454.1
OG0000543	WP_042436571.1	WP_129426212.1
OG0000544	WP_042432676.1	WP_129423297.1
OG0000545	WP_042432678.1	WP_129423298.1
OG0000546	WP_042432407.1	WP_129423640.1
OG0000547	WP_042435248.1	WP_236648274.1
OG0000548	WP_042434302.1	WP_129422831.1
OG0000549	WP_042434561.1	WP_129424350.1
OG0000550	WP_202898102.1	WP_201738707.1
OG0000551	WP_042436851.1	WP_161566608.1
OG0000552	WP_042432212.1	WP_129423462.1
OG0000553	WP_042434651.1	WP_129424295.1
OG0000554	WP_042436846.1	WP_129423888.1
OG0000555	WP_042432714.1	WP_129423268.1
OG0000556	WP_042432717.1	WP_129423265.1
OG0000557	WP_042432720.1	WP_129423262.1
OG0000558	WP_081468879.1	WP_129423264.1
OG0000559	WP_042432170.1	WP_129423432.1
OG0000560	WP_042434799.1	WP_129424140.1
OG0000561	WP_042432394.1	WP_129423631.1
OG0000562	WP_042434797.1	WP_129424142.1
OG0000563	WP_042434794.1	WP_129424144.1
OG0000565	WP_042433830.1	WP_129423010.1
OG0000566	WP_042436885.1	WP_129423854.1
OG0000567	WP_238318291.1	WP_129425455.1
OG0000568	WP_042436536.1	WP_129425267.1
OG0000569	WP_042436534.1	WP_129425265.1
OG0000570	WP_162096591.1	WP_129423588.1
OG0000572	WP_042432706.1	WP_129423272.1
OG0000573	WP_042432568.1	WP_129423343.1
OG0000574	WP_042437060.1	WP_129425069.1
OG0000575	WP_042436573.1	WP_129425598.1
OG0000576	WP_042434748.1	WP_129424180.1
OG0000577	WP_042435702.1	WP_129424642.1
OG0000578	WP_042434362.1	WP_129422811.1
OG0000579	WP_042435383.1	WP_129425464.1
OG0000580	WP_042432144.1	WP_129423421.1
OG0000580	WP_042434925.1	WP_129424032.1
OG0000581	WP_042433019.1	WP_129424715.1, WP_201738718.1
OG0000582	WP_042432919.1	WP_129423186.1
OG0000583	WP_042432323.1	WP_129423547.1
OG0000584	WP_042432586.1	WP_129423334.1
OG0000585	WP_042433916.1	WP_129422982.1
OG0000586	WP_042436853.1	WP_236648258.1
OG0000587	WP_081468934.1	WP_129422838.1
OG0000589	WP_238318323.1	WP_161566692.1
OG0000590	WP_042436087.1	WP_129425459.1
OG0000591	WP_148514786.1	WP_161566585.1
OG0000592	WP_042432949.1	WP_129423173.1
OG0000593	WP_042432482.1	WP_129423377.1
OG0000594	WP_042436856.1	WP_129423878.1
OG0000595	WP_042432822.1	WP_129423220.1
OG0000596	WP_042437056.1	WP_236648284.1
OG0000597	WP_042435874.1	WP_129424823.1
OG0000598	WP_042436024.1	WP_129424919.1
OG0000599	WP_042433814.1	WP_129423018.1
OG0000601	WP_238318276.1	WP_129424234.1
OG0000602	WP_042433936.1	WP_129422972.1
OG0000603	WP_042436495.1	WP_129425762.1
OG0000604	WP_162096575.1	WP_161566651.1
OG0000605	WP_042436052.1	WP_129425023.1
OG0000606	WP_042434938.1	WP_129424022.1
OG0000607	WP_042434943.1	WP_129424015.1
OG0000608	WP_042434941.1	WP_129424020.1
OG0000609	WP_042434623.1	WP_129425149.1
OG0000610	WP_042434594.1	WP_129424307.1
OG0000611	WP_042434592.1	WP_129424309.1
OG0000612	WP_081468944.1	WP_236648273.1
OG0000613	WP_238318262.1	WP_236648226.1
OG0000614	WP_042434290.1	WP_129422840.1
OG0000615	WP_042434481.1	WP_129424408.1
OG0000616	WP_042434477.1	WP_129424411.1
OG0000617	WP_042434474.1	WP_129424413.1
OG0000618	WP_042433964.1	WP_129422960.1
OG0000619	WP_042433969.1	WP_129422958.1
OG0000620	WP_202898174.1	WP_129423866.1
OG0000621	WP_042436984.1	WP_129423868.1
OG0000622	WP_042434099.1	WP_129422917.1
OG0000623	WP_042434110.1	WP_129422913.1
OG0000624	WP_042434113.1	WP_129422912.1
OG0000625	WP_162096557.1	WP_201738582.1
OG0000626	WP_042434116.1	WP_129422911.1
OG0000627	WP_042434130.1	WP_201738581.1
OG0000628	WP_042434133.1	WP_129422906.1
OG0000629	WP_042435134.1	WP_129422904.1
OG0000630	WP_222859219.1	WP_129422902.1
OG0000631	WP_042434152.1	WP_129422896.1
OG0000632	WP_052297799.1	WP_201738580.1
OG0000633	WP_238318274.1	WP_129426204.1
OG0000634	WP_042436002.1	WP_129424903.1
OG0000635	WP_042436005.1	WP_129424905.1
OG0000636	WP_042436021.1	WP_129424917.1
OG0000637	WP_042436032.1	WP_129424936.1
OG0000638	WP_202898084.1	WP_201738583.1
OG0000639	WP_042434017.1	WP_129422938.1
OG0000640	WP_042433782.1	WP_129423037.1
OG0000641	WP_042433795.1	WP_129423026.1
OG0000642	WP_042433247.1	WP_129423091.1
OG0000643	WP_081468902.1	WP_129423045.1
OG0000644	WP_042434886.1	WP_129424066.1
OG0000645	WP_042434919.1	WP_129424036.1
OG0000646	WP_187364749.1	WP_129424018.1
OG0000647	WP_042434960.1	WP_201738692.1
OG0000648	WP_042434655.1	WP_129424289.1
OG0000649	WP_042434509.1	WP_129424388.1
OG0000650	WP_042434511.1	WP_129424386.1
OG0000651	WP_042434521.1	WP_129424378.1
OG0000652	WP_042434530.1	WP_129424372.1
OG0000653	WP_042434533.1	WP_129424370.1
OG0000654	WP_042434536.1	WP_129424368.1
OG0000655	WP_042434012.1	WP_129422940.1
OG0000656	WP_052297807.1	WP_129422808.1
OG0000657	WP_042434378.1	WP_129422805.1
OG0000658	WP_042435194.1	WP_129422802.1
OG0000659	WP_042436913.1	WP_129423824.1
OG0000660	WP_042435664.1	WP_129424610.1
OG0000661	WP_042433957.1	WP_129422962.1
OG0000662	WP_042434365.1	WP_129422810.1
OG0000663	WP_238318267.1	WP_236648223.1
OG0000664	WP_202898082.1	WP_201738586.1
OG0000665	WP_042432776.1	WP_236648240.1
OG0000666	WP_042436817.1	WP_129423912.1
OG0000667	WP_042436818.1	WP_129423910.1
OG0000668	WP_042433838.1	WP_129423008.1
OG0000669	WP_042432990.1	WP_129423153.1
OG0000670	WP_042432672.1	WP_129423295.1
OG0000671	WP_042433337.1	WP_129423053.1
OG0000672	WP_042433315.1	WP_129423063.1
OG0000673	WP_042433299.1	WP_129423070.1
OG0000674	WP_202898029.1	WP_129423393.1
OG0000675	WP_042434002.1	WP_129422946.1
OG0000676	WP_042433990.1	WP_236648224.1
OG0000677	WP_042433985.1	WP_129422952.1
OG0000678	WP_202898176.1	WP_201738681.1
OG0000679	WP_042436890.1	WP_129423852.1
OG0000680	WP_042434042.1	WP_129422936.1
OG0000681	WP_042434216.1	WP_129422869.1
OG0000682	WP_052297913.1	WP_129425770.1
OG0000683	WP_042432703.1	WP_129423273.1
OG0000684	WP_238318320.1	WP_129425772.1
OG0000685	WP_162096589.1	WP_129425774.1
OG0000686	WP_042432346.1	WP_129423568.1
OG0000687	WP_042436081.1	WP_129425125.1
OG0000689	WP_042432932.1	WP_129423180.1
OG0000690	WP_052297866.1	WP_161566647.1
OG0000690	WP_052297731.1	WP_161566599.1
OG0000691	WP_042432681.1	WP_129423294.1
OG0000692	WP_042433002.1	WP_129424783.1, WP_201738723.1
OG0000694	WP_148514756.1	WP_201738575.1
OG0000695	WP_081468889.1	WP_129423166.1
OG0000696	WP_042435862.1	WP_129425100.1
OG0000697	WP_042436943.1	WP_129423802.1
OG0000699	WP_042436615.1	WP_129425502.1
OG0000700	WP_042435068.1	WP_129423926.1
OG0000701	WP_052297932.1	WP_129425491.1
OG0000702	WP_052297727.1	WP_129425202.1
OG0000703	WP_042433036.1	WP_129423141.1
OG0000704	WP_081469040.1	WP_201738615.1
OG0000704	WP_042434446.1	WP_129424461.1
OG0000705	WP_042432124.1	WP_129423408.1
OG0000706	WP_042434675.1	WP_129424238.1
OG0000707	WP_042434696.1	WP_129424218.1
OG0000708	WP_042433234.1	WP_129423092.1
OG0000709	WP_202898169.1	WP_129425542.1
OG0000710	WP_052297815.1	WP_129424121.1
OG0000711	WP_042436972.1	WP_129423779.1
OG0000712	WP_042434009.1	WP_129422942.1
OG0000713	WP_042432844.1	WP_129423213.1
OG0000714	WP_181859444.1	WP_201738686.1
OG0000715	WP_042435842.1	WP_129424781.1
OG0000716	WP_042433805.1	WP_129423022.1
OG0000717	WP_162096548.1	WP_161566601.1
OG0000718	WP_081468906.1	WP_201738661.1
OG0000719	WP_042435948.1	WP_129424811.1
OG0000720	WP_042435979.1	WP_129424871.1
OG0000721	WP_042436175.1	WP_129424622.1
OG0000722	WP_081468866.1	WP_129423394.1
OG0000723	WP_042432521.1	WP_129423354.1
OG0000724	WP_118350840.1	WP_129423356.1
OG0000725	WP_202898033.1	WP_201738639.1
OG0000726	WP_042434154.1	WP_129422895.1
OG0000727	WP_042436555.1	WP_129425291.1
OG0000728	WP_202898023.1	WP_201738660.1
OG0000729	WP_238318235.1	WP_129423539.1
OG0000730	WP_042432308.1	WP_129423537.1
OG0000731	WP_042432299.1	WP_129423531.1
OG0000732	WP_042432404.1	WP_129423637.1
OG0000733	WP_187364753.1	WP_201738624.1
OG0000734	WP_202898081.1	WP_201738588.1
OG0000735	WP_042434096.1	WP_129422919.1
OG0000736	WP_042435114.1	WP_129422950.1
OG0000737	WP_148514768.1	WP_129424152.1
OG0000738	WP_162096550.1	WP_161566603.1
OG0000739	WP_042436057.1	WP_129425003.1, WP_129425017.1
OG0000740	WP_042432616.1	WP_129423324.1
OG0000741	WP_042432555.1	WP_129423347.1
OG0000742	WP_202898080.1	WP_201738590.1
OG0000743	WP_081468954.1	WP_129424003.1
OG0000744	WP_155815086.1	WP_161566571.1
OG0000745	WP_202898036.1	WP_201738630.1
OG0000746	WP_052297813.1	WP_129424291.1
OG0000747	WP_081469019.1	WP_129424855.1
OG0000748	WP_042434496.1	WP_129424398.1
OG0000749	WP_042432889.1	WP_129423194.1
OG0000750	WP_042434539.1	WP_129424366.1
OG0000751	WP_042435677.1	WP_129424618.1
OG0000752	WP_042434243.1	WP_129422862.1
OG0000753	WP_081469077.1	WP_129423785.1
OG0000754	WP_042435712.1	WP_129424652.1
OG0000755	WP_042436848.1	WP_129423886.1
OG0000756	WP_042434819.1	WP_129424128.1
OG0000757	WP_042434150.1	WP_129422898.1
OG0000758	WP_042432423.1	WP_129423652.1
OG0000759	WP_081468867.1	WP_201738646.1
OG0000760	WP_081468858.1	WP_236648250.1
OG0000761	WP_042433433.1	WP_129423520.1
OG0000762	WP_042432500.1	WP_129423371.1
OG0000763	WP_042432084.1	WP_129423709.1
OG0000764	WP_081469051.1	WP_129425760.1
OG0000765	WP_042433847.1	WP_129423005.1
OG0000766	WP_238318283.1	WP_201738593.1
OG0000767	WP_042436013.1	WP_129424911.1
OG0000768	WP_042434883.1	WP_129424068.1
OG0000769	WP_042434173.1	WP_129422886.1
OG0000770	WP_042434950.1	WP_129424009.1
OG0000771	WP_042434621.1	WP_129425147.1
OG0000772	WP_238318331.1	WP_236648286.1
OG0000773	WP_238318277.1	WP_201738697.1
OG0000774	WP_081468930.1	WP_236648219.1
OG0000775	WP_042434167.1	WP_129422889.1
OG0000776	WP_042436267.1	WP_129425007.1
OG0000777	WP_042433343.1	WP_129423051.1
OG0000778	WP_081468900.1	WP_129423056.1
OG0000779	WP_202898089.1	WP_201738576.1
OG0000780	WP_042434869.1	WP_129424078.1
OG0000781	WP_042436871.1	WP_236648257.1
OG0000782	WP_042436000.1	WP_129424901.1
OG0000783	WP_042434272.1	WP_129422847.1
OG0000784	WP_042434369.1	WP_129422809.1
OG0000785	WP_052297823.1	WP_201738589.1
OG0000786	WP_042433042.1, WP_042432767.1	WP_129423240.1
OG0000787	WP_042435256.1	WP_129425153.1
OG0000788	WP_042435889.1	WP_129424839.1
OG0000789	WP_202898053.1	WP_129423071.1
OG0000790	WP_042433358.1	WP_129423046.1
OG0000791	WP_042435330.1	WP_236648330.1
OG0000792	WP_042433284.1	WP_129423079.1
OG0000793	WP_202898106.1	WP_201738704.1
OG0000794	WP_042434742.1	WP_129424184.1
OG0000795	WP_042436500.1	WP_129425670.1
OG0000796	WP_042432305.1	WP_129423535.1
OG0000797	WP_081468855.1	WP_129423523.1
OG0000798	WP_042435699.1	WP_129424640.1
OG0000799	WP_202898021.1	WP_201738652.1
OG0000800	WP_042431902.1	WP_236648302.1
OG0000801	WP_042432770.1	WP_129424537.1, WP_129423238.1
OG0000802	WP_081468977.1	WP_236648304.1
OG0000803	WP_202898144.1	WP_201738760.1
OG0000804	WP_148514758.1	WP_201738711.1
OG0000805	WP_042436863.1	WP_129423870.1
OG0000806	WP_042435441.1	WP_161566708.1, WP_129425640.1
OG0000807	WP_202898159.1	WP_129424650.1
OG0000808	WP_042433799.1	WP_129423024.1
OG0000809	WP_042432628.1	WP_129423318.1
OG0000810	WP_238318255.1	WP_236648324.1
OG0000811	WP_042433091.1, WP_042433139.1	WP_129423128.1
OG0000812	WP_042435011.1	WP_129423975.1
OG0000813	WP_238318325.1	WP_129423416.1
OG0000814	WP_042435393.1	WP_129425453.1
OG0000815	WP_042433824.1	WP_129423012.1
OG0000816	WP_042435579.1, WP_042435771.1	WP_129425784.1, WP_129423693.1
OG0000819	WP_042436180.1	WP_201738735.1
OG0000820	WP_042432178.1	WP_129423436.1
OG0000820	WP_042432090.1	WP_129423703.1
OG0000821	WP_042432053.1	WP_129423735.1
OG0000821	WP_042432056.1	WP_129424248.1, WP_129423733.1
OG0000822	WP_042432504.1	WP_129425576.1, WP_129424222.1, WP_129425222.1, WP_129423369.1
OG0000824	WP_081468931.1	WP_129422859.1
OG0000824	WP_042435952.1, WP_042434230.1	WP_129422866.1
OG0000825	WP_042435235.1	WP_201738837.1
OG0000825	WP_238318241.1	WP_129425568.1, WP_129423315.1
OG0000826	WP_042435572.1	WP_129423105.1, WP_129423104.1, WP_129423699.1, WP_129425792.1
OG0000827	WP_187364766.1, WP_052297784.1, WP_202898161.1, WP_052297922.1	WP_201738789.1
OG0000828	WP_042434871.1	WP_129424076.1
OG0000832	WP_042434261.1	WP_129422853.1
OG0000833	WP_042432748.1	WP_129423250.1
OG0000834	WP_042435696.1	WP_129424638.1
OG0000835	WP_042434456.1	WP_129424442.1
OG0000840	WP_042435868.1	WP_129424819.1
OG0000841	WP_238318236.1	WP_129423563.1
OG0000842	WP_042437044.1	WP_129425176.1
OG0000844	WP_042436011.1	WP_129424909.1
OG0000848	WP_052297874.1	WP_129424931.1
OG0000851	WP_042434089.1	WP_236648317.1
OG0000853	WP_052297834.1	WP_129422794.1, WP_118449093.1
OG0000854	WP_042436043.1	WP_129424959.1
OG0000857	WP_042435695.1	WP_129424636.1
OG0000862	WP_052297775.1	WP_129424717.1, WP_129424575.1
OG0000863	WP_052297774.1	WP_201738731.1, WP_161566630.1
OG0000864	WP_202898104.1	WP_129424332.1
OG0000865	WP_042436551.1	WP_129425287.1
OG0000870	WP_081469026.1	WP_161566654.1
OG0000871	WP_202898113.1	WP_129424084.1
OG0000874	WP_042433222.1	WP_129423098.1
OG0000875	WP_042435630.1	WP_129425196.1
OG0000876	WP_081469021.1	WP_129424921.1
OG0000877	WP_081468921.1	WP_236648229.1
OG0000879	WP_042434836.1	WP_129424108.1
OG0000882	WP_042435917.1	WP_236648277.1
OG0000884	WP_042436027.1	WP_129424925.1
OG0000885	WP_042433977.1	WP_129422955.1
OG0000887	WP_042434093.1	WP_129422920.1
OG0000888	WP_042432539.1	WP_129423352.1
OG0000889	WP_081469022.1	WP_129424923.1
OG0000891	WP_042435687.1	WP_129424630.1
OG0000892	WP_042435693.1	WP_129424634.1
OG0000894	WP_081468945.1	WP_129424293.1
OG0000896	WP_052297779.1	WP_101677769.1
OG0000897	WP_042433142.1	WP_129423116.1, WP_101677789.1
OG0000902	WP_202898163.1	WP_201738783.1
OG0000904	WP_042432187.1	WP_129423442.1
OG0000906	WP_052297861.1	WP_161566649.1
OG0000907	WP_042434574.1	WP_129424334.1
OG0000908	WP_042432552.1	WP_129423348.1
OG0000912	WP_238318263.1	WP_129422985.1
OG0000913	WP_042433954.1	WP_129422963.1
OG0000914	WP_042434072.1	WP_129425403.1, WP_236648222.1
OG0000915	WP_042432764.1	WP_129423241.1
OG0000916	WP_042435639.1	WP_129425188.1
OG0000917	WP_042435637.1	WP_129425190.1
OG0000919	WP_042435658.1	WP_129425082.1
OG0000920	WP_042434305.1	WP_129422830.1
OG0000921	WP_042432075.1	WP_129423717.1
OG0000925	WP_042436504.1	WP_129425664.1
OG0000928	WP_042432993.1	WP_129425832.1
OG0000930	WP_042435416.1	WP_129425810.1
OG0000931	WP_042435418.1	WP_129425812.1
OG0000932	WP_042433118.1	WP_129423132.1, WP_129423125.1
OG0000933	WP_042433120.1	WP_129423131.1, WP_201738606.1
OG0000935	WP_042434912.1	WP_129424040.1
OG0000936	WP_042433902.1	WP_129422988.1
OG0000937	WP_042432662.1	WP_129423302.1
OG0000941	WP_052297780.1	WP_129423146.1
OG0000942	WP_042436803.1	WP_129425489.1
OG0000944	WP_042434897.1	WP_129424056.1
OG0000945	WP_052297735.1	WP_129423437.1
OG0000946	WP_042432133.1	WP_129423413.1
OG0000948	WP_042434268.1	WP_161566573.1, WP_129422848.1
OG0000953	WP_042434906.1	WP_129424048.1
OG0000954	WP_238318248.1	WP_129424938.1
OG0000955	WP_238318259.1	WP_201738730.1, WP_161566629.1
OG0000956	WP_042436563.1	WP_201738631.1, WP_236648251.1
OG0000958	WP_042434555.1	WP_129424356.1
OG0000959	WP_042435720.1	WP_201738727.1
OG0000960	WP_042435594.1	WP_236648280.1
OG0000961	WP_238318309.1	WP_236648292.1
OG0000963	WP_042435977.1	WP_129424867.1
OG0000964	WP_042432773.1	WP_129423237.1
OG0000965	WP_042432877.1	WP_129423197.1
OG0000966	WP_042435421.1	WP_129425273.1, WP_129425608.1
OG0000967	WP_042433827.1	WP_129423011.1
OG0000968	WP_202898092.1	WP_129422813.1
OG0000969	WP_042434928.1	WP_129424029.1
OG0000970	WP_042435377.1	WP_201738777.1
OG0000971	WP_042433811.1	WP_129423019.1
OG0000972	WP_052297764.1	WP_129423279.1
OG0000975	WP_052297919.1	WP_161566675.1
OG0000976	WP_042433942.1	WP_129422968.1
OG0000977	WP_042435904.1	WP_129424804.1
OG0000978	WP_042435386.1	WP_129425463.1
OG0000979	WP_052297908.1	WP_161566619.1, WP_129423144.1
OG0000982	WP_042435763.1	WP_236648312.1, WP_129423691.1
OG0000983	WP_042432709.1	WP_129423271.1
OG0000984	WP_042432700.1	WP_129423282.1
OG0000985	WP_238318307.1, WP_042435944.1	WP_129425115.1
OG0000986	WP_042432942.1, WP_052297747.1	WP_129423625.1
OG0000987	WP_042435547.1	WP_129425033.1
OG0000988	WP_042435398.1	WP_236648303.1, WP_129425447.1
OG0000989	WP_202898147.1	WP_161566658.1
OG0000990	WP_148514817.1, WP_081468952.1	WP_129424058.1
OG0000991	WP_042435603.1	WP_129423032.1, WP_129425218.1
OG0000992	WP_162096572.1	WP_129425644.1, WP_269089558.1
OG0000995	WP_238318251.1, WP_042433067.1	WP_129425096.1
OG0000996	WP_042433063.1, WP_042433098.1	WP_129425084.1
OG0000997	WP_042436046.1	WP_129424966.1, WP_129425005.1
OG0000998	WP_042433101.1	WP_129424817.1, WP_129424889.1
OG0000999	WP_042432235.1	WP_129423479.1
OG0000999	WP_042432791.1	WP_129423234.1
OG0001000	WP_042432355.1	WP_129423580.1
OG0001000	WP_042436441.1	WP_129424506.1
OG0001002	WP_042432420.1	WP_161566605.1
OG0001002	WP_042433939.1	WP_129422971.1
OG0001003	WP_042434085.1	WP_129422923.1
OG0001003	WP_042434087.1	WP_161566569.1
OG0001004	WP_042435649.1	WP_129425846.1
OG0001004	WP_042434320.1	WP_129422824.1
OG0001005	WP_042435646.1	WP_129425848.1
OG0001005	WP_042434324.1	WP_129422823.1
OG0001006	WP_042436297.1, WP_042434418.1	WP_129425572.1, WP_129424490.1
OG0001007	WP_042435613.1	WP_129423382.1, WP_161566574.1, WP_161566670.1
OG0001008	WP_052297803.1	WP_129422825.1
OG0001008	WP_042435652.1	WP_129425844.1
OG0001009	WP_148514787.1	WP_129423167.1
OG0001009	WP_042436941.1	WP_129423804.1
OG0001010	WP_042436993.1	WP_129423832.1
OG0001010	WP_162096549.1	WP_269089563.1
OG0001011	WP_042437038.1	WP_129424709.1
OG0001011	WP_081468846.1	WP_129423402.1
OG0001012	WP_052297728.1	WP_129423773.1
OG0001012	WP_162096567.1	WP_161566645.1
OG0001013	WP_052297847.1	WP_161566671.1, WP_129424255.1, WP_129423139.1
OG0001014	WP_081469061.1	WP_161566665.1, WP_129424531.1, WP_161566694.1
OG0001015	WP_148514800.1	WP_118351051.1, WP_129423029.1, WP_129425213.1
OG0001016	WP_202898170.1	WP_129426035.1, WP_236648259.1, WP_129423360.1
OG0001020	WP_042435666.1	WP_129424612.1
OG0001028	WP_042434458.1	WP_129424440.1
OG0001032	WP_042432833.1	WP_129423217.1
OG0001037	WP_042432998.1	WP_129425834.1
OG0001038	WP_042432745.1	WP_129423251.1
OG0001053	WP_042435020.1	WP_129423961.1
OG0001058	WP_042432068.1	WP_129423723.1
OG0001061	WP_042433896.1	WP_201738591.1
OG0001071	WP_042436916.1	WP_129423822.1
OG0001072	WP_042435715.1	WP_129424654.1
OG0001078	WP_042432364.1	WP_129423586.1
OG0001086	WP_052297811.1	WP_161566622.1
OG0001088	WP_042436825.1	WP_129423904.1
OG0001091	WP_081469004.1	WP_129424795.1
OG0001092	WP_042435985.1	WP_129424875.1
OG0001093	WP_202898078.1	WP_129422993.1
OG0001094	WP_042436822.1	WP_269089565.1
OG0001099	WP_042432814.1	WP_129423223.1
OG0001101	WP_042433129.1	WP_106629377.1
OG0001104	WP_042432983.1	WP_129423165.1
OG0001105	WP_052297787.1	WP_201738596.1
OG0001110	WP_042432527.1	WP_129425182.1
OG0001112	WP_042433021.1	WP_161566636.1
OG0001116	WP_081468933.1	WP_129422854.1
OG0001117	WP_042434258.1	WP_129422855.1
OG0001118	WP_042434255.1	WP_129422856.1
OG0001119	WP_081468994.1	WP_236648295.1
OG0001123	WP_042436828.1	WP_129423900.1
OG0001127	WP_202898035.1	WP_201738632.1
OG0001131	WP_081468901.1	WP_129423048.1
OG0001132	WP_042433355.1	WP_129423047.1
OG0001135	WP_042436970.1	WP_129423781.1
OG0001137	WP_042435621.1	WP_129425079.1
OG0001138	WP_042432029.1	WP_129423757.1
OG0001139	WP_081469073.1	WP_129423902.1
OG0001141	WP_042434450.1	WP_129424452.1
OG0001144	WP_042435975.1	WP_236648290.1
OG0001145	WP_052297778.1	WP_075844146.1
OG0001148	WP_042432736.1	WP_129423255.1
OG0001151	WP_042434907.1	WP_129424046.1
OG0001153	WP_042432127.1	WP_129423410.1
OG0001154	WP_042435708.1	WP_129424648.1
OG0001155	WP_042434628.1	WP_129425157.1
OG0001162	WP_042435819.1	WP_129424421.1
OG0001163	WP_042435811.1	WP_129424415.1
OG0001164	WP_042435827.1	WP_129424777.1
OG0001165	WP_042435825.1	WP_129424775.1
OG0001166	WP_042435814.1	WP_129424417.1
OG0001167	WP_042432026.1	WP_129423759.1
OG0001168	WP_042432070.1	WP_129423721.1
OG0001176	WP_148514749.1	WP_129423041.1
OG0001177	WP_042433762.1	WP_129423042.1
OG0001182	WP_042432476.1	WP_129423386.1
OG0001183	WP_042433888.1	WP_236648225.1
OG0001184	WP_042432610.1	WP_129423326.1
OG0001186	WP_042432042.1	WP_129423745.1
OG0001187	WP_081468877.1	WP_129423288.1
OG0001188	WP_042432690.1	WP_129423287.1
OG0001190	WP_052297915.1	WP_129425654.1
OG0001192	WP_042433899.1	WP_129422989.1
OG0001194	WP_042434283.1	WP_129422843.1
OG0001200	WP_042435569.1	WP_129424849.1
OG0001203	WP_042435706.1	WP_161566632.1
OG0001215	WP_042432489.1	WP_236648245.1
OG0001217	WP_042434047.1	WP_129422934.1
OG0001218	WP_042432435.1	WP_129423662.1
OG0001219	WP_081469058.1	WP_129425558.1
OG0001220	WP_042434060.1	WP_129422931.1
OG0001225	WP_042434164.1	WP_129422891.1
OG0001228	WP_042432739.1	WP_161566588.1
OG0001229	WP_202898039.1	WP_129423252.1
OG0001230	WP_042432742.1	WP_129423253.1
OG0001235	WP_042432130.1	WP_129423411.1
OG0001237	WP_042434739.1	WP_129424188.1
OG0001238	WP_042434733.1	WP_129424192.1
OG0001239	WP_081469023.1	WP_201738740.1
OG0001240	WP_042435804.1	WP_236648287.1
OG0001241	WP_042433210.1	WP_075843486.1
OG0001244	WP_042433053.1	WP_129424729.1
OG0001245	WP_052297773.1	WP_129425840.1
OG0001247	WP_042435424.1	WP_129425610.1
OG0001254	WP_042434908.1	WP_129424044.1
OG0001255	WP_052297745.1	WP_129426071.1
OG0001256	WP_042436844.1	WP_129423890.1
OG0001262	WP_042434005.1	WP_129422943.1
OG0001263	WP_042434549.1	WP_129424360.1
OG0001264	WP_042432817.1	WP_129423222.1
OG0001265	WP_042432811.1	WP_129423224.1
OG0001266	WP_042432809.1	WP_129423225.1
OG0001267	WP_042432807.1	WP_129423226.1
OG0001268	WP_238318245.1	WP_129423228.1
OG0001269	WP_238318244.1	WP_129423229.1
OG0001275	WP_042432078.1	WP_129423715.1
OG0001283	WP_042432481.1	WP_129423378.1
OG0001285	WP_042433010.1	WP_129424711.1
OG0001286	WP_042435822.1	WP_129424423.1
OG0001287	WP_042434313.1	WP_236648218.1
OG0001293	WP_042434775.1	WP_129424158.1
OG0001297	WP_042432806.1	WP_129423227.1
OG0001300	WP_042434049.1	WP_129422933.1
OG0001301	WP_042434067.1	WP_129422929.1
OG0001302	WP_042434162.1	WP_129422892.1
OG0001304	WP_042432353.1	WP_129423578.1
OG0001307	WP_042434736.1	WP_129424190.1
OG0001309	WP_081468941.1	WP_129424438.1
OG0001318	WP_042431913.1	WP_129425920.1
OG0001320	WP_042432066.1	WP_129423725.1
OG0001321	WP_042432836.1	WP_129423216.1
OG0001322	WP_202898109.1	WP_129424210.1
OG0001323	WP_042433893.1	WP_129422991.1
OG0001324	WP_081468923.1	WP_129422990.1
OG0001329	WP_042435003.1	WP_129423981.1
OG0001330	WP_042432429.1	WP_129423658.1
OG0001331	WP_052297750.1	WP_129423656.1
OG0001332	WP_042432426.1	WP_129423654.1
OG0001333	WP_042435017.1	WP_129423971.1
OG0001334	WP_042435009.1	WP_129423977.1
OG0001335	WP_042435070.1	WP_236648329.1
OG0001337	WP_042435394.1	WP_129425451.1
OG0001341	WP_162096566.1	WP_129424785.1
OG0001342	WP_042435582.1	WP_129424877.1
OG0001343	WP_238318238.1	WP_236648246.1
OG0001344	WP_042433907.1	WP_129422986.1
OG0001345	WP_042433048.1	WP_129423138.1
OG0001347	WP_162096568.1	WP_129425061.1
OG0001348	WP_042432432.1	WP_042432432.1
OG0001349	WP_042435014.1	WP_129423973.1
OG0001350	WP_042435006.1	WP_129423979.1
OG0001351	WP_042434757.1	WP_129424172.1
OG0001353	WP_042433817.1	WP_201738595.1
OG0001354	WP_081468852.1	WP_129423428.1
OG0001355	WP_042432102.1	WP_129425798.1
OG0001356	WP_172596416.1	WP_172596416.1
OG0001357	WP_042436473.1	WP_042436473.1
OG0001358	WP_042432507.1	WP_161566595.1
OG0001359	WP_042433244.1	WP_269089544.1
OG0001360	WP_042435858.1	WP_129425113.1
OG0001363	WP_042435554.1	WP_129425650.1
OG0001364	WP_042436559.1	WP_129425295.1
OG0001366	WP_081468884.1	WP_129423205.1
OG0001367	WP_202898162.1	WP_201738784.1
OG0001368	WP_052297889.1	WP_129425090.1
OG0001369	WP_015540326.1	WP_129423102.1, WP_129423686.1
OG0001370	WP_042434393.1, WP_042431930.1	WP_129424504.1
OG0001371	WP_042436514.1, WP_042431973.1	WP_129425648.1
OG0001372	WP_042432061.1	WP_129423729.1, WP_129424253.1
OG0001373	WP_042432152.1, WP_042436457.1	WP_129423423.1
OG0001374	WP_042432228.1, WP_042434036.1	WP_129423473.1
OG0001375	WP_042432589.1	WP_129423333.1, WP_129424285.1
OG0001376	WP_042432597.1	WP_129424275.1, WP_129423330.1
OG0001377	WP_042433016.1	WP_129424713.1, WP_129424569.1
OG0001378	WP_042433160.1	WP_129425359.1, WP_129423112.1
OG0001379	WP_042433191.1	WP_117205493.1, WP_129423684.1
OG0001380	WP_162096587.1, WP_042433197.1	WP_101677773.1
OG0001381	WP_042433200.1, WP_042436430.1	WP_075279298.1
OG0001382	WP_042436438.1, WP_042433216.1	WP_101677768.1
OG0001383	WP_042433287.1	WP_129423078.1, WP_129424267.1
OG0001384	WP_042433793.1	WP_129423033.1, WP_129423035.1
OG0001385	WP_042433809.1	WP_129423021.1, WP_129424348.1
OG0001386	WP_042433820.1, WP_042435463.1	WP_129423016.1
OG0001387	WP_042434384.1, WP_042436450.1	WP_129422798.1
OG0001388	WP_042435852.1, WP_042434426.1	WP_129424480.1
OG0001389	WP_042435587.1, WP_042434466.1	WP_129424430.1
OG0001390	WP_042434839.1, WP_042436350.1	WP_129424106.1
OG0001391	WP_042436340.1, WP_042434847.1	WP_129424096.1
OG0001392	WP_238318316.1, WP_042434891.1	WP_129424062.1
OG0001393	WP_042435404.1, WP_042435908.1	WP_129423828.1
OG0001394	WP_042435563.1	WP_129425874.1, WP_236648293.1
OG0001395	WP_222859232.1, WP_042435933.1	WP_236648255.1
OG0001396	WP_052297819.1, WP_042436342.1	WP_161566613.1
OG0001397	WP_202898142.1, WP_042436506.1	WP_201738786.1
OG0001398	WP_042436592.1	WP_129423846.1, WP_129425524.1
OG0001399	WP_042436599.1	WP_129423418.1, WP_129423359.1
OG0001400	WP_052297738.1	WP_201738656.1, WP_161566620.1
OG0001401	WP_052297844.1, WP_081469011.1	WP_269089567.1
OG0001402	WP_052297878.1, WP_148514783.1	WP_161566592.1
OG0001403	WP_052297927.1	WP_201738757.1, WP_129425522.1
OG0001404	WP_202898095.1, WP_052297934.1	WP_129425584.1
OG0001405	WP_081468860.1	WP_129423607.1, WP_129424273.1
OG0001406	WP_081468948.1, WP_162096582.1	WP_129424104.1
OG0001407	WP_162096555.1	WP_161566643.1, WP_129425546.1
OG0001408	WP_202898025.1	WP_129423609.1, WP_129424271.1
OG0001409	WP_202898093.1	WP_201738573.1, WP_129425375.1
OG0001410	WP_238318239.1	WP_129425616.1, WP_236648242.1
OG0001411	WP_238318250.1	WP_129425107.1, WP_129425600.1
OG0001412	WP_238318324.1	WP_129425658.1, WP_236648254.1
OG0001634	WP_006234636.1	WP_006234636.1
OG0001635	WP_042432031.1	WP_129423755.1
OG0001636	WP_042432051.1	WP_129423737.1
OG0001637	WP_042432058.1	WP_129423731.1
OG0001638	WP_042432063.1	WP_129423727.1
OG0001639	WP_042432073.1	WP_129423719.1
OG0001640	WP_042432081.1	WP_129423711.1
OG0001641	WP_042432086.1	WP_129423707.1
OG0001642	WP_042432088.1	WP_129423705.1
OG0001643	WP_042432113.1	WP_161566598.1
OG0001644	WP_042432115.1	WP_129423406.1
OG0001645	WP_042432138.1	WP_201738649.1
OG0001646	WP_042432140.1	WP_129423419.1
OG0001647	WP_042432142.1	WP_129423420.1
OG0001648	WP_042432147.1	WP_042432147.1
OG0001649	WP_042432161.1	WP_129423426.1
OG0001650	WP_042432167.1	WP_129423430.1
OG0001651	WP_042432182.1	WP_129423439.1
OG0001652	WP_042432190.1	WP_129423444.1
OG0001653	WP_042432193.1	WP_129423446.1
OG0001654	WP_042432215.1	WP_129423464.1
OG0001655	WP_042432218.1	WP_129423466.1
OG0001656	WP_042432226.1	WP_129423471.1
OG0001657	WP_042432244.1	WP_129423487.1
OG0001658	WP_042432265.1	WP_129423497.1
OG0001659	WP_042432268.1	WP_129423499.1
OG0001660	WP_042432269.1	WP_236648249.1
OG0001661	WP_042432277.1	WP_129423505.1
OG0001662	WP_042432314.1	WP_129426065.1
OG0001663	WP_042432320.1	WP_042432320.1
OG0001664	WP_042432329.1	WP_129423553.1
OG0001665	WP_042432337.1	WP_129423559.1
OG0001666	WP_042432339.1	WP_129423561.1
OG0001667	WP_042432351.1	WP_129423574.1
OG0001668	WP_042432361.1	WP_129423582.1
OG0001669	WP_042432367.1	WP_129423601.1
OG0001670	WP_042432369.1	WP_129423603.1
OG0001671	WP_042432381.1	WP_129423615.1
OG0001672	WP_042432397.1	WP_129423633.1
OG0001673	WP_042432410.1	WP_129423642.1
OG0001674	WP_042432438.1	WP_042432438.1
OG0001675	WP_042432441.1	WP_129423664.1
OG0001676	WP_042432443.1	WP_129423668.1
OG0001677	WP_042432448.1	WP_129423399.1
OG0001678	WP_042432452.1	WP_129423398.1
OG0001679	WP_042432455.1	WP_129423397.1
OG0001680	WP_042432470.1	WP_129423388.1
OG0001681	WP_042432487.1	WP_129423374.1
OG0001682	WP_042432502.1	WP_129423370.1
OG0001683	WP_042432513.1	WP_129423365.1
OG0001684	WP_042432544.1	WP_129423351.1
OG0001685	WP_042432613.1	WP_129423325.1
OG0001686	WP_042432631.1	WP_129423317.1
OG0001687	WP_042432640.1	WP_129423312.1
OG0001688	WP_042432642.1	WP_129423311.1
OG0001689	WP_042432645.1	WP_129423310.1
OG0001690	WP_042432647.1	WP_129423308.1
OG0001691	WP_042432650.1	WP_129423307.1
OG0001692	WP_042432658.1	WP_129423304.1
OG0001693	WP_042432726.1	WP_129423259.1
OG0001694	WP_042432729.1	WP_129423257.1
OG0001695	WP_042432755.1	WP_129423247.1
OG0001696	WP_042432757.1	WP_129423243.1
OG0001697	WP_042432761.1	WP_129423242.1
OG0001698	WP_042432779.1	WP_129425998.1
OG0001699	WP_042432784.1	WP_129423235.1
OG0001700	WP_042432795.1	WP_129423233.1
OG0001701	WP_042432797.1	WP_129423232.1
OG0001702	WP_042432845.1	WP_129423212.1
OG0001703	WP_042432850.1	WP_201738620.1
OG0001704	WP_042432955.1	WP_161566584.1
OG0001705	WP_042432964.1	WP_129423170.1
OG0001706	WP_042433024.1	WP_201738720.1
OG0001707	WP_042433027.1	WP_129424582.1
OG0001708	WP_042433039.1	WP_129425109.1
OG0001709	WP_042433059.1	WP_129424590.1
OG0001711	WP_042433133.1	WP_129423121.1
OG0001712	WP_042433145.1	WP_101677788.1
OG0001713	WP_042433148.1	WP_129423115.1
OG0001714	WP_042433152.1	WP_161566578.1
OG0001715	WP_042433154.1	WP_042433154.1
OG0001716	WP_042433157.1	WP_129423113.1
OG0001717	WP_042433164.1	WP_236648232.1
OG0001718	WP_042433167.1	WP_129423110.1
OG0001719	WP_042433176.1	WP_075279307.1
OG0001720	WP_042433188.1	WP_075279302.1
OG0001721	WP_042433194.1	WP_129423108.1
OG0001722	WP_042433213.1	WP_099432718.1
OG0001723	WP_042433219.1	WP_006681531.1
OG0001724	WP_042433231.1	WP_129423095.1
OG0001725	WP_042433255.1	WP_129423089.1
OG0001726	WP_042433258.1	WP_129423088.1
OG0001727	WP_042433261.1	WP_129423087.1
OG0001728	WP_042433310.1	WP_129423066.1
OG0001729	WP_042433637.1	WP_201738619.1
OG0001730	WP_042433760.1	WP_129423044.1
OG0001731	WP_042433765.1	WP_129423040.1
OG0001732	WP_042433777.1	WP_129423039.1
OG0001733	WP_042433791.1	WP_129423036.1
OG0001734	WP_042433822.1	WP_201738594.1
OG0001735	WP_042433877.1	WP_129422995.1
OG0001736	WP_042433905.1	WP_129422987.1
OG0001737	WP_042433913.1	WP_129422983.1
OG0001738	WP_042433947.1	WP_129422967.1
OG0001739	WP_042433949.1	WP_129422966.1
OG0001740	WP_042433980.1	WP_129422954.1
OG0001741	WP_042433982.1	WP_129422953.1
OG0001742	WP_042434054.1	WP_129422932.1
OG0001743	WP_042434069.1	WP_129422928.1
OG0001744	WP_042434122.1	WP_129422909.1
OG0001745	WP_042434127.1	WP_129422907.1
OG0001746	WP_042434135.1	WP_129422905.1
OG0001747	WP_042434138.1	WP_129422903.1
OG0001748	WP_042434196.1	WP_129422878.1
OG0001749	WP_042434214.1	WP_129422870.1
OG0001750	WP_042434219.1	WP_201738577.1
OG0001751	WP_042434222.1	WP_129422868.1
OG0001752	WP_042434233.1	WP_129422865.1
OG0001753	WP_042434236.1	WP_129422864.1
OG0001754	WP_042434249.1	WP_129422860.1
OG0001755	WP_042434264.1	WP_129422852.1
OG0001756	WP_042434274.1	WP_129422846.1
OG0001757	WP_042434318.1	WP_129422826.1
OG0001758	WP_042434327.1	WP_129422822.1
OG0001759	WP_042434379.1	WP_129422804.1
OG0001760	WP_042434423.1	WP_129424482.1
OG0001761	WP_042434432.1	WP_129424476.1
OG0001762	WP_042434435.1	WP_129424474.1
OG0001763	WP_042434437.1	WP_129424470.1
OG0001764	WP_042434453.1	WP_129424450.1
OG0001765	WP_042434461.1	WP_129424436.1
OG0001766	WP_042434501.1	WP_129424394.1
OG0001767	WP_042434507.1	WP_129424390.1
OG0001768	WP_042434567.1	WP_129424340.1
OG0001769	WP_042434570.1	WP_129424338.1
OG0001770	WP_042434580.1	WP_129424327.1
OG0001771	WP_042434608.1	WP_129425139.1
OG0001772	WP_042434614.1	WP_129425143.1
OG0001773	WP_042434616.1	WP_129425145.1
OG0001774	WP_042434644.1	WP_129424299.1
OG0001775	WP_042434647.1	WP_129424297.1
OG0001776	WP_042434662.1	WP_129426137.1
OG0001777	WP_042434665.1	WP_129424244.1
OG0001778	WP_042434678.1	WP_129424236.1
OG0001779	WP_042434690.1	WP_129424228.1
OG0001780	WP_042434693.1	WP_129424226.1
OG0001781	WP_042434699.1	WP_201738699.1
OG0001782	WP_042434702.1	WP_129424212.1
OG0001783	WP_042434728.1	WP_129424196.1
OG0001784	WP_042434745.1	WP_129424182.1
OG0001785	WP_042434791.1	WP_129424146.1
OG0001786	WP_042434805.1	WP_129424136.1
OG0001787	WP_042434812.1	WP_129424134.1
OG0001788	WP_042434814.1	WP_129424132.1
OG0001789	WP_042434816.1	WP_129424130.1
OG0001790	WP_042434841.1	WP_129424102.1
OG0001791	WP_042434856.1	WP_201738696.1
OG0001792	WP_042434859.1	WP_129424086.1
OG0001793	WP_042434866.1	WP_129424082.1
OG0001794	WP_042434888.1	WP_201738693.1
OG0001795	WP_042434910.1	WP_129424042.1
OG0001796	WP_042434945.1	WP_129424013.1
OG0001797	WP_042434963.1	WP_201738691.1
OG0001798	WP_042434999.1	WP_129423985.1
OG0001799	WP_042435027.1	WP_129423957.1
OG0001800	WP_042435030.1	WP_161566610.1
OG0001801	WP_042435036.1	WP_129423947.1
OG0001802	WP_042435232.1	WP_129423965.1
OG0001803	WP_042435272.1	WP_129424216.1
OG0001804	WP_042435374.1	WP_129425468.1
OG0001805	WP_042435391.1	WP_129425457.1
OG0001806	WP_042435427.1	WP_129425612.1
OG0001807	WP_042435430.1	WP_129425614.1
OG0001808	WP_042435458.1	WP_129425437.1
OG0001809	WP_042435492.1	WP_129425880.1
OG0001810	WP_042435504.1	WP_129425902.1
OG0001811	WP_042435550.1	WP_129425387.1
OG0001814	WP_042435591.1	WP_129425232.1
OG0001815	WP_042435606.1	WP_129425215.1
OG0001816	WP_042435615.1	WP_129425210.1
OG0001817	WP_042435633.1	WP_129425194.1
OG0001818	WP_042435723.1	WP_129424662.1
OG0001819	WP_042435729.1	WP_129424668.1
OG0001820	WP_042435734.1	WP_201738756.1
OG0001821	WP_042435740.1	WP_129426199.1
OG0001822	WP_042435752.1	WP_129424787.1
OG0001823	WP_042435760.1	WP_129424799.1
OG0001824	WP_042435781.1	WP_129424677.1
OG0001825	WP_042435787.1	WP_129424683.1
OG0001826	WP_042435790.1	WP_129424598.1
OG0001827	WP_042435792.1	WP_129424685.1
OG0001828	WP_042435794.1	WP_129424689.1
OG0001829	WP_042435797.1	WP_161566634.1
OG0001830	WP_042435800.1	WP_161566635.1
OG0001831	WP_042435871.1	WP_129424821.1
OG0001832	WP_042435883.1	WP_129424847.1
OG0001833	WP_042435891.1	WP_129424841.1
OG0001834	WP_042435925.1	WP_129424563.1
OG0001835	WP_042435927.1	WP_201738800.1
OG0001836	WP_042435966.1	WP_129424851.1
OG0001837	WP_042435969.1	WP_129424853.1
OG0001838	WP_042435982.1	WP_129424873.1
OG0001839	WP_042436035.1	WP_129424947.1
OG0001841	WP_042436045.1	WP_129424961.1
OG0001842	WP_042436280.1	WP_129424606.1
OG0001843	WP_042436284.1	WP_129425814.1
OG0001845	WP_042436292.1	WP_201738614.1
OG0001846	WP_042436311.1	WP_129423682.1
OG0001850	WP_042436467.1	WP_129425780.1
OG0001851	WP_042436509.1	WP_201738785.1
OG0001852	WP_042436510.1	WP_129425660.1
OG0001853	WP_042436513.1	WP_129425656.1
OG0001854	WP_042436516.1	WP_129425646.1
OG0001855	WP_042436521.1	WP_129425642.1
OG0001856	WP_042436545.1	WP_129425275.1
OG0001857	WP_042436547.1	WP_129425279.1
OG0001858	WP_042436549.1	WP_129425281.1
OG0001859	WP_042436557.1	WP_129425293.1
OG0001860	WP_042436566.1	WP_129423594.1
OG0001861	WP_042436579.1	WP_129425534.1
OG0001862	WP_042436584.1	WP_129425530.1
OG0001863	WP_042436587.1	WP_129425526.1
OG0001864	WP_042436590.1	WP_201738780.1
OG0001865	WP_042436604.1	WP_129423417.1
OG0001866	WP_042436625.1	WP_129425487.1
OG0001867	WP_042436627.1	WP_129425485.1
OG0001868	WP_042436629.1	WP_129425483.1
OG0001869	WP_042436761.1	WP_129423592.1
OG0001870	WP_042436816.1	WP_129423914.1
OG0001871	WP_042436834.1	WP_201738682.1
OG0001872	WP_042436840.1	WP_129423894.1
OG0001873	WP_042436858.1	WP_129423876.1
OG0001874	WP_042436883.1	WP_129423856.1
OG0001875	WP_042436888.1	WP_236648256.1
OG0001876	WP_042436893.1	WP_129423850.1
OG0001877	WP_042436902.1	WP_129423840.1
OG0001878	WP_042436905.1	WP_129423838.1
OG0001879	WP_042436907.1	WP_129423834.1
OG0001880	WP_042436957.1	WP_129423793.1
OG0001881	WP_042436977.1	WP_129423775.1
OG0001882	WP_042436999.1	WP_161566607.1
OG0001883	WP_042437006.1	WP_129423795.1
OG0001884	WP_042437046.1	WP_129425178.1
OG0001885	WP_042437051.1	WP_129425180.1
OG0001886	WP_042437068.1	WP_129425077.1
OG0001887	WP_052297729.1	WP_201738721.1
OG0001888	WP_052297730.1	WP_129423409.1
OG0001889	WP_052297732.1	WP_129423427.1
OG0001890	WP_052297733.1	WP_201738651.1
OG0001891	WP_052297734.1	WP_129423431.1
OG0001892	WP_052297740.1	WP_129423514.1
OG0001893	WP_052297741.1	WP_129423545.1
OG0001894	WP_052297744.1	WP_161566604.1
OG0001895	WP_052297748.1	WP_129423629.1
OG0001896	WP_052297751.1	WP_129423660.1
OG0001897	WP_052297752.1	WP_201738647.1
OG0001899	WP_052297767.1	WP_129423263.1
OG0001900	WP_052297771.1	WP_201738625.1
OG0001901	WP_052297772.1	WP_129423277.1
OG0001902	WP_052297786.1	WP_129424579.1
OG0001903	WP_052297790.1	WP_129423038.1
OG0001904	WP_052297792.1	WP_129423002.1
OG0001905	WP_052297793.1	WP_129422981.1
OG0001906	WP_052297797.1	WP_129422897.1
OG0001907	WP_052297802.1	WP_129422839.1
OG0001908	WP_052297810.1	WP_129424325.1
OG0001909	WP_052297812.1	WP_129425162.1
OG0001910	WP_052297830.1	WP_201738677.1
OG0001911	WP_052297842.1	WP_129423149.1
OG0001912	WP_052297843.1	WP_129425385.1
OG0001913	WP_052297850.1	WP_236648282.1
OG0001914	WP_052297851.1	WP_236648331.1
OG0001915	WP_052297853.1	WP_129425131.1
OG0001916	WP_052297859.1	WP_129424600.1
OG0001917	WP_052297860.1	WP_129425363.1
OG0001918	WP_052297869.1	WP_129425303.1
OG0001919	WP_052297872.1	WP_129424815.1
OG0001920	WP_052297882.1	WP_161566664.1
OG0001921	WP_052297896.1	WP_227156057.1
OG0001922	WP_052297917.1	WP_129425271.1
OG0001923	WP_052297918.1	WP_129425289.1
OG0001924	WP_052297920.1	WP_201738771.1
OG0001925	WP_052297921.1	WP_129423590.1
OG0001926	WP_052297926.1	WP_129425528.1
OG0001927	WP_052297928.1	WP_161566600.1
OG0001928	WP_052297930.1	WP_129425514.1
OG0001929	WP_052297931.1	WP_161566693.1
OG0001930	WP_052297938.1	WP_129423836.1
OG0001931	WP_052297941.1	WP_129423789.1
OG0001932	WP_081468845.1	WP_129423713.1
OG0001933	WP_081468849.1	WP_114620627.1
OG0001934	WP_081468854.1	WP_201738657.1
OG0001935	WP_081468859.1	WP_129423572.1
OG0001936	WP_081468864.1	WP_201738669.1
OG0001937	WP_081468870.1	WP_129423373.1
OG0001938	WP_081468873.1	WP_129423309.1
OG0001939	WP_081468875.1	WP_129423296.1
OG0001940	WP_081468881.1	WP_129423258.1
OG0001941	WP_081468883.1	WP_201738626.1
OG0001942	WP_081468939.1	WP_129424448.1
OG0001943	WP_081468943.1	WP_236648276.1
OG0001944	WP_081468950.1	WP_129424088.1
OG0001946	WP_081468995.1	WP_161566667.1
OG0001947	WP_081469006.1	WP_129424687.1
OG0001948	WP_114620913.1	WP_129425283.1
OG0001949	WP_129583900.1	WP_152596111.1
OG0001950	WP_148514753.1	WP_201738578.1
OG0001951	WP_148514755.1	WP_129422821.1
OG0001952	WP_148514763.1	WP_129424094.1
OG0001953	WP_148514771.1	WP_129425800.1
OG0001954	WP_148514776.1	WP_129423543.1
OG0001955	WP_148514781.1	WP_129423329.1
OG0001956	WP_148514782.1	WP_161566593.1
OG0001957	WP_148514785.1	WP_129423244.1
OG0001958	WP_148514797.1	WP_129425878.1
OG0001959	WP_148514844.1	WP_129423892.1
OG0001960	WP_155815083.1	WP_161566597.1
OG0001961	WP_162096551.1	WP_129423648.1
OG0001962	WP_162096554.1	WP_129423168.1
OG0001963	WP_162096558.1	WP_129422858.1
OG0001964	WP_162096560.1	WP_129424119.1
OG0001965	WP_162096569.1	WP_129425381.1
OG0001966	WP_162096573.1	WP_129424945.1
OG0001967	WP_162096577.1	WP_129425025.1
OG0001968	WP_162096590.1	WP_161566673.1
OG0001969	WP_181859457.1	WP_201738667.1
OG0001970	WP_187364751.1	WP_201738758.1
OG0001971	WP_187364752.1	WP_129423627.1
OG0001972	WP_187364755.1	WP_201738602.1
OG0001973	WP_187364757.1	WP_201738822.1
OG0001974	WP_187364765.1	WP_201738790.1
OG0001975	WP_202898022.1	WP_129423485.1
OG0001976	WP_202898024.1	WP_201738663.1
OG0001977	WP_202898026.1	WP_129423635.1
OG0001978	WP_202898032.1	WP_201738873.1
OG0001979	WP_202898037.1	WP_201738628.1
OG0001980	WP_202898038.1	WP_129423256.1
OG0001981	WP_202898042.1	WP_129423209.1
OG0001982	WP_202898050.1	WP_201738781.1
OG0001983	WP_202898057.1	WP_129423049.1
OG0001984	WP_202898090.1	WP_129422832.1
OG0001985	WP_202898097.1	WP_201738712.1
OG0001986	WP_202898098.1	WP_129423967.1
OG0001987	WP_202898099.1	WP_129424432.1
OG0001988	WP_202898103.1	WP_129424342.1
OG0001989	WP_202898108.1	WP_201738700.1
OG0001990	WP_202898115.1	WP_201738694.1
OG0001991	WP_202898118.1	WP_236648263.1
OG0001992	WP_202898139.1	WP_129425105.1
OG0001993	WP_202898141.1	WP_201738753.1
OG0001994	WP_202898151.1	WP_201738874.1
OG0001995	WP_202898178.1	WP_201738678.1
OG0001996	WP_202898180.1	WP_201738675.1
OG0001997	WP_222859220.1	WP_201738698.1
OG0001998	WP_222859223.1	WP_129423425.1
OG0001999	WP_222859224.1	WP_129423584.1
OG0002000	WP_222859229.1	WP_201738782.1
OG0002001	WP_238318242.1	WP_236648241.1
OG0002002	WP_238318253.1	WP_075279308.1
OG0002003	WP_238318260.1	WP_117655970.1
OG0002004	WP_238318273.1	WP_236648275.1
OG0002005	WP_238318278.1	WP_129424060.1
OG0002006	WP_238318280.1	WP_236648266.1
OG0002007	WP_238318290.1	WP_161566567.1
OG0002008	WP_238318303.1	WP_129424789.1
OG0002009	WP_238318327.1	WP_236648260.1
OG0002010	WP_238318330.1	WP_201738676.1
